评论,打分,积极评价要素词汇_1,,,,,,,,,,,,
"?""??从上海自驾出发去莫干山，返程时无意发现了这个顺路的【新市古镇】，商业化程度不算太高，古镇原貌保留的比较多，还在开发当中。??新市古镇：4A景区??地址：湖州市德清县新市镇对峰浜 1 号新市古镇游客中心。??门票：景区及展馆免费！????我的游玩线路放在最后，可以参考。	??【景点特色】??古镇始建于公元 308 年，古称“仙潭”。这里保存了大量明清古建筑，白墙黑瓦，古色古香。西河口水街的古建筑尤为集中，漫步其中，仿佛穿越回了过去。????觉海寺院庄严肃穆，古桥梁如驾仙桥、会仙桥和望仙桥各具特色。??【美食推荐】??羊肉面：新市的羊肉面可是一绝！选用有名的湖羊制作，羊肉鲜香，没有异味。面条劲道，汤汁浓郁，吃一口就忘不了。????茶糕：传统小吃茶糕，软糯的外皮搭配鲜美的肉馅，口感丰富。??梅花糕：香甜可口，上面的小元宵和红枣增添了不少风味。??【拍照打卡点】??西河口：这里可以拍到古桥、流水和古建筑的完美组合，随便一拍都是大片。??古建筑小巷：穿梭在小巷中，感受岁月的痕迹，拍出文艺复古的照片。??【游玩建议】??建议游玩时长 1 - 3 小时。可以慢慢闲逛，欣赏古镇的风景，品尝美食。??有条件的话可以乘坐小船游览，从不同角度欣赏古镇的美。            """,9,"古镇原貌,商业化程度不高,童年的梦,4A景区,免费门票,明清古建筑,白墙黑瓦,古色古香,西河口水街,觉海寺院,古桥梁,羊肉面,湖羊,茶糕,梅花糕,拍照打卡点,西河口,古桥,流水,古建筑小巷,岁月痕迹,小船游览",,,,,,,,,,,,
"?? 古镇历史：一场“迁徙”引发的千年传奇	新市古镇的故事，要从一场“洪水”说起！西晋永嘉二年（公元308年），一场暴雨淹没了名为“陆市”的村落，百姓在陈廷肃的带领下，迁徙至一片水网密布、舟楫便利的“仙潭”之地，从此扎根繁衍，取名“新市”。这里的水路如同血脉，北宋时期已是商贾云集的“浙北小上海”，南宋时更因大运河的繁荣成为“江南明珠”。	趣味冷知识：古镇布局暗藏玄机！道教大师陆修静曾在此隐居，将镇子设计成“三潭、九井、十八块”的奇幻格局，对应道家“三生万物”“北斗七星”等理念，连桥名都藏着“青龙白虎”的守护神兽！	千年时光在这里凝固，每一块青砖都藏着英雄、侠客与先贤的故事。来新市，做一场关于江南的梦吧！??	?? ?? ?? ?? ?? ?? ?? ?? ?@专业号助手? ?@地图薯? ?@摄影薯? ?@生活薯? ?@走走薯? ?@小红书创作学院 creator academy? ?@薯管家? ?@城市情报官? ?@人文薯? ?@知识薯?",10,"古镇原貌,历史底蕴,水网密布,舟楫便利,浙北小上海,江南明珠,道教文化,三潭九井十八块,奇幻格局,道家理念,青砖,英雄,侠客,先贤,江南梦",,,,,,,,,,,,
[飞吻R][飞吻R]新市古镇有着“千年小上海、江南百老汇”的美誉，有一千多年的历史，曾是京杭大运河的重要码头之一，如今古镇没有了往日的喧嚣，只剩下本地原住民及熙熙攘攘的游客，烟火气十足。[萌萌哒R][种草R][种草R]【必玩线路推荐 】大运河诗路文化数字体验馆――资华筠舞蹈艺术馆――钟兆琳故居――新市文史馆――陆仙楼――沈铨故居童润夫纪念馆――刘王庙――民间艺术馆――江南蚕文化馆等[仙女R][仙女R] 2024年5月1日起，新市古镇景区旗下所有展馆永久免费开放！[玫瑰R][玫瑰R]整个古镇以水为脉络，十多座古桥将两岸连接，你可以找个临水的地方坐下来，点上一壶茶，真正体验一把江南的慢生活，也可以选择坐上手摇船，随着古镇的水道缓缓摇晃，别有一番滋味。??手摇船游船攻略 ??票价 : 平时30元，节假日50元（1.2米以下孩童半价）登船码头 : 游客中心码头、假日酒店码头游船时长 : 20分钟左右 游船线路 游客中心码头→万象桥→驾仙桥→会仙桥→永昌桥→假日酒店码头 可以租件古装游船，拍照瞬间出片????【当地美食】??[一R]玲阿娘梅花糕：深受央视青睐、多次被报道的当地特色小吃??[二R]新市茶糕：糯糯的白色外皮，包裹着大大的肉馅料??[三R]羊肉面（红汤）：一份面一碗羊肉+一杯黄酒，这可是标配。赶早，仙潭市场背后不起眼的店面，坐满了老食客。??[四R]鸭绞面（白汤）：一份面+各种鸭货套餐，推荐：黄毛鸭绞面??另外：汤包、粢饭团、烧麦也是新市特色小吃，清明节才能吃到的麦芽圆子、冬天才有的细沙羊尾，合适的季节里也不要错过了！[樱花R]【运河新天地：运河/汉服旅拍服务】华裳集汉服体验馆（南昌街131号）；轻裳春庭艺术体验馆（步云路70号）；【特色玩法】运河旅拍、古韵游船、浪漫夜游等，捕捉每一个优雅瞬间，定格这份古典之美！   ,9,"千年小上海,江南百老汇,京杭大运河,古镇原貌,烟火气,水为脉络,古桥,临水茶座,手摇船,慢生活,展馆免费,玲阿娘梅花糕,新市茶糕,羊肉面,鸭绞面,汤包,粢饭团,烧麦,麦芽圆子,细沙羊尾,汉服旅拍,运河旅拍,古韵游船,浪漫夜游,古典之美",,,,,,,,,,,,
"?? 姐妹们！我发现了一个宝藏旅行地！人少景美还免费，真的绝了！	?? 地点：浙江・新市古镇	?? 随手一拍就是大片！青石板路、小桥流水、白墙黛瓦，仿佛穿越到了千年前的江南水乡，又带着一丝京都的静谧与禅意~	? 推荐打卡点：1?? 觉海寺：千年古刹，香火鼎盛，祈福超灵验！2?? 西河口：坐乌篷船游河，感受水乡的温柔与浪漫~3?? 茶馆一条街：品一杯清茶，听一段评弹，慢生活从这里开始！	?? 美食推荐：1?? 新市茶糕：外皮软糯，内馅鲜香，一口下去超满足！2?? 羊肉面：汤汁浓郁，羊肉鲜嫩，冬天来一碗暖到心里！	?? 小贴士：1?? 建议避开节假日，人少更出片！2?? 古镇不大，半天就能逛完，适合周末短途游~	?? 快来评论区告诉我你的选择吧！或者分享你心中最爱的旅行地，一起交流旅行心得~	         ",1,,,,,,,,,,,,,
???周末大家都去哪儿玩～？带小孩 带老人 带萌宠??？不用出浙江！就在湖州 发现了一个没有商业化 只有阿爸阿 ，原汁原味的新市古镇民俗风情・都具像化起来啦！！每来一次都深深感受到浓厚的烟火气 不想走 想在这里长住～-不管是晴天还是下雨都别有一番感觉一路边吃边拍边享受慢悠悠的生活与我一起邂逅1700年历史的新市古镇在古运河上坐一会摇橹船在阶梯的石头上拍照??在一起看爷爷奶奶们编织小玩意在一起摸摸茶室门口慵懒的橘猫??-逛！新市展馆都是免费??的（主要集中在古镇）刘王庙戏台提记（建于南宋）蚕文化馆（清晚期建筑）觉海寺（唐元和十年815）新市文史馆（清晚期建筑）驾仙桥（德清东部水乡石拱桥代表作之一）-吃！逛古镇最少不了的就是吃吃喝喝1??沿河边有很多茶馆??点杯白茶 烘豆茶 莫干山黄芽2??玲阿娘梅花糕3??元松羊肉店4??真传茶糕5??仙潭老汤面馆-??地址：浙江省湖州市德清县新市镇对峰浜1号?开放时间：全天 （夜间灯光秀）展馆：8:30-16:30??门票：开放式景区 /景点永久免费??乌篷船：游船（30/人儿童15/人）电动船（80一条/4-5人）注意事项??：1.节假日人流量很大 不要走散2.展馆门槛多 走路需小心??3.游船注意安全 勿外扑有时间一起约上家人朋友一起走进烟火古镇 感受慢生活??                                                                   @生活薯 @走走薯,9,"古镇原貌,商业化水平不高,烟火气,慢生活,古运河,摇橹船,石头阶梯,编织小玩意,茶室橘猫,免费展馆,刘王庙戏台,蚕文化馆,觉海寺,新市文史馆,驾仙桥,吃喝玩乐,玲阿娘梅花糕,元松羊肉店,真传茶糕,仙潭老汤面馆,开放式景区,永久免费,乌篷船,夜间灯光秀",,,,,,,,,,,,
" 希望达到新旧交融古镇风貌与融汇古今业态共存的新模式，浙进性规划更新文化特色地标的新印象，多元主体参与下懂行疗愈的新生活三大设计愿暴，设计主题:以时光凸透镜为主题，以构建南泉古镇文化意象为脉络，营造慢行疗愈生活为主线,打造一个连接古今、穿越时空、居游共存的非典型古镇",8,"新旧交融,古镇风貌,古今业态,文化特色地标,多元主体参与,时光凸透镜,南泉古镇,文化意象,慢行疗愈生活,连接古今,穿越时空,居游共存",,,,,,,,,,,,
Hi，我是早安，欢迎来到江浙真.冷门旅行地的6??1??期～.“就把乌镇留给游客，把这里留给我们...”.“可能是江南水乡最后的隐藏副本”.??浙江.湖州.新市古镇.??节假日也完全没有游客的小众旅行地??乌镇30min、南浔1h、莫干山1h??无门票、低花费的轻度假好去处??我眼中唯二还活着的江南水乡.--世人皆道江南好，不远千里也要寻个水乡梦但对于在江南土生土长了几十年的我而言乌镇、南浔、西塘、周庄，这些顶着主角光环的古镇们，更像是为外乡人打造的大型游乐场，早就没了水乡的灵魂...那个太湖边、一推门就能看见河道的外婆家已经成了高楼大厦，只在童年的梦里.新市古镇，这些年唯二让我觉得恍惚间回到童年外婆家的地方。有多冷门呢？关于它的笔记差不多就六七个吧本是顺路来看看的，又是个大冬天没抱什么希望却被扑面而来的“江南”撞了个满怀.碧绿的河道如网，长长的绵延至远方，千年古刹与水街相依，通向狭窄却真实的弄堂，明清的石桥横跨在水上，串联起村民回家的路...旧旧的石板路和红灯笼，空落落的河边茶馆，没有人看守的小店，溪边浣衣的阿姨，屋檐下听戏的老人，安静的、简单的、自然的生活，像极了我想去，却永远回不去的地方.....如果说乌镇与南浔，是留给外乡人的江南梦那新市古镇，便是留给本地人的，记忆中的水乡~.一推门，好像看见了外婆年轻的模样….        ,9,"古镇原貌,商业水平不高,童年的梦,江南水乡,隐藏副本,无门票,低花费,轻度假,活着的水乡,碧绿的河道,千年古刹,水街,弄堂,明清的石桥,旧旧的石板路,红灯笼,河边茶馆,小店,溪边浣衣,屋檐下听戏,安静的生活,简单的生活,自然的生活,记忆中的水乡,外婆家",,,,,,,,,,,,
"杭州周边一日游第2??站：??湖州德清县	下了高铁站直奔新市古镇，坐了1个小时的车，结果什么都没有！去之前刷小红书吃的喝的逛的地方都好多，可以在那里待一天，去了之后发现啥啥啥都没有！还待一天？半小时我就绕到出口了！	??强烈建议：夏天别来，别来！尤其是J人，千万别来！一整个猝不及防，事先制定的旅程直接报废[失望R]	家人们，杭州周边还有哪里好玩啊[哭惹R]	       ",1,,,,,,,,,,,,,
我坦白了，杭州1小时达的四座湖州免费??古镇，承包了我大多数的周末时光??“在湖州看见美丽中国”，是湖州引以为傲的金口号。这座应太湖而兴的城市，私藏了很多国风美学教科书式的古村镇。??南浔，古园林。夏天yyds的体验是，在荷香扑鼻的小莲庄，赶赴如诗如画的荷花之约，下午在百间楼欣赏动人心魄的落日大片；??荻港，古民俗。老舍先生之子舒乙，称赞荻港是江南最好的小镇??。因为这真是一个乡土建筑博物馆，馀庆桥等三十多座形态各异的古石桥，礼耕堂等建造精良的古老宅院，演教寺门前宋代石狮，还有运河边仅存的百年茶馆；??新市，古民居。西河口是新市古民居的精华所在，临水而建的水街，靠街楼，石库门、古民居，河埠，无一不是古人的匠心之作；??双林，古石桥。双林的宣传语是“在双林看见另一半江南”，这里有江南绝无仅有的三座并排而建的石拱桥。>>>>>>>>>>>>>>>>>>>>??四座古镇定位：??南浔，定位“南浔古镇”，景区北门和南门都有停车场，停车位比较充裕；??荻港，定位“丝绸小镇荻港古村”，停游客中心，或农贸市场路边，停车免费；??新市，定位“仙潭市场”，然后停在仙潭路路边；??双林，定位“双林古镇停车场”，免费停>>>>>>>>>>>>>>>>>>>>>>>??必吃美食:????荻港推荐施家馄饨，一元茶馆，以鱼汤拌饭????新市推荐茶糕，鸭绞面，酥羊大面，梅花糕等????双林推荐虾鳝面，爆好吃！小镇几家咖啡店也很不错????南浔推荐浔蹄(蹄o)，双交面，定胜糕，熏豆茶等                            @生活薯 @人文薯 @日常薯 @走走薯 @城市情报官,9,"新市,古民居,水街,靠街楼,石库门,河埠,匠心之作,茶糕,鸭绞面,酥羊大面,梅花糕",,,,,,,,,,,,
"“你一句春不晚，我便到了真江南”但这次不挤乌镇周庄，我找到了藏在湖州的冷门千年古镇――新市古镇白墙黛瓦、青石板巷、梨花落水…这里才是原汁原味的江南烟火气	新市古镇始建于公元 308年，古称“仙潭”，光听名字就超级好听，曾是浙北地区大运河畔的重要商埠，素有“千年小上海”、“江南百老汇”的美誉??。	这里明清时期的老建筑特别多，白墙黑瓦，看着就让人心里头舒服，一股子古色古香的味道。	古镇不大，一两个小时就可以逛完，坐在河边，看摇橹船??缓缓驶过，感受微风拂面???的惬意，但也可以找个茶馆??或者咖啡厅??坐一下午。	??【交通攻略】??坐标：浙江湖州德清县新市镇?杭州/上海自驾1.5h直达?高铁至“湖州站”后打车40分钟??门票：0元！全天开放（部分景点单独收费）	?【必打卡体验】1?? 玲阿娘梅花糕・甜入心坎的手艺现烤梅花模具里铺满各种馅，咬开流心爆浆，甜党必冲！记得趁热吃，凉了外壳更韧～??Tips：节假日排队	2?? 企鹅咖啡・古镇里的文艺乌托邦双层老宅咖啡馆，阳光玻璃房+撸猫露台秒出片！点一杯“古镇特调”，搭配小蛋糕，看巷口阿婆摇扇而过，时光仿佛停滞。	“梨花落尽春又了，满地残阳，翠色和烟老”这个春天，总要去一次新市古镇吧！人少景美还免费，快收进你的江南清单～?	??评论区蹲蹲！你还知道哪些冷门宝藏古镇？        ",1,,,,,,,,,,,,,
"超开心和荣幸受到@NYLON尼龙 的邀约！！来德清新市古镇为@周洁琼 拍摄～跟着摄制组老师们一天奔波了好几个地方，洁琼宝宝的脸真的又精致又古典，在古镇场景中向我凝眸时，就像画一样～是非常开心的拍摄经历啦～ 成片出来也很喜欢????	     ",10,"古镇场景,精致,古典,凝眸,画一样,开心,拍摄经历",,,,,,,,,,,,
??：“你一句春不晚，我就到了真江南”总要来新市古镇感受一下白墙青瓦小桥流水吧和家人朋友逛一逛?尝一尝当地特色美食??仿佛真的能沉静下来体验这里的慢生活????-给大家推荐一下特色的美食小吃～??1??.先尝一尝糯叽叽的梅花饺?里面都是豆沙馅～本糯叽叽脑袋真的看到走不动道！！谁懂！2??.再体验特有的茶文化???一口熏豆茶一口甜茶?喝完还可以带一包锅糍回去泡着喝～3??.新市的茶糕也是出了名的好吃！！来了一定要试试?里面是超大颗的肉馅?糯叽叽的绝了4??.还有麦芽糖、麦芽塌饼、细沙羊尾等等特色美食都可以尝尝哦！-过年也是蛮推荐大家去新市古镇逛逛滴??年味满满 也和家人朋友感受一下慢节奏生活,1,,,,,,,,,,,,,
"“三街临两水，一镇越千年”新市古镇的烟火气，藏在清晨石板路的露珠里，隐于傍晚河面的粼粼波光中。这座始建于西晋的千年水乡，曾是京杭大运河上最大的水运码头，如今却低调得仿佛被时光遗忘。没有乌镇的喧闹，不似周庄的拥挤，唯有青瓦白墙与市井烟火，编织着一场原汁原味的江南旧梦。	?? 地址：浙江省湖州市德清县新市镇新市古镇	?? 交通：杭州自驾出发约1小时（推荐高铁至德清站→打车30分钟即达）	?? 门票：免票！免票！免票！2024年开始景区及所有展馆永久免票！	?? 游玩路线推荐：西河口水街（倒丫字古街，打卡驾仙桥、会仙桥）→?觉海寺（千年古刹，禅意摄影圣地）→?钟楼弄（80米深巷，羊肉面香气扑鼻）→?太平桥（宋代石桥，石狮镌刻岁月）	?? ?Tips：新市古镇每年清明有蚕花庙会，最热闹的时候~	?? ?周边串联玩法：新市古镇(上午，逛古街、品羊肉) →?德清下渚湖湿地(下午，观鸟、赏芦苇秘境) →?莫干山        ",1,,,,,,,,,,,,,
挂牌 Holiday Inn造景 Indigo1?? 在德清县新市古镇里面，毗邻京杭大运河，酒店侧门刷卡直通旁边新规划的古镇商业园区，商业园又直连古镇。一天兜兜转转是一个很不错的歇脚地儿。2??地库有新能源快慢充车位，不能很方便。3??钻卡今年过期了，入住不报指望随口提了一句：可不可以不要饮料券，送早。直接加了微信说帮申请。i 人难得厚脸皮成功“讨饭”；房型也升级到了最高楼层的河景房。4??酒店的从入户大堂到工区的造景的确不像假日，很有度假范儿。美中不足就是酒店内的大水池正在施工修复，看到的就是水泥大坑。  ,1,,,,,,,,,,,,,
     被小红薯骗过来，再也不来了！没有喝到想和的三道茶！！！ @德清文旅,3,,,,,,,,,,,,,
德清新市古镇两天一晚游玩攻略～  ,7,,,,,,,,,,,,,
"新市古镇位于浙江省德清县，距今已有数千年历史。千百年来居民临河而建，傍桥而市，形成典型的江南风情，作为浙北地区大运河侧的重要商埠，自古繁华，民风质朴，人才辈出，人文胜迹众多。依托“白墙灰瓦，小桥流水”的地方特色，我们从游客中心建筑结构中提取色彩与造型特点，使导视系统融于古镇环境，将新市的古韵以现代质朴的方式呈现，内敛简洁而又不失格调韵味，浑然天成，令人流连其间，无不能领略此地的清纯与从容。	项目名称：新市古镇游客中心项目地址：浙江省湖州市德清县服务内容：导视标识规划设计制作安装全案	盛和美设计??原创设计，转载请注明出处！	????????????????????????????",9,"古镇原貌,江南风情,白墙灰瓦,小桥流水,古韵,现代质朴,内敛简洁,格调韵味,清纯,从容",,,,,,,,,,,,
??交通攻略：1、 自驾：导航至“新市古镇”，周边有停车场，停车费用为3元/小时，距景区步行5分钟。2、 高铁：高铁到达德清站，再换乘公交或打车前往古镇。??门票：免费，但部分景点如钟兆林故居、蚕文化馆需要单独购票。?一日游必打卡线路：1、觉海禅寺：千年古刹，环境清幽，古树参天，是感受宁静氛围的好去处。2、西河口老街：古镇最具代表性的老街之一，保存了许多明清时期的古建筑，适合拍照打卡。3、太平桥：新市古镇的标志性建筑之一，造型古朴典雅，站在桥上可拍摄到古镇美景。??美食推荐：1、新市羊肉：当地特色美食，红烧做法，肉质鲜嫩，肥而不腻。2、茶糕：新市特有的传统糕点，外皮软糯有嚼劲，肉馅鲜美多汁。3、梅花糕：小巧玲珑的糕点，外皮酥脆，内馅软糯香甜。          ,8,"古镇原貌,商业水平不高,童年的梦,千年古刹,环境清幽,古树参天,宁静氛围,明清时期古建筑,拍照打卡,标志性建筑,造型古朴典雅,古镇美景,新市羊肉,红烧做法,肉质鲜嫩,肥而不腻,茶糕,外皮软糯,肉馅鲜美多汁,梅花糕,外皮酥脆,内馅软糯香甜",,,,,,,,,,,,
德清来的两位小姐姐很上镜呢    ,7,,,,,,,,,,,,,
" 希望达到新旧交融古镇风貌与融汇古今业态共存的新模式，浙进性规划更新文化特色地标的新印象，多元主体参与下懂行疗愈的新生活三大设计愿暴，设计主题:以时光凸透镜为主题，以构建南泉古镇文化意象为脉络，营造慢行疗愈生活为主线,打造一个连接古今、穿越时空、居游共存的非典型古镇",9,"新旧交融,古镇风貌,古今业态,文化特色地标,多元主体参与,时光凸透镜,南泉古镇文化意象,慢行疗愈生活,连接古今,穿越时空,居游共存",,,,,,,,,,,,
新市古镇位于湖州德清，距今已有数千年之久，建制历史就达1200多年，千百年来民居临河而建；傍桥而市，形成典型的江南风情。设计融合清丽婉约的古镇风貌、深邃的历史底蕴、古朴而浪漫的民俗风情。保留古镇底色、植入现代时尚文化，实现洁化、序化、艺术化。以延续文化历史，实现旧城复兴、水乡复兴。色彩提取自古镇、运河、建筑；结合高品质设计材料、现代化视觉，抒写古老之胜，水乡之美。?????????????????????,10,"古镇原貌,江南风情,清丽婉约,历史底蕴,古朴浪漫,民俗风情,现代时尚文化,洁化,序化,艺术化,色彩,高品质设计材料,现代化视觉,古老之胜,水乡之美",,,,,,,,,,,,
     被小红薯骗过来，再也不来了！没有喝到想和的三道茶！！！ @德清文旅,3,,,,,,,,,,,,,
"假期的最后一天扛起相机出门拍一拍我生活的古镇	",7,,,,,,,,,,,,,
"	[气球R]清明小假的第二天上午10点从湖州出发，驱车51分钟就抵达了湖州德清的新市古镇！但刚进城就傻眼了――街道两旁停满了车，停车场也车满为患。我们兜兜转转了20多分钟才找到一个路边的车位卡了进去……（??小贴士：错峰出行！节假日建议公共交通或早起！）	[种草R]不过，一踏入古镇的那一刻，所有的焦躁都烟消云散了！沿着石板路往河边走，瞬间穿越回了百年前的江南。首先打卡的是沈铨故居，这位清代花鸟画大师的故居就在明清直街上。面河的院子里一棵高大的香樟郁郁葱葱，白墙黛瓦间飘着若有若无的墨香，仿佛能听见笔尖与宣纸摩擦的沙沙声。	[星R]京杭运河穿镇而过，这里是江南七大古镇之一，始建于公元308年，古称“仙潭”。原住民的房屋临水而建，三街临河，傍桥而市，构成了典型的“小桥、流水、人家”的诗意江南，被誉为“千年小上海”。	[种草R]西河口明清古街更加热闹，颇有点丽江古城的味道。小河狭窄，木质阁楼密集。三步遇茶肆，五步见咖啡馆，还有小酒吧和歌厅。假日游人如织，在古旧的廊桥下围炉煮茶，竟有种奇异的时空交错感。	[樱花R]这么一个建制历史达1700多年的古镇，就在本市，我们却头一次来打卡，实在不应该啊！	????重点来了！本地人私藏美食清单：??玲阿娘梅花糕：梅花模子里翻出焦糖香，豆沙馅烫着嘴也要咬第二口??元松羊肉店：百年老灶炖的酥烂羊肉，配着劲道手工面连汤都喝光??仙潭老汤茶糕：揭开蒸笼那刻，糯米混着肉汁的蒸汽能香晕整条街?           ",9,"古镇原貌,商业水平不高,童年的梦,石板路,河边,沈铨故居,明清直街,香樟,白墙黛瓦,墨香,京杭运河,小桥,流水,人家,诗意江南,千年小上海,西河口明清古街,丽江古城,木质阁楼,廊桥,围炉煮茶,时空交错感,建制历史,玲阿娘梅花糕,元松羊肉店,仙潭老汤茶糕",,,,,,,,,,,,
"我在这个小众古镇拍到了“梨花院落溶溶月”！“忽如一夜春风来，千树万树梨花开。”前几日在苏州畅园看到梨花，就想找一个可以赏梨花的地方，于是就刷到了湖州新市古镇的这棵百年梨花。满树梨白，绽放在古镇水乡，尤其夜幕降临，水面呈现出的拱桥倒影和雪白的梨花，让我深刻体会到了晏殊诗词里的“梨花院落溶溶月”，邂逅一场江南的春醪！??湖州德清新市古镇非常小众的古镇，周末也不会人挤人，很适合在河边围炉煮茶赏花??杭州自驾50min，游客中心有停车场??门票：0r??设备：大疆御3pro??拍摄时间：2025.3.22??后期：剪映* ??我是@jamie-酱，带你瞰见不同的美景* Welcome?to?my?channel??* This is Jamie―a?travel?photographer* Welcome to follow me take you into the China captured by my lens, as we explore more of its breathtaking scenery and enchanting stories together!       @生活薯 @热点薯 @薯队长 @本地薯 @小红书创作助手",1,,,,,,,,,,,,,
青砖古巷，小桥流水，摇橹船飘然而过，一摇一曳，穿过小桥，路过人家。在这段摇橹之旅中，你会安享一份宁静，体会慢生活的闲暇与舒适。     ,10,"青砖古巷,小桥流水,摇橹船,宁静,慢生活,闲暇,舒适",,,,,,,,,,,,
从庙宇、祠堂到宅院民居，新市古镇的古建，大多是明清之后了，构造上都没有出现【斗拱】这样的出檐传力构件，转而采用更直接的檩条出挑。很像之前在江西一些地区晚期古建出现的做法。屋顶的戗角也多见嫩戗，构造很清楚。总体给人一种务实高效少装饰的感觉。  ,7,,,,,,,,,,,,,
-??春日暖阳倾洒，微风轻拂面庞，我随单位春游队伍，来到素有"小上海"之称的新市古镇?。这座枕着京杭运河的千年古镇，藏在杭嘉湖平原的德清县东部，有着独特的水乡风貌与深厚的文化底蕴。-??抵达古镇后，我们首先前往游客中心体验新市茶糕制作。这道传统点心工序颇为讲究：选用上等糯米经石磨碾成细粉，此为奠定软糯口感的关键；馅料以瘦肉为主，用纯酱油等调料精心腌制。经过搓粉、筛粉、压实、分切等多道工序，再入笼屉蒸制。出锅的茶糕糯而不黏，咸香猪肉中泛着微甜，令人回味无穷??！-??品尝完当地特色午餐，我们漫步古镇街巷。这里规模小巧，商业气息淡薄，旧时风貌保存完好，仿佛时光都放慢了脚步?。青石板路蜿蜒向前，流水潺潺与居民笑语交织，远离都市喧嚣，满是宁静惬意～明清至民国初年的临水民居错落有致，处处流淌着江南水乡的温婉韵味??。-??古镇虽小，却人才辈出，故居与展馆散落其间。其中最负盛名的当属钟兆琳故居与沈铨故居。踏入钟兆琳故居，意外发现此处还是九三学社浙江省传统教育基地――作为"中国电机之父"，钟兆琳先生不仅是九三前辈，更曾执教钱学森和江泽民，享有"天才教师"的美誉??！-??遗憾的是，因时间仓促，我未能寻得沈铨故居。通过资料得知，这位清代工笔花鸟大家、宫廷画师曾东渡日本，获"舶来画家第一"之誉。其严谨写实、赋色浓艳的画风，深刻影响了日本江户时代艺术，期待下次能深入了解他的艺术世界。-??所幸千年古刹觉海禅寺终被寻得。相传东晋至清末，新市寺庙数量冠绝江南同类古镇，曾建有30余座庵堂。历经岁月更迭，多数古寺湮灭，而唐代始建的觉海禅寺至今屹立。步入寺内，肃穆之气扑面而来：大雄宝殿巍峨壮观，殿前"七宝池"神奇非常，据说终年雨不满、旱不涸；池上"接凡桥"的雌雄石狮憨态可掬～周边部分建筑正在修缮，更添几分期待??！-??返程途中，我拎着亲手制作的茶糕，翻看相机里的照片：雕花窗棂透着烟火气，钟兆琳故居的泛黄旧影，觉海禅寺檐角轻晃的铜铃……新市古镇恰似一本未读完的旧书??，藏着沈铨故居的未解之谜、运河商船的古老传说。待下次造访，定要循着地图探访画楼，看工笔花鸟在宣纸上灵动生辉；再于廊棚下闲坐，啜一口碧绿茶汤，听老人们讲述运河浪花里的往事～-       ,9,"春日暖阳,微风,新市古镇,小上海,京杭运河,水乡风貌,文化底蕴,茶糕制作,上等糯米,石磨,瘦肉,酱油,调料,糯而不黏,咸香,微甜,回味无穷,特色午餐,街巷,规模小巧,商业气息淡薄,旧时风貌,青石板路,流水,居民笑语,宁静惬意,明清至民国初年,临水民居,江南水乡,温婉韵味,人才辈出,钟兆琳故居,沈铨故居,九三学社,中国电机之父,天才教师,钱学森,江泽民,工笔花鸟,宫廷画师,舶来画家第一,日本江户时代,觉海禅寺,千年古刹,东晋,清末,庵堂,唐代始建,大雄宝殿,七宝池,雨不满,旱不涸,接凡桥,雌雄石狮,修缮,雕花窗棂,烟火气,泛黄旧影,檐角铜铃,未解之谜,运河商船,古老传说,画楼,工笔花鸟,廊棚,碧绿茶汤,往事",,,,,,,,,,,,
这个古镇不一般，换个角度认识它     @新市古镇景区 @浙江文旅 @美丽浙江 @德清文旅,8,"古镇原貌,商业水平不高,童年的梦",,,,,,,,,,,,
?莫干山被称为 “全球最值得去的 45 个地方之一”，还是 4A 级景区，山青水秀，超值得一来??。这次小编整理了莫干山 12 个景点和美食攻略，快喊上小伙伴们一起收下吧！-??【游玩类型】?两天一夜Day1：??莫干山风景区 -??庾村Day2：??十八道湾漂流 -??新市古镇?三天两夜Day1：??义远有机农场 -??下渚湖湿地公园Day2：??莫干山风景区 -??庾村Day3：??鱼鳞坝 - 漂流 /??碧坞龙潭-?【交通】???杭州 - 莫干山 1.5h???上海 - 莫干山 2.5h???南京 - 莫干山 3h?-??【景点】?????莫干山风景区：自然风光与历史人文兼具，冬季雾凇、剑池飞瀑等景观超迷人????庾村：充满文艺气息的民国小镇，拍照超有氛围感????碧坞龙潭：小众亲子爬山好去处，竹海、潭水超治愈????新市古镇：千年古镇，古韵悠悠，历史韵味十足????下渚湖湿地公园：乘船赏湿地景观，观珍稀鸟类????上渚山奇幻谷：融合自然与游乐设施，项目丰富????裸心堡：充满欧式风情，拍照超上镜-?【注意事项】??1. ??四、五、六月可能受梅雨季影响，部分时段有雷暴雨。出行前一定要查看天气预报?，选晴天多云出行，不然下雨?会错过很多美景?2. ??建议自驾，莫干山景点分散，公共交通不太方便?3. ??来莫干山少不了玩水，记得带上泳衣???4. ??景区内蚊虫多，要带驱蚊水和花露水???5. ??住宿有条件一定要选莫干山山景房??，绝美风光尽收眼底-??【住宿】?????莫干山民宿：别墅多为现代简约 + 野奢风格，全落地窗、大理石地面，配置豪华。在这里能轻松体验莫干山文化?、当地人别墅生活??，享受当地特色高端饮食-??【美食】????4.0金鱼妈妈 山野?食趣 (庾村店)????4.6莫干兰庭餐厅?民国小院 (庾村店)????4.8浙里餐厅 (庾村店)??来?莫干餐厅 (庾村店)：农家砂锅土鸡煲，肉汁笋干，特色鱼煲-             ,8,"新市古镇,千年,古韵悠悠,历史韵味",,,,,,,,,,,,
"在去苏州的路上，路过新市古镇。刚抵达古镇便被玲阿娘的梅花糕俘获，这是多次被央视报道的当地特色小吃，6块钱一份，滚烫甜腻的豆沙馅最让人惊艳。	一千多年的古镇有着“千年小上海，江南百老汇”的美称，这里也曾是京杭大运河的重要码头，十座古桥连接古镇街巷，往日的繁华喧嚣，今日的市井烟火气，一方水土养一方人。	傍晚时分，古镇沿河开启了“灯红酒绿”的围炉煮茶模式，饥肠辘辘的我们正好去吃一碗大名鼎鼎的新市古镇羊肉面。这里的羊肉面，浇头和面是分开的，面条有点半生，但并不影响汤汁挂在上面，羊肉炖得快要化掉了，里面有羊肉皮，入口即化，汤汁里的酱香味很浓郁，偏咸，适合拌面吃。	吃完面出来天色已晚，沿着河边散步回停车场，又走了一遍古桥和小巷，灯火阑珊，一天的时光在寂静中结束，平凡的生活大致如此吧。 ",1,,,,,,,,,,,,,
"浙江小瑞士｜德清一日游详细版攻略??? 路线：德清城区??庾村（莫干山美术馆、庾街艺术公社、庾村广场）??格里恩咖啡??新市古镇??详细攻略：??1??三合鲜面馆12:00到达1.河虾面：招牌特色面??32r/河虾很新鲜，面差点劲道，汤还不不戳很鲜2.猪肝面：猪肝爱好者必点/但是小失望，没有特别好吃?? 2??庾村13:30到达1.建议把车停在瘐村美术馆附近，可以边走边逛（里面停车场???一小时10元好像，但是开进去还是得出来玩，听外边可以从外往里玩）?? 3??????庾村天文馆：可以向陨石许愿哦！可以参观很多陨石碎片??有点宇宙探索编辑部那味??和宇宙握握手向流星??许许愿??4??莫干山美术馆：最近闭馆??5??瘐街艺术公社：可以逛逛，有漫画展、咖啡店、私人工作室但很多店还在装修哦??6??庾村广场：可以喂鸽子???/对标南京音乐台（但是鸽子不会来吃手上的玉米粒哦）没有音乐台鸽子多??推荐一下“于村首家沈字正宗老烧饼”：一定要吃现做的而且可以加点辣哦更美味???? 7????格里恩咖啡???从庾村驾车??15分钟左右“瑞士”平替版：??矿山、瀑布、草地、红房子??门票：68元/人（含一杯饮品）味道一般哦??票根里面有种子可以发芽哦????8??新市古镇（没时间可以不去）?从庾村驾车??30分钟左右1.古镇是免费开放/进文化馆需要购票，八馆联票40/人，沈铨故居、刘王庙、民间艺术馆、蚕文化馆等2.比较热闹的茶馆集中在西河口街区,满街都是围炉煮茶/夜幕降临，华灯初上会比较漂亮??3.对标绍兴、乌镇：人气差一些，店铺少同质化严重??晚餐9??周边吃了一家红灯笼烤鱼川菜馆量超级大：大盘鸡是我见过最大的大盘鸡，但是土豆不够软糯?? ???  ???  ???  ???  ???  ??   ",1,,,,,,,,,,,,,
"绿影覆幽池，芳菲四月时在这春暖花开的日子里我来到了嘉兴濮院这里不仅有着小桥流水、白墙黛瓦还有着紫藤花、樱花各种浪漫真的满足了我对江南春天的所有幻想.??地点：浙江嘉兴桐乡市濮院时尚古镇??高铁：嘉兴站、桐乡站，出站打车半小时抵达??自驾：导航濮院时尚古镇景区停车场，江浙沪1.5h直达.??推荐打卡1??百丈连廊游客中心沿着河边走一段，就会看到紫藤花犹如瀑布一般爬满了长廊，空气中也飘散着淡淡的香味非常好闻2??淑芳禅院宋风禅意园林，人站在桥上很出片，水面定时会有雾气喷出非常仙3??福善寺实木建筑的寺庙，寺里面的福善塔可乘电梯登顶，视野非常的棒4??听雨屋晴天也能感受雨天的氛围，水珠从屋檐落到水中，滴答滴答滴答5??三花喵喵屋门口就能看见巨大的猫猫破窗而出，按住墙上的猫爪子就会睁开眼睛，非常可爱6??濮商会馆可以了解当地濮商的历史，里面有各种钱币金光闪闪.??拍照tips??日出日落时分光线最为柔和??古镇很适合穿时尚和新中式服装，再撑把油纸伞怎么拍都好看??日落后蓝调时刻加上建筑亮灯非常漂亮	             ",1,,,,,,,,,,,,,
湖州真是一个低调的宝藏小城我竟然找到了1700年的水乡古镇―新市古镇这里河道纵横发达 几十座古桥联通两岸自有一场江南水乡的韵味尽管没有西塘乌镇知名却也算得上是水乡里的沧海遗珠加上免费不需要门票 值得来玩一玩.如果想要好好品味古镇建议这么玩先步行半小时逛遍古镇再找个河边的茶室与朋友喝茶聊天赏景放空是去班味的绝佳方式古镇通常挤满了外地游客但我发现这里有不少当地人喝茶聚会整个氛围带着些许闲散轻松有情侣坐在河畔约会也有老人孩子一大家人畅聊谈天比起商业化的喧嚣我更喜欢这似有似无的生活味.??地点：浙江湖州市德清县仙潭路54号??门票：免费（部分馆参观需门票）??交通：自驾.     ,9,"低调,宝藏小城,1700年,水乡古镇,新市古镇,河道纵横,古桥,江南水乡,韵味,沧海遗珠,免费,不需要门票,步行,茶室,喝茶,聊天,赏景,放空,外地游客,当地人,闲散,轻松,情侣约会,老人孩子,畅聊谈天,生活味",,,,,,,,,,,,
"新市古镇，没有乌镇的名气，但有着江南古镇所有该有的样子。河道、小吃、咖啡馆、茶楼、寺庙。整个古镇并不大（古镇地图见p11），慢悠悠逛下来也就1-2个小时。古镇的商业和景点都是沿河建的，所以打开地图App沿着河看心情走就可以，不需要做太多攻略。天气好的时候，也可以随意选一家茶馆，找个沿河的位置坐一坐，喝杯茶聊聊天（p4）。因为元旦放假的关系，人气还不错，不知道平时周末人会不会更少一点。店家们都很nice，从街边小商铺的老板，到品牌餐厅里的老板娘，大家看起来都和和气气的。	[向右R] 交通杭州自驾大约1小时，地图导航到“新市古镇游客中心停车场”。	[向右R] 餐饮本来想去吃“元松羊肉”的，结果走错一个巷子，吃了路口看起来挺大的“张一品食府”（p5-p10），味道也还不错。羊肉面（p5）是传统南方的红烧做法，略带一点甜口，羊肉很大块，炖的非常软烂。羊血汤（p6）第一口会觉得有一点膻，但后面就还好，冬天喝下去非常暖身。除此之外店里还有很多其他口味的面和炒菜，p8拍了部分菜单。古镇的特色小吃是茶糕、梅花糕，街边很多小店都有，糯米口感带夹心，一般是豆沙馅儿，茶糕还有肉馅儿的。	看腻了杭州的人山人海，又不想在知名古镇人挤人，如果你只是想在周末找个慢生活的小地方放空，可以试试这里。	          ",8,"古镇原貌,商业水平不高,童年的梦,河道,小吃,咖啡馆,茶楼,寺庙,店家nice,人气不错,羊肉面,羊血汤,茶糕,梅花糕,慢生活,放空",,,,,,,,,,,,
湖州德清新市古镇         ,,,,,,,,,,,,,,
"新市古镇一日游攻略???? 地理位置：新市古镇位于浙江省湖州市德清县，是一座拥有1700多年建制历史的古镇。	?? 历史背景：古镇历史悠久，曾是浙北地区大运河侧的重要商埠，民风质朴，人才辈出。从南朝的陆修静到近代的赵紫宸、王嘉仑，这里留下了丰富的人文胜迹。	??? 必游景点：1. 明清宅居群 - 漫步在古色古香的明清建筑中，感受历史的沉淀。2. 觉海寺院 - 探索这座千年古刹，体验宁静与祥和。3. 古桥梁 - 跨越一座座古桥，欣赏江南水乡的独特风情。	??? 美食推荐：- 张一品羊肉 - 秋季必尝的美味，搭配黄酒，享受地道的江南风味。- 茶糕 - 早晨的古镇，茶糕的香气四溢，是不可错过的早餐选择。- 梅花糕 - 江南特色小吃，甜而不腻，适合悠闲的午后时光。	???♂? 游览路线：- 沿着河道漫步，从通仙桥到太平桥，走过11座桥，感受水乡的宁静。- 探访沈铨故居，了解这位花鸟大画家的艺术生涯。- 参观江南刺绣馆，欣赏精美的刺绣艺术。	?? 拍照打卡点：- 望仙桥 - 被绿叶覆盖的小桥，古趣盎然。- 江南刺绣馆外墙 - 黑白对比，与倒影相映成趣。- 觉海禅寺 - 清明蚕花节时，这里热闹非凡。	?? 交通指南：- 自驾：导航至新市古镇停车场，或停在周围的马路停车位。- 公共交通：乘坐高铁至德清站，转乘202路公交车直达新市车站，步行至景区。	?? 小贴士：- 古镇景区免费，但部分景点需购买门票。- 推荐晴天游览，光影效果更佳。- 若时间充裕，可结合莫干山等周边景点一同游玩。??         ",9,"古镇原貌,历史沉淀,古色古香,民风质朴,人才辈出,人文胜迹,明清建筑,千年古刹,宁静祥和,江南水乡,独特风情,地道美食,张一品羊肉,茶糕,梅花糕,甜而不腻,河道漫步,古桥风光,沈铨故居,花鸟画家,江南刺绣,精美艺术,望仙桥,古趣盎然,黑白对比,倒影成趣,清明蚕花节,热闹非凡,免费景区,晴天光影",,,,,,,,,,,,
湖州新市古镇，历史底蕴深厚，老街区原汁原味，保护得体，很值得一游！,10,"历史底蕴,老街区原汁原味,保护得体",,,,,,,,,,,,
非遗传承人老师的手工作品，呆了一上午,7,,,,,,,,,,,,,
一方小窗锁住江南慢生活，慢，是的德清新市古镇被偏爱的原因。,9,"小窗,江南慢生活,慢,德清新市古镇,偏爱",,,,,,,,,,,,
熬夜整理的莫干山必打卡景点攻略要去旅游的宝宝们码住，记得收藏哦?・?????【莫干山9大必打卡点】：――??莫干山风景区冬季来莫干山打卡雾松奇景??，剑池飞瀑凝结成冰，简直绝美，这里还有很多景点都值得打卡・??碧坞龙潭小众景区??，适合亲子爬山，坡度不高，到顶半小时。山顶的玻璃观景台上可以看到漫山竹海，景区有清澈的潭水潺潺的小溪，满目青绿・??天机森谷山野探险乐园??，游玩的项目超多的，新西兰滑板车  天际探险塔、空中飞人、七彩滑道都特别好玩・??上渚山奇幻谷莫奈儿花园 + 探险乐园，融合了自然风光和现代游乐设施??，有魔幻迷宫、户外探险基地等・??下渚湖湿地公园湖水清澈，港汊交错，是朱q的栖息地。乘船游览???♂，能欣赏到丰富的湿地景观和珍稀鸟类・??瘐村文化市集充满文艺气息的小镇??，民国风情与秋日梧桐落叶交织，漫步其间，每一步都踏着浪漫的节奏・?仙潭村仙潭村以仙人洞与龙潭得名，有许多值得打卡的景点：仙潭田园乐园、龙潭步道、仙潭美术馆??、无相禅寺・??新市古镇新市古镇有着“千年小上海、江南百老汇”的美誉，有一千多年的历史??，曾是京杭大运河的重要码头之一・?长颈鹿庄园360度全景敞开式超大落地窗的长劲鹿自助餐厅，拍照尊嘟太出片啦?? - 这里玩乐项目也很多有竹林滑索很刺激好玩??还有萌宠岛，超大的乌龟，巨可爱的小猴子??，懒洋洋的浣熊很适合带小朋友一起来玩～・?????【莫干山两天一夜行程参考】：――?DAY1：集合出发―天际森谷―项目畅玩??―特色午餐??―草坪运动会??―露营烧烤??/围炉煮茶??―篝火晚会??・?DAY2：早餐??―上渚山奇幻谷??―特色午餐??―仙潭村?―时令采摘??―返程??・宝子们，快来莫干山开启一场精彩绝伦的旅行吧??让我们一起在这留下难忘的回忆??-         ,9,"新市古镇,千年小上海,江南百老汇,京杭大运河,重要码头,历史,文化",,,,,,,,,,,,
-??春日暖阳倾洒，微风轻拂面庞，我随单位春游队伍，来到素有"小上海"之称的新市古镇?。这座枕着京杭运河的千年古镇，藏在杭嘉湖平原的德清县东部，有着独特的水乡风貌与深厚的文化底蕴。-??抵达古镇后，我们首先前往游客中心体验新市茶糕制作。这道传统点心工序颇为讲究：选用上等糯米经石磨碾成细粉，此为奠定软糯口感的关键；馅料以瘦肉为主，用纯酱油等调料精心腌制。经过搓粉、筛粉、压实、分切等多道工序，再入笼屉蒸制。出锅的茶糕糯而不黏，咸香猪肉中泛着微甜，令人回味无穷??！-??品尝完当地特色午餐，我们漫步古镇街巷。这里规模小巧，商业气息淡薄，旧时风貌保存完好，仿佛时光都放慢了脚步?。青石板路蜿蜒向前，流水潺潺与居民笑语交织，远离都市喧嚣，满是宁静惬意～明清至民国初年的临水民居错落有致，处处流淌着江南水乡的温婉韵味??。-??古镇虽小，却人才辈出，故居与展馆散落其间。其中最负盛名的当属钟兆琳故居与沈铨故居。踏入钟兆琳故居，意外发现此处还是九三学社浙江省传统教育基地――作为"中国电机之父"，钟兆琳先生不仅是九三前辈，更曾执教钱学森和江泽民，享有"天才教师"的美誉??！-??遗憾的是，因时间仓促，我未能寻得沈铨故居。通过资料得知，这位清代工笔花鸟大家、宫廷画师曾东渡日本，获"舶来画家第一"之誉。其严谨写实、赋色浓艳的画风，深刻影响了日本江户时代艺术，期待下次能深入了解他的艺术世界。-??所幸千年古刹觉海禅寺终被寻得。相传东晋至清末，新市寺庙数量冠绝江南同类古镇，曾建有30余座庵堂。历经岁月更迭，多数古寺湮灭，而唐代始建的觉海禅寺至今屹立。步入寺内，肃穆之气扑面而来：大雄宝殿巍峨壮观，殿前"七宝池"神奇非常，据说终年雨不满、旱不涸；池上"接凡桥"的雌雄石狮憨态可掬～周边部分建筑正在修缮，更添几分期待??！-??返程途中，我拎着亲手制作的茶糕，翻看相机里的照片：雕花窗棂透着烟火气，钟兆琳故居的泛黄旧影，觉海禅寺檐角轻晃的铜铃……新市古镇恰似一本未读完的旧书??，藏着沈铨故居的未解之谜、运河商船的古老传说。待下次造访，定要循着地图探访画楼，看工笔花鸟在宣纸上灵动生辉；再于廊棚下闲坐，啜一口碧绿茶汤，听老人们讲述运河浪花里的往事～-       ,1,,,,,,,,,,,,,
"Hi大家好！我是Jason上海新场古镇真的太好逛啦！一踏入古镇，悠悠的江南水乡气息扑面而来这里既有烟火气息的商业老街又有文艺小众的古镇风情从街头到巷尾，步步皆是美味诱惑古宅、古院、古桥、青石板路…江南水乡氛围感拉满攻略图见??图17、18带上攻略，赶紧出发吧	??【打卡攻略】?古镇小吃、美食主要集中在??牌楼西路以北（图18，打卡点1），游客较多?古镇人文景点主要集中在??牌楼西路以南（图18，打卡点2、3），游客较少，适合拍照?特色美食：下沙笋肉烧卖、王记海棠糕、鸡汤豆腐花、草头塌饼、臭豆腐、汤圆…?必打卡点：三世二品坊、Diyi楼茶园、洪福桥、千秋桥、新场历史文化陈列馆（周一闭馆）、南山寺、康家宅、沿河长廊（烟雨长廊）、新场水桥?特色地点：1??一期一会书吧：临河咖啡馆，拍ins风窗景2??四库书房：淘伴手礼、拍新中式风3??竹编坊：买小众纪念品、看手艺表演4??江南Diyi楼茶园：体验老上海茶文化、拍复古风5??奚家厅药斑布坊：DIY体验、感受非遗文化6??缶+文创空间：拍ins风、淘设计师小物7??康家班土布馆：定制复古服饰、拍怀旧风8??小半・有光杂货铺：淘治愈系小物、拍小清新	??【出行交通】??定位：上海浦东新区新场古镇??交通：导航到海泉街停车场（6R/H)??交通：地铁16号线至“新场站”下车，打车10分钟或乘公交628路直达古镇	??Tips??有疑问或希望我去哪里打卡，欢迎留言??关注、点赞，Jason带你去看更多魔都攻略          @本地薯 @走走薯",10,"江南水乡,烟火气息,商业老街,文艺小众,古镇风情,美味诱惑,古宅,古院,古桥,青石板路,氛围感,小吃,美食,人文景点,三世二品坊,Diyi楼茶园,洪福桥,千秋桥,新场历史文化陈列馆,南山寺,康家宅,沿河长廊,烟雨长廊,新场水桥,一期一会书吧,四库书房,竹编坊,江南Diyi楼茶园,奚家厅药斑布坊,缶+文创空间,康家班土布馆,小半・有光杂货铺",,,,,,,,,,,,
天气晚来秋。新市古镇新开的古装体验馆，189包含妆容妆发造型?拍摄三张精修二十张底片，非常实惠   ,8,"古镇,古装体验馆,妆容妆发造型,拍摄,实惠",,,,,,,,,,,,
"新市古镇是江南七大古镇之一??千百年来居民临河而建??傍桥而市??形成典型的江南风情??河岸的一砖一瓦都在讲述着历史的故事，河边的一枝一叶都摇曳着岁月温润的宁静。	[举手R]2024年8月1日起，新市古镇景区将开设常态化游船游玩项目。	?营业时间：10:00-20:00于新市游客中心码头与假日酒店码头间往返??登船码头：新市古镇游客中心码头、假日酒店码头[向右R]游船路线：1.游客中心码头――万象桥――驾仙桥――会仙桥――永昌桥――假日酒店码头（登船/或返航）2.假日酒店码头――永昌桥――会仙桥――驾仙桥――万象桥――游客中心码头（登船/或返航）[向右R]游船时长：15分钟-20分钟	[一R]乘船攻略第一招：着古装 真出片泛舟河上，若是单纯赏景，则略显寡淡。模仿古时的文人墨客，身着一身古风衣裳，带上拍照的玩伴，缓缓驶入古镇的河道，定格你与江南美景的瞬间??	[二R]乘船攻略第二招：看雨景 真江南雨天的新市古镇更有江南的韵味。油纸伞轻舞，摇橹船悠悠。“连雨不知春去，一晴方觉夏深。”??	[薯券R]乘船的套餐：【漫游手摇船】1.2米（含）以上及成人30元/人（日常票价/单程）50元/人（法定节假日票价）1.2米以下（儿童）15元/人（日常票价/单程）25元/人（法定节假日票价）【至尊电动船】80元/船（日常票价/半小时内）100元/船（单程/法定节假日票价）（至尊电动船：仅限4人乘坐）	      ",1,,,,,,,,,,,,,
今天的行程：新市古镇，这里还完整的保留着明清古宅的风貌，千百年来，这里的人临河而居，依然有着浓浓的烟火味。林家铺子是在这里拍摄的。钱学森的老师钟兆林、清代大画家沈铨、南宋时期的右丞相吴潜的故居都在这里。真是一座低调的千年古镇！,9,"古镇原貌,明清古宅风貌,临河而居,烟火味,林家铺子拍摄地,钱学森老师钟兆林,清代画家沈铨,南宋右丞相吴潜故居,低调,千年古镇",,,,,,,,,,,,
新市古镇位于湖州德清，距今已有数千年之久，建制历史就达1200多年，千百年来民居临河而建；傍桥而市，形成典型的江南风情。设计融合清丽婉约的古镇风貌、深邃的历史底蕴、古朴而浪漫的民俗风情。保留古镇底色、植入现代时尚文化，实现洁化、序化、艺术化。以延续文化历史，实现旧城复兴、水乡复兴。色彩提取自古镇、运河、建筑；结合高品质设计材料、现代化视觉，抒写古老之胜，水乡之美。?????????????????????,10,"古镇原貌,江南风情,清丽婉约,历史底蕴,古朴浪漫,民俗风情,现代时尚文化,洁化,序化,艺术化,色彩,高品质设计材料,现代化视觉,文化历史,旧城复兴,水乡复兴,古老之胜,水乡之美",,,,,,,,,,,,
街角飞奔而来的少年，你是否还记得  ,7,,,,,,,,,,,,,
新市古镇踏入古镇，时光悄然慢下了脚步。脚下，青石板路被岁月打磨得光滑，每一步都似与往昔温柔对话 。街边，木质楼阁错落有致，雕花木窗半掩，露出屋内几缕暖光。河畔，垂柳依依，细长的柳枝垂落在平静河面，泛起丝丝涟漪。古桥横跨两岸，连接着生活的琐碎与诗意。老人坐在桥头，悠闲地晒着太阳，脸上刻满了岁月的故事。在这里，没有车水马龙的喧嚣，只有鸟鸣、水流和邻里的寒暄。找一家临河茶馆，点一盏香茗，看茶叶在水中舒展、沉浮，任阳光洒在身上，满心都是慵懒与惬意。,10,"青石板路,木质楼阁,雕花木窗,暖光,河畔,垂柳,平静河面,古桥,老人,岁月的故事,鸟鸣,水流,邻里的寒暄,临河茶馆,香茗,阳光,慵懒,惬意",,,,,,,,,,,,
       工作日来的，人不多，4月江南天气太舒服嘞～就适合逛逛吃吃～新市古镇不大，全部走完也就五六千步[笑哭R]超适合逛逛吃吃的～这边的古镇生活气息比较浓郁，都是当地居民，商业气息没有那么浓郁。各种美食小吃比较有当地特色，雪饺、梅花糕、麦圆饼、定胜糕等等（见图）。雪饺是酥酥甜甜的，个人觉得比较甜，可以买盒装带走～玲阿娘梅花糕一定要尝一下，甜咸口都有，豆沙馅儿的我吃了两个[笑哭R]太好吃啦！不过注意刚出锅的很烫很烫！不要急着下口（别问我怎么知道的[捂脸R]…）。冬笋鲜肉的梅花糕是第一次看到，也很好吃，很香，甜咸下面都是脆脆的，豆沙感觉像是吃热的蛋卷冰激凌，老板娘说可以打包回去空气炸锅加热～（160度三分钟），好像说学生能打折噢（便宜一块钱），原价是肉的8块/个，豆沙6块/个。和老板开玩笑说自己是大学生，老板也给打折了，不过没好意思还是付了原价[害羞R]茶糕和米糕感觉很像，但是有肉馅儿的，对这种热乎乎糯叽叽的东西没有抵抗力！甜咸都可以尝下！可以打包邮寄～麦圆饼有原味、豆沙、核桃芝麻馅儿的（3.5-4.5/个），有点像煎青团的感觉，但是是冷的，感觉刚煎出来会更好吃～有盒装可以带给家人，也可以邮寄～基本上逛逛吃吃就饱了，很多东西没尝到，还有烧麦、萝卜丝饼、定胜糕因为到处都有就没买，基本上特色点心都可以打包或邮寄，我也打包了带给家人尝尝～,9,"工作日,人不多,4月,江南,天气舒服,逛逛吃吃,新市古镇,不大,五六千步,生活气息浓郁,当地居民,商业气息不浓,美食小吃,当地特色,雪饺,梅花糕,麦圆饼,定胜糕,玲阿娘,甜咸口,豆沙馅,冬笋鲜肉,香脆,甜咸,打折,学生,茶糕,米糕,肉馅儿,热乎糯叽,甜咸均可尝,打包邮寄,原味,豆沙,核桃芝麻,煎青团,盒装,家人,烧麦,萝卜丝饼,特色点心,打包,邮寄",,,,,,,,,,,,
古镇不大 游客很少 大部分都是本地人 周边是街道 随便溜溜还是不错的[自拍R]新的商业区在建 感觉不错 适合顺路休闲游[大笑R]   ,7,,,,,,,,,,,,,
"新市古镇―人家两岸柳阴边，出得门来便入船	下渚湖湿地公园―山气日夕佳，飞鸟相与还――??交通：上海自驾约2.5h，新市古镇距德清市区开车约40min――??行程DAY1. 上海自驾―下渚湖湿地公园―吉祥街DAY2. 百乐街早餐―新市古镇―返程――??下渚湖湿地公园(P1. P8-10)1??国家地理评为“最美湿地”，鸟岛上有国宝朱q。虽然冬天绿色少，但天气好，枯黄的芦苇和湛蓝天空的强烈对比还是很好看的。2??路线：游客中心―乐岛―鸟岛―蒹葭岛―游客中心3??门票75r(杭州公园年卡可以打折)船票40r	??新市古镇(P2-7)古镇free开放，比较热闹的茶馆集中在西河口街区。沿河很多茶馆，晒太阳喝茶超级舒服。新市茶糕|元松羊肉面|梅花糕|黄毛鸭绞面――??吉祥街?百乐街美食(P11-12)1??香酥鸡烧饼: 加了炸鸡豆腐的烧饼味道很不错。2??大台北: 招牌柠檬奶有点像加了茶的养乐多。3??哈乐园：老zihao糕饼铺，月饼味道不错。4??陈老伍炸鸡:新鲜出炉的炸鸡hin香，普通的好吃。5??三合鲜虾面：小黄鱼面料多，汤汁浓郁很鲜。――一定要选天气好的时候来玩，晒太阳喝茶坐船看风景放松心情，超级舒服！――        @薯队长",1,,,,,,,,,,,,,
趁着天气晴好，多出门走走。乌龙古道，感觉和宜兴的廿三湾差不多，都是沿着竹林盘旋拾级而上。这条徒步路线是一个环线，包括了乌龙古道、长兴八都糸仁魈豆园和八都粢杏长廊。现在不是观赏银杏的最佳时间，我想深秋肯定很美。顺路逛一圈新市古镇，古镇无需门票，保留了大量的明清建筑，目前还在开发扩建当中。这里有着一千多年历史，曾经是京杭大运河重要码头之一，有着“千年小上海，江南百老汇”的美誉。如今的古镇没了当初的繁华，却多了一份安静和惬意。房屋临水而建，每走几步就能看到围炉煮茶，非常有烟火气息。,1,,,,,,,,,,,,,
这个古镇不一般，换个角度认识它     @新市古镇景区 @浙江文旅 @美丽浙江 @德清文旅,7,,,,,,,,,,,,,
古镇里我泛舟下江南奈何江南入我心水波涟漪 荡漾一片       ,9,"古镇, 泛舟, 江南, 水波, 涟漪, 荡漾",,,,,,,,,,,,
"??风起紫藤帘，舟摇宋时烟???谁把云木裁作瀑，又把江南绣成诗??濮院的春??是廊桥一梦坠入《千里江山图》的褶皱白墙托起百年香樟??运河载着古寺与银杏的私语??走过雾森??潋滟处才知紫藤??不羡乌篷??春色偏宠寂寥～-??：嘉兴・濮院时尚古镇??：桐乡站，打车15分钟直达-??【8大封神打卡点】1??芳禅园：宋风雾森仙阁！站小桥拍水中倒影，汉服+油纸伞=《清平乐》剧照直出2??百丈长廊紫藤瀑：游客中心沿河走！4月顶流花海，低机位仰拍“被紫藤淹没”??3??福善寺：千年南宋银杏×春日樱花暴击！朱墙飞檐+落英，禅意感拉满4??北更楼：登顶俯瞰全景！白墙黛瓦+运河如带，一键get《只此青绿》视角??5??关王庙：水上关帝庙！拍夕阳剪影，红灯笼亮起时秒穿武侠片??6??濮商会馆：土豪必看！满墙金银钱币库房，了解古代“江浙财团”发家史??7??听雨屋：晴天看雨黑科技！白裙+透明伞，拍出“天青色等烟雨”破碎感???8??三花喵喵屋：撸猫党闭眼冲！按按钮唤醒“破窗猫猫”，尾巴挂巷子萌到心化??-??【暴走路线指南】游船码头??北更楼（全景开篇）??芳禅园（主C位！）??关王庙→濮商会馆??梅泾剧场（看非遗演出）??蜡烛街（夜景绝）??珍宝馆??翔云观??福善寺??寺湾街（夜游提灯）??福善塔（压轴灯光秀）-	                              ",10,"廊桥,《千里江山图》,白墙,香樟,运河,古寺,银杏,紫藤,乌篷,春色,寂寥,宋风,雾森,仙阁,汉服,油纸伞,清平乐,百丈长廊,紫藤瀑,花海,福善寺,南宋银杏,樱花,朱墙飞檐,禅意,北更楼,白墙黛瓦,只此青绿,关王庙,水上关帝庙,夕阳剪影,红灯笼,武侠片,濮商会馆,江浙财团,听雨屋,天青色等烟雨,三花喵喵屋,撸猫,破窗猫猫,尾巴挂巷子,游船码头,梅泾剧场,非遗演出,蜡烛街,夜景,珍宝馆,翔云观,提灯,福善塔,灯光秀",,,,,,,,,,,,
新市古镇和练市古镇相比，新市完胜。新市古镇规模更大，历史人文更为丰富，景区还在建设完善中，免费这点上性价比加分。羊肉面还不错，春天限定的甜麦圆子（塌饼)糯星人表示喜欢。,1,,,,,,,,,,,,,
今天去德清新市古镇体验了非遗手工茶糕的制作，新市茶糕是新市古镇的著名传统早点，历史悠久，选料考究，味道鲜美，在杭嘉湖水乡平原很有名气。   ,9,"非遗手工茶糕,新市茶糕,著名传统早点,历史悠久,选料考究,味道鲜美,杭嘉湖水乡平原",,,,,,,,,,,,
"德清的春天，是一株梨花点亮的新市古镇，是莫干山的光影竹韵。	     ",9,"春天,梨花,新市古镇,光影竹韵,莫干山",,,,,,,,,,,,
新市古镇的石板路会说话摇橹船推开碧波 白墙黑瓦倒退成诗转角的茶香 屋檐的风铃原来古人的浪漫 藏在一呼一吸间          ,10,"石板路,摇橹船,碧波,白墙黑瓦,茶香,风铃,古人的浪漫",,,,,,,,,,,,
兴趣能量站    ,7,,,,,,,,,,,,,
四月的乌镇是万万次的春和景明??一道水，一条桥，一支橹声木心笔下的枕水人家??在春日的西栅具象化了・清明五一没想好去哪儿玩的可以来乌镇西栅逛逛还有春日限定的好好生活节・以下是本J人去过6次乌镇总结的保姆级旅行攻略??春日版・??第一天?10:00-11:00??定升桥・蚕花仙子水上巡游摇橹船载着蚕花仙子，看完可以逛逛西栅大街・?11:00-12:00??龙形田・花田市集古镇大街背后藏着超大一片油菜花海??巨浪漫，还可以逛逛花田市集・?12:00-13:00??后街酒家穿过油菜花田，就到了后街酒家，现炒的野火饭超香・?13:00-14:30??乌村吃完饭在门口坐摆渡车去乌村，小火车、稻草人、树屋，一切都充满了童趣・?14:30-15:30??龙形田・花伴咖啡屋/早来春茶馆从乌村返回龙形田，在油菜花田间休息一下，吃个美美的下午茶・?15:30-16:30??桥里桥茶楼打卡网红机位，再从旁边的如意桥码头坐摇橹船前往灵水居码头・?16:30-17:30??灵水居逛逛乌镇最大的私家园林，门口还有春意读书会和戏剧表演・?17:30-19:30??灵水居蓝调时刻吃个暖锅夜酒作为晚饭，在容易钟情酒馆来一杯特调，最后逛逛春满夜集・??第二天?8:30-9:30??水上市集・早茶客来乌镇必体验的人间烟火・?9:30-10:00??草木染坊很出片的染坊，可以在这亲手做蓝印花布・?10:00-11:00??木心美术馆展出了木心先生的大部分手稿和绘画作品・??住宿景区内住宿很多，丰俭由人，喜欢现代化的????堤上度假酒店，奢华五星，体验很好，闭园后独享整个乌镇，还能免景区门票・              ,10,"春和景明,水,桥,橹声,枕水人家,春日,西栅,好好生活节,定升桥,蚕花仙子,摇橹船,龙形田,花田市集,油菜花海,后街酒家,野火饭,乌村,小火车,稻草人,树屋,童趣,花伴咖啡屋,早来春茶馆,桥里桥茶楼,灵水居,春意读书会,戏剧表演,蓝调时刻,暖锅夜酒,钟情酒馆,春满夜集,水上市集,早茶客,草木染坊,蓝印花布,木心美术馆,手稿,绘画作品,堤上度假酒店,奢华五星",,,,,,,,,,,,
又到了浙江人疯狂打年糕的季节了冬天老北京吃铜锅、东北有自己的铁锅炖，在湖州，那就是糯叽叽啦-?新市茶糕（图1）??新市古镇从清朝就有的中式糕点也是湖州人自己的早茶外面是糯叽叽，里面是咸香油润的肉馅在河岸小茶馆中，点上一叠，烟火气十足-?定胜糕（图2、3）??徐忠良定胜糕安吉土著老店，但糕点也有很多创新除了传统的流心桂花糕，麦香血糯米糕、爆浆酸奶紫米糕、蛋黄肉松翡翠条头糕、海盐芝士脆脆团…………都超好吃不建议多买，吃新鲜的才好吃-?梅花糕（图4）??各种小镇老店表面是糯糯的糯米浆，里面塞入红豆沙馅，再铺上满满的料，光看就又被馋到不行????黑芝麻和红豆为主料的蕞多新晋网红芋泥和紫薯馅更绝-?子孙糕（图5）??南浔双林镇有着子子孙孙步步高（糕）升之意扶墙安.利东风饭店???70年代的装修风格，小店虽破却很干净店家坚守着，想吃正宗的就去他家一定要早点去哦-??宝藏甜品&糕点铺????麦记牛奶公司??徐忠良传统定胜糕??玲阿姨梅花糕（新市古镇）??红丰早饭一.条.街酱油粢米饭，油条夹猪油膏，肉糕，连城烧麦，辣油馄饨这条路上基本上都有！         ,9,"古镇原貌,传统糕点,烟火气,新鲜好吃,老店,创新口味,糯叽叽,咸香油润,流心桂花糕,麦香血糯米糕,爆浆酸奶紫米糕,蛋黄肉松翡翠条头糕,海盐芝士脆脆团,梅花糕,芋泥和紫薯馅,子孙糕,步步高升,70年代装修风格,干净,正宗,宝藏甜品,早茶文化,酱油粢米饭,油条夹猪油膏,肉糕,连城烧麦,辣油馄饨",,,,,,,,,,,,
"如何立足文化根基，打造特色品牌，让游客流连忘返，是如今不少古镇，共同面临的重要课题??	中国有2800座已开发或者正在开发的古镇，但让人记住的不超过8座??	在古镇旅游的全新竞技场上，新开发的古镇怎样才能“长得不一样”?	??思考方向1.要保护好地方文化的独特性2.要不断推陈出新，注重价值挖掘	??具体思路1.首先是能出片??当下喜爱古镇游的年轻游客，普遍看重打卡体验，满足“晒圈”需求。2.其次是能体验??观古迹、入民俗、尝美食，“体验”已成为游客最为看重的内容之一。3.最后是能尝鲜???一场演唱会、一个电影展、一个新颖好玩的项目，甚至是一款时令美食，都可以成为游客说走就走去“尝鲜”的理由。	???????????@小红书创作助手??@小红书创作学院??@小红书成长笔记??@小红书REDesign",2800,"古镇原貌,独特性,推陈出新,价值挖掘,打卡体验,晒圈,观古迹,入民俗,尝美食,体验,演唱会,电影展,新颖项目,时令美食,尝鲜",,,,,,,,,,,,
"第27届新市蚕花庙会“春来新市轧蚕花 沾得一生好福气”为主题2025年4月4日―6日盛大开幕。	从精彩绝伦的蚕花姑娘表演到万人空巷的花轿大巡游，从蚕娘祈福礼到水上撒蚕花，每一处细节都弥漫着江南水乡的温婉与灵动     ",10,"蚕花姑娘表演,花轿大巡游,蚕娘祈福礼,水上撒蚕花,江南水乡,温婉,灵动",,,,,,,,,,,,
"当魔都高架堵到发红,杭州西湖挤到限流我在德清山涧泡冷泉??吃竹林走地鸡??在百年洋房前穿旗袍摇曳生姿最后钻进新市古镇吃羊肉面配黄酒这才叫真正的「偷得浮生三日闲」！??	――浙江德清3日――Day1：上海-杭州-安吉余村Day2：湖州-民国风情街-莫干山风景区Day3：杭州-新市古镇-返回上海	?必打卡景点??安吉余村被联合国世界旅游组织评为“世界最佳旅游乡村”。漫步于竹林幽径，山上的矿山遗址公园，村中还有老水泥厂改造的图书馆??农场咖啡厅等等都很适合休闲打卡。??莫干山是国家5A景区，享有“江南第一山”之美誉?芦花荡、清幽雅静的武陵村、荡气回肠的剑池飞瀑、清澈不竭的清泉、有“世界近代建筑博物馆”之称的别墅群……处处引人入胜。??新市古镇距今1700多年，水街相依。纵横的溪塘穿街傍市，溪上众桥飞跨，塘畔绿树成荫，河中舟楫不绝，尽显古老之胜，水乡之美。羊肉和茶糕是新市古镇的特色美食，享誉江南！	??住宿推荐??杭州鸬鸟希尔顿花园酒店位于大径山乡村国家公园度假区内，背靠绵延山峰，面朝波光粼粼的湖泊，揽苍翠秀丽美景。	??防坑tips：1??莫干山景交车末班17:00！别错过2??新市古镇下午四点后免门票3??安吉余村建议租电瓶车（30元/h）4??带驱蚊液！所有景点都需要	??旅行目的地持续更新，关??我吧       ",1,,,,,,,,,,,,,
一直想去东钱湖看网红梨花，翻到照片梨树不如往年就做罢了。周五晚上翻到有博主发图被吸引了，赶紧驱车前往，太美了不熟东钱湖的，一棵巨大的梨树和古镇台阶相得益彰，人流也还好能拍到空镜。之前都没有听过这个新市古镇，古色古香，还不用门票停车方便太值了。,9,"古镇原貌,古色古香,门票免费,停车方便",,,,,,,,,,,,
超小众的宝藏古镇――??湖州新市古镇，一个尚未被过度商业化的静谧之地。这里没有熙熙攘攘的人群，有的只是原汁原味的江南水乡风情??。??河道纵横，古桥林立，沿岸的明清建筑保存完好。走在青石板路上，仿佛能听见岁月的回响。??没有喧嚣的酒吧和千篇一律的纪念品店，只有街边的老茶馆和传统的手工作坊。??在新市古镇，时间仿佛慢了下来。你可以坐在河边，看摇橹船缓缓驶过，感受微风拂面的惬意。??一定要尝尝新市的特色美食，茶糕、羊肉面，每一口都是地道的江南味道。  ,10,"古镇原貌,商业水平不高,江南水乡,河道,古桥,明清建筑,青石板路,岁月,老茶馆,手工作坊,静谧,特色美食,茶糕,羊肉面,地道江南味道",,,,,,,,,,,,
?"新市古镇，才是真江南"谁说江南古镇只有乌镇西塘？这座低调了1700年的水乡小镇――新市古镇距离上海高铁仅1h，商业化几乎为0没有拥挤人潮，只有原汁原味的烟火气????交通攻略推荐自驾！上海出发2h直达，古镇停车方便??游玩路线古镇完全免费！分为景区内外两部分：?景区核心（定位"新市古镇游客中心"）觉海禅寺：唐代古寺，飞檐翘角超出片?外围生活区（我的私藏！）粮仓停车场：工业风粮仓超好拍！????住宿安利??新市古镇假日酒店??地理位置绝佳，开窗就是河道??美食暴击1???胡大姐香酥鸡烧饼：现点现炸的香酥鸡+秘制酱料+酥脆烧饼，一口下去超满足！（认准胡大姐招牌）2???广福楼面馆：鳝丝面：现划鳝丝爆炒，浓油赤酱裹着细面牛肉丝面：嫩滑牛肉配上古镇特有碱水面（??上午去！浇头卖完就收摊）3???出了上海怎么能不喝！推荐布蕾脆脆奶芙，古镇逛吃必备解腻神器????Tips??周末人也不多！建议住一晚感受清晨无人的古镇??宠物友好！看到好多带修勾来玩的??粮仓拍照建议上午去，光线最好??古茗建议提前手机点单，避开高峰排队"左手古茗右手烧饼，这才是逛古镇的正确姿势"下次周末逃离上海，就来这个冷门宝藏地吧！????????????????????,1,,,,,,,,,,,,,
新市古镇，一个充满历史韵味的地方，每一步都是穿越时空的旅行。漫步在青石板路上，感受岁月留下的痕迹，每一块石板都仿佛在诉说着古镇的历史。,10,"历史韵味,穿越时空,青石板路,岁月痕迹,古镇历史",,,,,,,,,,,,
"湖州德清县新市镇上有觉海禅寺，要入寺域，需先过一河一桥。此寺于大明隆庆年间镇人胡经出资重建，天启元年“天王殿”失火，住持与镇人胡尔嘉等募众修缮，崇祯三年再修缮 “天王殿”。清同治寺毁，木构部分仅存“天王殿”。	天王殿坐北朝南，重檐歇山顶，副阶进深一椽，主体部分进深六椽分心用三柱；内部梁架气场仍存，梁底有浅浅挖底，梁头较为宽且平直的下刀剜出剥腮样式与宁绍众多圆作明构类似，用电窗（图10、16），但明末木构，明显感觉已财力不足，加工多有不够严整之处；四天王为90年代重塑；此外所有檐柱均用石柱，每根石柱都有功德主题刻，远至福建漳州府海澄县。	胡姓大概是本镇大户，镇上另有胡尔V故居，传仍存一明代三开间小楼，外观实在看不出什么，内部据说圆作。	    @生活薯 @薯队长 @城市情报官@有一说一薯@浙江文旅 @美丽浙江",7,,,,,,,,,,,,,
新市古镇的每块砖都刻着故事站在万安桥上看摇橹船穿梭拐进弄堂吃碗茶糕在时光裂缝里 抓住千年的温柔?         ,9,"古镇,砖,故事,万安桥,摇橹船,弄堂,茶糕,时光,温柔",,,,,,,,,,,,
"??风起紫藤帘，舟摇宋时烟???谁把云木裁作瀑，又把江南绣成诗??濮院的春??是廊桥一梦坠入《千里江山图》的褶皱白墙托起百年香樟??运河载着古寺与银杏的私语??走过雾森??潋滟处才知紫藤??不羡乌篷??春色偏宠寂寥～-??：嘉兴・濮院时尚古镇??：桐乡站，打车15分钟直达-??【8大封神打卡点】1??芳禅园：宋风雾森仙阁！站小桥拍水中倒影，汉服+油纸伞=《清平乐》剧照直出2??百丈长廊紫藤瀑：游客中心沿河走！4月顶流花海，低机位仰拍“被紫藤淹没”??3??福善寺：千年南宋银杏×春日樱花暴击！朱墙飞檐+落英，禅意感拉满4??北更楼：登顶俯瞰全景！白墙黛瓦+运河如带，一键get《只此青绿》视角??5??关王庙：水上关帝庙！拍夕阳剪影，红灯笼亮起时秒穿武侠片??6??濮商会馆：土豪必看！满墙金银钱币库房，了解古代“江浙财团”发家史??7??听雨屋：晴天看雨黑科技！白裙+透明伞，拍出“天青色等烟雨”破碎感???8??三花喵喵屋：撸猫党闭眼冲！按按钮唤醒“破窗猫猫”，尾巴挂巷子萌到心化??-??【暴走路线指南】游船码头??北更楼（全景开篇）??芳禅园（主C位！）??关王庙→濮商会馆??梅泾剧场（看非遗演出）??蜡烛街（夜景绝）??珍宝馆??翔云观??福善寺??寺湾街（夜游提灯）??福善塔（压轴灯光秀）-	                              ",9,"廊桥,千里江山图,白墙,香樟,运河,古寺,银杏,紫藤,乌篷,春色,寂寥,芳禅园,宋风雾森仙阁,汉服,油纸伞,清平乐,百丈长廊紫藤瀑,花海,福善寺,南宋银杏,樱花,朱墙飞檐,禅意,北更楼,白墙黛瓦,只此青绿,关王庙,水上关帝庙,夕阳剪影,红灯笼,武侠片,濮商会馆,江浙财团,听雨屋,天青色等烟雨,三花喵喵屋,撸猫,破窗猫猫,尾巴挂巷子,游船码头,梅泾剧场,非遗演出,蜡烛街,夜景,珍宝馆,翔云观,福善塔,灯光秀",,,,,,,,,,,,
上海建桥学院新闻传播学院时尚传播系国风演出团队的大学生们跟随着@NYLON尼龙  踏入江南水乡的美丽画卷 走进非遗文化的不息传承历程中[郁金香R]这是一场意义非凡的国风体验之旅 我们身着汉服 用歌曲和舞蹈展现国风的魅力[烟花R]感谢@NYLON尼龙 给我们机会和平台将国风与传统文化以新鲜的形式传递给更多人,10,"江南水乡,非遗文化,汉服,歌曲,舞蹈,国风,传统文化",,,,,,,,,,,,
"?本地人比游客多?烟火气十足?有灵气??早上坐在邻水的一家老面馆嗦面?一抬头就是小桥流水和对面的老房子?bgm是面馆里的工作人员们扯着嗓子在聊的我听不懂的八卦?挺好	（出差路过，匆匆一逛，没仔细研究，好像挺小的一个古镇，但给人的感觉很舒服）     ",1,,,,,,,,,,,,,
又到了浙江人疯狂打年糕的季节了冬天老北京吃铜锅、东北有自己的铁锅炖，在湖州，那就是糯叽叽啦-?新市茶糕（图1）??新市古镇从清朝就有的中式糕点也是湖州人自己的早茶外面是糯叽叽，里面是咸香油润的肉馅在河岸小茶馆中，点上一叠，烟火气十足-?定胜糕（图2、3）??徐忠良定胜糕安吉土著老店，但糕点也有很多创新除了传统的流心桂花糕，麦香血糯米糕、爆浆酸奶紫米糕、蛋黄肉松翡翠条头糕、海盐芝士脆脆团…………都超好吃不建议多买，吃新鲜的才好吃-?梅花糕（图4）??各种小镇老店表面是糯糯的糯米浆，里面塞入红豆沙馅，再铺上满满的料，光看就又被馋到不行????黑芝麻和红豆为主料的蕞多新晋网红芋泥和紫薯馅更绝-?子孙糕（图5）??南浔双林镇有着子子孙孙步步高（糕）升之意扶墙安.利东风饭店???70年代的装修风格，小店虽破却很干净店家坚守着，想吃正宗的就去他家一定要早点去哦-??宝藏甜品&糕点铺????麦记牛奶公司??徐忠良传统定胜糕??玲阿姨梅花糕（新市古镇）??红丰早饭一.条.街酱油粢米饭，油条夹猪油膏，肉糕，连城烧麦，辣油馄饨这条路上基本上都有！         ,9,"新市古镇,古镇原貌,中式糕点,早茶,河岸小茶馆,烟火气,定胜糕,创新,新鲜,梅花糕,芋泥,紫薯馅,子孙糕,寓意,东风饭店,70年代,装修风格,干净,坚守,正宗,宝藏甜品,糕点铺,麦记牛奶公司,玲阿姨梅花糕,红丰早饭一条街,酱油粢米饭,油条夹猪油膏,肉糕,连城烧麦,辣油馄饨",,,,,,,,,,,,
"趁着秋天，来一次江南古镇，体验人间烟火，感受宁静与美好。	??廿八都古镇廿八都古镇，位于浙江衢州江山市，处于浙闽赣三省交界，历史悠久，始建于唐末，因仙霞古道而兴，被誉为“枫溪锁钥”。	??慈城古镇?慈城古镇，位于浙江宁波江北区，被誉为“江南小长安”，素有“江南第一古县城”之美誉，其历史可追溯至秦朝，明清时期尤为繁荣，成为文人墨客聚集之地。	??新市古镇新市古镇，坐落于浙江湖州德清县，古镇始建于公元 308 年，距今已有1700多年，古称“仙潭”。这里自古以来便是浙北地区大运河侧的重要商埠，居民傍河而居，依桥而市。	??木渎古镇木渎古镇位于江苏苏州吴中区，别名渎川、胥江，雅称香溪，素有“吴中第一镇”、“秀绝冠江南”之誉，也是乾隆六下江南最爱来的地方。这座古镇已有2500多年历史，与苏州城同龄，是汉族水乡文化的重要代表。	??锦溪古镇锦溪古镇，位于江苏昆山市西南，是一座拥有两千多年历史的江南水乡古镇，素有“中国民间博物馆之乡”的美誉。	江浙沪古镇名单??江苏?苏州：周庄古镇、同里古镇、锦溪古镇、虎丘、木渎古镇、千灯古镇、浏河古镇、沙溪古镇、f直古镇……?无锡：惠山古镇、梅里古镇……?南通：唐闸古镇、余东古镇?淮安：千年河下古镇?常州：焦溪古镇??浙江?嘉兴：西塘古镇、乌镇、濮院古镇?湖州：南浔古镇?杭州：塘栖古镇 、龙门古镇?建德：梅城/严州古镇、新叶古村?绍兴：安昌古镇 、鲁迅故里、书圣故里、柯桥古镇……?台州：临海台州府城、江南长城、紫阳街?丽水：古堰画乡、松阳老城?衢州：廿八都古镇?宁波：鸣鹤古镇、前童古镇、宁海西门城楼??上海?朱家角古镇、枫泾古镇、金泽古镇、南翔古镇、新场古镇、庄行古镇、青溪古镇、七宝古镇、川沙古镇……?? ?? ?? ?? ??",8,"秋天,江南古镇,人间烟火,宁静,美好,新市古镇,傍河而居,依桥而市,古镇原貌,历史沉淀,水乡文化",,,,,,,,,,,,
"??“千年小上海、江南百老汇”这里是新市古镇，距离杭州不远，很适合和朋友自驾来。[自拍R]来新市古镇，一为玩，二为吃???????????游玩篇路线：门票免费大运河诗路文化数字体验馆――资华筠舞蹈艺术馆――钟兆琳故居――新市文史馆――陆仙楼――沈铨故居童润夫纪念馆――刘王庙――民间艺术馆――江南蚕文化馆??坐船攻略：票价 : 平时30元，节假日50元（1.2米以下孩童半价）登船码头 : 游客中心码头以及假日酒店码头游船时长 : 20分钟左右线路 游客中心码头→万象桥→驾仙桥→会仙桥→永昌桥→假日酒店码头	这样的小桥流水人家，是茅盾先生笔下的“林家铺子”发生地，也是《蚕花娘娘》的拍摄地，只有来了到了新市古镇，才算来到了真江南！	??美食篇??[一R]玲阿娘梅花糕：上过电视的当地特色小吃，必尝！??[二R]新市茶糕：超级香！糯糯的，里面是肉馅??[三R]羊肉面（红汤）：这个地方的羊肉一直是很出名的！超好吃，都是老食客，吃了还来！          @本地薯 @生活薯 @薯队长",9,"新市古镇,门票免费,大运河诗路文化数字体验馆,资华筠舞蹈艺术馆,钟兆琳故居,新市文史馆,陆仙楼,沈铨故居童润夫纪念馆,刘王庙,民间艺术馆,江南蚕文化馆,坐船攻略,小桥流水人家,玲阿娘梅花糕,新市茶糕,羊肉面,红汤,老食客",,,,,,,,,,,,
周末下午去逛古镇，在浦东地址较远一些，之前对古镇类也不抱太大期待，刚进去发现果然大同小异在，乏味无聊，结果柳暗花明又一村，继续走下去越开越惊喜，清净而优雅，南山处很不错，天公也作美，配上白墙灰瓦，惬意至极   ,1,,,,,,,,,,,,,
"五一前夕，突然收到新市古镇的邀请短信，导航看了一下，不远，1个小时车程内，于是5.1出发，没做攻略，只通过新市古镇景区官方微信公众号看了一下停车攻略和五一活动，不得不说，我是第一次看到停车攻略的。	门票：免费，无预约。	停车：因为跨市，不熟悉路况，直接定位需要付费的游客集散中心停车场，24小时封顶15元。	吃饭：推荐梅花糕，图3。是我小时候的味道，午饭晚饭推荐张一品。必须吹爆新市景区物价，便宜，良心！吃了清汤面，5元！干拌面5元，羊肉30一块，量足而且非常好吃。	活动：中午12点到的，见图2，巡游都没卡上点，只赶上晚上打铁花和水上舞台表演	景点：图1，都推，溜娃累了尤其推荐运河书局，图15，可以看书，环境优雅，安静，充电宝1小时3元。	这个古镇真的很大，而且非常非常接地气，物价也便宜，有教育意义的景点也多，是和我之前游览的古镇完全不一样的感觉	现在还在举行第二届龙虾啤酒节，集市也多。晚上7点半我们回杭的时候，还有很多人刚来！推荐推荐！",1,,,,,,,,,,,,,
南浔古镇位于浙江省湖州市，是江南六大古镇之一，以其古朴的水乡风貌、深厚的历史文化和精致的园林建筑闻名。1??基本信息地址：浙江省湖州市南浔区南浔镇开放时间：夏季（4月-10月）：8:00-17:00冬季（11月-3月）：8:00-16:30门票：联票：约95元（包含小莲庄、嘉业堂藏书楼、张石铭旧宅等主要景点）。夜间票（17:00后）：部分区域免费开放，但景点关闭。2??必游景点推荐1. 小莲庄南浔首富刘镛的私家花园，以荷花池、西洋建筑风格的“东升阁”为特色，夏季荷花盛开时最美。2. 嘉业堂藏书楼中国近代著名的私家藏书楼，园林与书楼结合，文化气息浓厚。3. 张石铭旧宅中西合璧的“江南第一宅”，融合巴洛克风格与传统中式建筑。4. 刘氏梯号（红房子）红色砖墙的西洋建筑，适合拍照打卡。5. 百间楼沿河而建的明清民居群，免费开放，傍晚时分灯光倒映水面，极具水乡韵味。6. 辑里湖丝馆了解南浔作为“丝绸之府”的历史，展示传统丝绸制作工艺。3??特色体验乘摇橹船：票价约40元/人（按船收费，可拼船），推荐从广惠桥到小莲庄段，感受水乡慢生活。夜游南浔：百间楼夜景静谧迷人，灯光点缀下比白天更显诗意。品尝三道茶：南浔特有的待客茶礼：风枵茶（甜）、熏豆茶（咸）、清茶（淡），推荐在沿河茶馆体验。4??美食推荐1. 状元楼必点：双交面（酥肉爆鱼面）、浔蹄。2. 长兴馆老字号，推荐清蒸白鱼、绣花锦菜（本地特色蔬菜）。3. 小吃：定胜糕、桔红糕、臭豆腐、芡实糕（适合当伴手礼）。5??住宿建议古镇内精品民宿：南浔沉香会馆（古宅改建，临水而居）、理想三旬（文艺风格）。性价比酒店：古镇外有全季、汉庭等连锁酒店，价格更实惠。6??交通指南自驾：杭州/上海出发约1.5-2小时，古镇周边有停车场（收费约10元/天）。公共交通：高铁至湖州站，转乘101路公交直达南浔（约1.5小时）。上海、苏州有直达大巴。7??游玩事项1. 建议游玩时间：1-2天，一日游可重点逛核心景点，住一晚更能感受清晨和夜晚的宁静。2. 联票当日有效，提前网购（如携程）可能优惠。3. 古镇石板路穿舒适鞋子，夏季注意防晒防蚊。4. 避开节假日（如国庆、五一）可享受更清静的体验。    ,1,,,,,,,,,,,,,
"从德清回来了，连夜整理旅游攻略[流泪]不允许还有人没看过??【德清三天两夜的日程攻略】??????	【Day1】莫干山风景区??爵隐马术??庾村??莫干山风景区必玩项目：毛主席下榻处、武陵村、旭光台、芦花荡、大坑景区（门票需要提前购买，建议买接驳车票）??爵隐马术必玩项目：户外骑马（户外骑行，不是马场绕圈，会骑马上山路过茶园 ）	【Day2】大陡坞水库??仙潭田园乐园??碧坞龙潭??大陡坞水库：小”九寨沟“的拍照打卡地，非常适合凹造型打卡??仙潭田园乐园：拍照打卡地非常适合带小朋友来打卡拍照，感受乡野趣味，体验自然生活??碧坞龙潭：适合登山观景，也很适合爱宠人士带宠物爬山	【Day3】上渚山奇幻谷??新市古镇??上渚山奇幻谷：门票54元起，包括田博会室内展区、田园实景展示区、九曲花街、紫藤湾、奥斯汀月季园、户外探险基地、杜鹃谷等板块。景区风景优美，蓝天白云，植被覆盖率很高，入眼绿意 葱茏??新市古镇：具有浓郁而典型的江南风情，适合找一清静处喝喝茶，尝尝当地特色茶糕	??住宿：梨蜗度假别墅（莫干溪谷店）别墅位于莫干山东麓，园区占地约4000亩，距离杭州1小时左右，距离上海2-3小时左右门店有二卧到八卧联排各类型别墅。前后院简宋风格独栋别墅设计，入住其中，享在其中，多种房型，随意搭配适合团建会议、轰趴度假、疗养休闲、场景演绎布置等各类人群	??交通??自驾:直接导航至莫干山镇国际旅游度假集散中心????高铁:从德清站下车，换乘公交车、旅游专线 Y1或打车到集散中心??	?? ?? ?? ?? ?? ?? ?? ?? ??",9,"江南风情,清静,特色茶糕",,,,,,,,,,,,
作为古镇旅游地参考~1??【北方古镇】?方正威严 ・ 晋商遗风青砖灰瓦，布局方正如棋盘，城墙厚重如史书。2??【徽派古镇】?水墨丹青 ・ 雕刻艺术白墙黛瓦马头墙，天井院落藏乾坤。3??【水乡古镇】?枕水人家 ・ 桥廊如画双桥流水映明清4??【西南古镇】?民族秘境 ・ 木楼笙歌纳西木楼错落，东巴文图腾神秘5??【岭南古镇】?骑楼商埠 ・ 中西交融骑楼连绵，南洋风情混搭巴洛克雕花6??【南诏古镇】?古国遗韵 ・ 佛塔苍茫巍山古城，南诏故都底蕴犹存，星拱楼巍峨，彝族打歌欢腾??知笔墨――传承手工技艺??跟着三七，每天涨知识图片源自app：华夏风物       ,7,,,,,,,,,,,,,
去莫干山环线回程路上顺路去的古镇，没想到是意外惊喜，比起上海周边其他古镇，新市古镇很合我心意[飞吻R]-古镇不大，分布在沿河两岸，风景很美拍照出片没有人挤人的尴尬和满是小吃的商业化坐在河道两边喝喝茶非常惬意-趁还没有太多人，快去逛逛吧！         @薯队长 @薯条小助手,1,,,,,,,,,,,,,
"五一想避开人挤人的城市去小镇里悠闲地走走逛逛那我一定要推荐你这个颇有水乡风情的古镇??	小镇坐落于浙江省湖州市德清县境内距今已有1700多年的历史傍桥而市，可以感受到小桥流水人家的惬意??	?游玩时间：1-3天??景点推荐：吟仙亭-林家铺子-太平桥-状元桥-觉海寺	1??吟仙亭就在景区入口处，吟是欢迎的“迎”，意为迎接远道而来的朋友????????旁边所绘蝙蝠、鹿、仙鹤，分别代表福、禄、寿三种美好的祝愿！	2??林家铺子：这里是茅盾短篇小说《林家铺子》的原型噢！后来同名电影的拍摄??也在这一带取景～很值得打卡！	3??状元桥：为了纪念宋朝时新市人吴潜考中状元，因此取名，蕴含金榜题名之意??家里有中高考学子就更要来这里走一走啦???♂?	??在五一假期中，新市古镇将举行隆重的开街仪式，现场有非遗打铁花，还有好声音学员助阵，夜晚放花灯许愿～炒多节目可以期待一下噢??！	      ",1,,,,,,,,,,,,,
"	[气球R]清明小假的第二天上午10点从湖州出发，驱车51分钟就抵达了湖州德清的新市古镇！但刚进城就傻眼了――街道两旁停满了车，停车场也车满为患。我们兜兜转转了20多分钟才找到一个路边的车位卡了进去……（??小贴士：错峰出行！节假日建议公共交通或早起！）	[种草R]不过，一踏入古镇的那一刻，所有的焦躁都烟消云散了！沿着石板路往河边走，瞬间穿越回了百年前的江南。首先打卡的是沈铨故居，这位清代花鸟画大师的故居就在明清直街上。面河的院子里一棵高大的香樟郁郁葱葱，白墙黛瓦间飘着若有若无的墨香，仿佛能听见笔尖与宣纸摩擦的沙沙声。	[星R]京杭运河穿镇而过，这里是江南七大古镇之一，始建于公元308年，古称“仙潭”。原住民的房屋临水而建，三街临河，傍桥而市，构成了典型的“小桥、流水、人家”的诗意江南，被誉为“千年小上海”。	[种草R]西河口明清古街更加热闹，颇有点丽江古城的味道。小河狭窄，木质阁楼密集。三步遇茶肆，五步见咖啡馆，还有小酒吧和歌厅。假日游人如织，在古旧的廊桥下围炉煮茶，竟有种奇异的时空交错感。	[樱花R]这么一个建制历史达1700多年的古镇，就在本市，我们却头一次来打卡，实在不应该啊！	????重点来了！本地人私藏美食清单：??玲阿娘梅花糕：梅花模子里翻出焦糖香，豆沙馅烫着嘴也要咬第二口??元松羊肉店：百年老灶炖的酥烂羊肉，配着劲道手工面连汤都喝光??仙潭老汤茶糕：揭开蒸笼那刻，糯米混着肉汁的蒸汽能香晕整条街?           ",20,"古镇原貌,商业水平不高,童年的梦,石板路,河边,沈铨故居,明清直街,香樟,白墙黛瓦,墨香,京杭运河,小桥,流水,人家,诗意江南,千年小上海,西河口明清古街,丽江古城,廊桥,围炉煮茶,时空交错感,建制历史,玲阿娘梅花糕,元松羊肉店,仙潭老汤茶糕",,,,,,,,,,,,
"来新市、无心事！一起来踏上一场穿越时光的奇遇吧~	[清单R] -序章・千年小上海，江南百老汇-	[私信R]在新市，每一步都是一次奇遇，每一次回眸都是一幅美丽的画卷???在古老而宁静的小镇上，悠扬的锣鼓声??戏曲的旋律缓缓流淌而出，这是历史的回响。	[清单R]-启程・古迹遗迹 一眼千年-	【必游景点】“游子情”德清大运河诗路文化数字体验馆、资华筠舞蹈艺术馆、沈铨故居、钟兆琳故居、新市文史馆、陆仙楼、童润夫纪念馆、刘王庙、民间艺术馆、 江南蚕文化馆等。	[私信R]2024年5月1日起，新市古镇景区旗下所有展馆永久免费开放！	[清单R]-漫步・美食推荐 古镇风味-	[私信R]日出而作，日落而息??新市古镇的生活节奏仿佛与世隔绝，保持着千年前的从容与淡泊。	【当地美食】梅花糕、细沙羊尾、麦芽圆子、茶糕、汤包、羊肉面、粢饭团、烧麦等。	[清单R]-探索・古韵之美 边走边拍-	[私信R]换上精致的汉服，化上复古的妆容，在古镇的背景下，每一帧都是不可复制的艺术品??让你的旅程不仅是一次旅行，更是一场关于美与文化的沉浸式体验。	【运河新天地：运河/汉服旅拍服务】华裳集汉服体验馆（南昌街131号）轻裳春庭艺术体验馆（步云路70号）	【特色玩法】运河旅拍??古韵游船??浪漫夜游等，捕捉每一个优雅瞬间，定格这份古典之美！	[清单R]-盛宴・奇妙之旅 精彩篇章-	【周周有活动，月月有精彩】十月，秋风送爽，“羊肉黄酒文化节”的香氛弥漫在古镇的街头巷尾；更有新市“村K”大赛???以乡音为引，唱响古镇的每一个角落，让民俗的欢声笑语回荡在古街小巷。	[清单R]-邂逅・一种静雅 一时闲暇-	[私信R]从古典雅致到现代简约，每一间都独具匠心，旨在为每一位旅人提供最舒适、最独特的住宿体验，放慢脚步，聆听古镇的心跳，找到属于自己的那份宁静与美好。	【住宿推荐】德清新市古镇假日酒店；觉海域精品民宿	      ",1,,,,,,,,,,,,,
长兴，一座被低估的江南小城江浙沪周边的宝藏目的地????自驾出发1-2h直达~如果你第一次来长兴，收好这份全新玩乐指南千年茶文化，湖光山色，舌尖美味…避开人群，带你解锁最chill的度假方式.??【必玩线路】??山野寻茶｜大唐贡茶院→贡茶古道→唐潮十二坊??溯溪玩水｜川步村→龙山绿道??古刹银杏｜八都艟扒→六八古道??亲子游玩｜图影湿地文化园→太湖龙之梦乐园→太湖古镇??人文休闲｜陈武帝故宫→太湖博物馆→东鱼坊历史文化街区.??【景区打卡】??太湖龙之梦乐园亲子出游、看大马戏必去！一站游玩打卡，夜游太湖古镇看高空烟花秀与演出??.??十里古银杏长廊赏秋天花板，银杏纷飞充满电影感??，拍照超出片??.??大唐贡茶院藏于竹林深处，整座茶院为仿唐风建筑，古色古韵，禅意十足。??亲手体验非遗制茶技艺~.??城山沟景区一年四季皆??畅游，集自然山水、亲子娱乐、??果园采摘为一体~.??仙山湖景区由仙山和仙湖组成，徒步漫游，一路欣赏??满山苍翠与湖景.??四月天杜鹃花园以杜鹃花??为主题的生态文化园，既是花园也是乐园，赏花遛娃非常轻松??.??长兴太湖博物馆了解长兴历史足迹??好去处，共有7层，1-4层为展厅，顶楼设有咖啡茶吧、露天观景平台可以欣赏太湖风光~.??【户外营地】衙巍せ溪谷营地、一起・泗安里、湖畔杉隐、小西州营地、GoSafari长兴屿湖野奢营地、外滩5号大岗山营地、清和湾营地等.??【必吃美食】在长兴一定要尝尝正宗??干挑面、生煎包、大闸蟹、太湖三白和吕山烤全羊，本地特有烹法，配上新鲜食材，各有风味~.??【推荐美宿】??酒店｜芳草地度假酒店、开元名都大酒店、尚隐川步度假酒店、花间堂・沂水、景澜・富硒山居酒店、Anadu橄榄庄园等??民宿｜云栖舍、银杏故里、归心、枕竹、清静揽山、天一色、紫茗、百翠山居、日暮回家、尧韵等..这里是长兴文旅推荐官，关注我，一起探索长兴文旅生活的无限可能！.部分美图感谢@一只拍照的依琳 @无常?? @小西洲Camp @用户7731716053 @卷心菜的旅行日志.       ,1,,,,,,,,,,,,,
"??：出差间隙，除了老德清乾元古镇，新市古镇也是一处绕不开的地方，相比起乌镇的游客的喧嚣和拥挤，这里可以满足你对古镇慢生活的所有想象：	1??：河流上错落的旧房子??2??：布满青苔的石板桥3??：传统手工艺的小店4??：围炉煮茶的安逸??5??：斑驳白墙上爬满的枯萎植物??6??：甜口的羊肉面????拍摄技巧：非常适合阴天或者光线较为柔软的午后扫扫街	??：湖州市｜德清县｜新市古镇 → 徒步路线的话建议导航新市古镇明清老街西河口即可，具体见最后一张截图，石板桥和羊肉面都在这附近，顺着西河口两侧岸边都可以慢慢闲逛，不用花费太长的时间，老宅和进士坊都是很值得推荐的[偷笑R][偷笑R][偷笑R]	          ",9,"古镇慢生活,旧房子,石板桥,传统手工艺,围炉煮茶,斑驳白墙,枯萎植物,甜口羊肉面,老宅,进士坊",,,,,,,,,,,,
"五一黄金周，想要好好放松一下的话，这座颇有水乡风情的古镇是再好不过的选择。新市古镇位于浙江省湖州市德清县境内，距今已有1700多年的历史。千百年来居民临河而建，傍桥而市，形成典型的江南风情，??景点推荐：??吟仙亭：吟仙亭位于景区入口处，吟是欢迎的“迎”的谐音，意为迎接远道而来的朋友。凉亭的石柱上刻有南宋诗人杨幡的诗句，中间顶上为“阴阳鱼”，旁边所绘蝙蝠、鹿、仙鹤，分别代表福、禄、寿三种美好的祝愿。??林家铺子：茅盾的姑妈是乌镇人，她嫁到了新市的钱宅，茅盾小的时候总是来姑妈家玩，并以此为样本创作了短篇小说《林家铺子》，后来同名电影拍摄的时候也在这一带取景，遂有了这个景点。??太平桥：太平桥为单孔石桥，横跨小西河。始建于宋朝，明清时期得到重建。两侧栏杆至今仍保留石狮数个，桥石基座上刻有楹联。5/1假期，新市古镇将举行隆重的开街仪式和丰富的市集、表演活动，非遗打铁花、好声音学员助阵，夜晚放花灯许愿、还能和杨万里、沈铨等古代名人把酒言欢，看官方放出的节目单感觉真的不能错过捏。??新市古镇??地址：浙江省湖州市德清县对峰浜1号建议游玩时间：1-3天	",9,"水乡风情,江南风情,吟仙亭,凉亭,诗句,阴阳鱼,福,禄,寿,林家铺子,茅盾,姑妈,乌镇,小说,电影,太平桥,单孔石桥,石狮,楹联,开街仪式,市集,表演活动,非遗打铁花,好声音学员,夜晚放花灯,许愿,古代名人,杨万里,沈铨,节目单",,,,,,,,,,,,
"高校国风社团们，准备好和尼龙一起穿越古今，体验一场别开生面的蚕花庙会了么？	桑田蚕花，国色生香，作为丝绸文化的发源地，新市古镇的蚕花庙会有着深厚的历史底蕴，这里不仅是蚕桑文化的传承地，也是年轻人展示创意的舞台：欣赏汉服走秀，了解非遗技艺，沉浸式体验蚕桑工艺......边逛古风庙会边集章打卡，解锁古风新玩法！	这个清明假期，尼龙和国风社团节朋友们一起换上华服，踏入蚕花庙会一同感受春之韵味，我们等你！	活动时间：4月4日-4月5日活动地点：德清新市古镇",10,"桑田蚕花,国色生香,丝绸文化,发源地,蚕花庙会,历史底蕴,蚕桑文化,传承地,年轻人,创意舞台,汉服走秀,非遗技艺,沉浸式体验,蚕桑工艺,古风庙会,集章打卡,古风新玩法,清明假期,华服,春之韵味",,,,,,,,,,,,
??清明上河图，想必大家都听说过吧最近发现在成都周边的崇州元通古镇可以拍摄类似的场景画面，于是为了这组照片，我们特意起早凌晨五点出门，赶在日出前夕到达古镇。.??关于拍摄：1??拍摄设备：DJI Air 32??拍摄时间：早上7-8点左右3??拍摄难度：★★★★4??后期修图：Adobe Photoshop 2024.???拍摄攻略：1??至少提前一天查看天气情况，拍摄当天需要晴朗的大晴天，这样才会有机会拍摄到晨雾。如果前一天晚上下雨，第二天一早放晴的天气最佳，这样的话天空会比较通透，可以清晰看到古镇后面的雪山群。2??一定要赶早！赶早！赶早！建议日出前半小时赶到目的地，然后做好拍摄前期工作准备。3??因为整个古镇建筑群都比较低矮，高楼极少，且不一定能够轻松上去，所以建议采用无人机航拍的方式进行拍摄。4??当地居民早上会烧火做饭，记得抓住炊烟时刻，拍出来会更有意境美。.??后期思路：第一，我们来看看拍摄的内容环境，这里是个古镇，有河流、塔、人间烟火，再加上背景雪山群，这些内容组合在一起，有木有直接联想到山水水墨画。第二，因为是无人机航拍的，加上清早晨雾的缘故，拍出来的照片画质不会很好（御3pro、悟系列除外），所以我们需要对其进行除雾去朦胧处理，并适当加点锐度。第三，我们再来分析一下原图的色彩，整体给人一种有些杂乱的感觉，色彩有些过多，而水墨画的特点呢，是低饱和，色彩简约。所以我们需要对整个图片的颜色做减法，一般保留两到三个颜色就好。最后，我们通过蒙版的运用，对其局部进行调整，增加整个画面的层次感。.?营业时间：全天24小时，建议游玩时间半天至一天。.??人均消费：无门票免费，停车费10元。.??详细地址：成都市崇州市元通古镇.??交通攻略：1??自驾??：成都市区出发，成温邛高速→崇州出口→华怀路→元通，约1小时车程。2??公共交通??：成都茶店子车站/东站汽车站乘坐大巴至崇州，转乘崇州-元通公交（302路）。.我是喜欢旅行喜欢摄影，乐于记录生活分享生活的晓悟，大家喜欢的话就支持一下，点个关注和赞。谢谢！??????       ,1,,,,,,,,,,,,,
"春日漫游｜在江南最后的秘境，摇进千年慢时光??新市古镇 杭州周边游 江南水乡	??【打卡点推荐】1. 摇橹船入画撑一叶木舟，听橹声咿呀，穿过72座古桥。两岸青砖黛瓦倒影成诗，暮色降临时红灯盏盏点亮，涟漪荡碎星河，随手一拍都是《梦华录》同款江南。	2. 古桥寻仙踪会仙桥、望仙桥、驾仙桥…带“仙”字的古桥藏着道教传说。踩过宋代太平桥的婚俗石阶，广福桥石刻诉说着《蚕花姑娘》的电影故事。	3. 西河口老街烟火原住民在河边晾衣煮茶，茶馆里飘着吴侬软语，蒸笼腾起茶糕的热气，仿佛闯入活态《清明上河图》。	??【古镇必吃】?? 新市羊肉面：肥瘦相间酱香扑鼻，配黄酒才是本地人隐藏吃法！百年老店“张一品”连乾隆都馋。?? 茶糕：糯米皮裹鲜肉爆汁，配清茶开启水乡早晨，“碾米村前白鹭低”的诗意早餐。?? 玲阿娘梅花糕：央视认证！红豆沙甜糯不腻，刚出锅的脆皮咬下瞬间治愈。	??【出片指南】??汉服旅拍：@华裳集租宋制汉服，在运河码头、明清宅院拍出“青衫烟雨客”大片。??夜景机位：觉海寺红墙光影、游船码头灯笼阵、石板巷陌烟火市井。	??【攻略贴士】??门票：免费！展馆24年5月起全免??交通：杭州自驾1.5h，高铁到德清站打车30min??住宿：推荐运河边@新市古镇假日酒店，推窗见摇橹船，夜枕流水入眠	?文案灵感库> “出得门来便入船，何窗何户不清妍”> 这里没有乌镇的人潮，只有晾晒的衣裳与茶香> 摇摇晃晃的慢时光，把心事都说给流水听      ",9,"古镇原貌,商业水平不高,童年的梦,江南水乡,秘境,慢时光,摇橹船,古桥,青砖黛瓦,红灯,星河,道教传说,婚俗石阶,电影故事,老街烟火,原住民,吴侬软语,茶糕,诗意早餐,羊肉面,黄酒,百年老店,玲阿娘梅花糕,央视认证,汉服旅拍,夜景机位,红墙光影,灯笼阵,石板巷陌,免费门票,交通便利,住宿推荐,运河边,推窗见景,夜枕流水",,,,,,,,,,,,
今天人不算太多。六年前来过一次，那时候印象太好了，可惜再来不是那个味道了，商业化推进在所难免。那些美食还是一样好吃！梅花糕，羊肉面，茶糕，烧卖，麦芽糖，还有了咖啡店！,1,,,,,,,,,,,,,
“夜市桥边火，春风寺外船”沿着大运河，寻找最有烟火气的浙江运河古镇相伴而生，往来商旅间，也不乏诗人的身影于是，这种相遇，让大运河成为大地上行走的诗乌镇、南浔古镇、西塘古镇、新市古镇、桥西直街……运河时代繁华一时的古镇，如今洗尽铅华留下一个“小桥流水人家”诗词里的柔情江南--------------------最后，把我走过的大运河诗路所经过的城市奉上：新市古镇（湖州）、南浔古镇（湖州）、秀洲（嘉兴）、乌镇（嘉兴）、塘栖古镇（杭州）、拱宸桥（杭州）、小河直街、桥西直街（杭州）、西兴古镇（杭州）、仓桥直街、八字桥直街、书圣故里（绍兴）、东湖（宁波）@摄影薯??@VLOG薯????????????????????,9,"新市古镇,小桥流水人家,诗词,柔情江南,烟火气,大运河,诗路",,,,,,,,,,,,
"??莫干山被称为“全球最值得去的45个地方之一”，4A级景区，山青水秀，非常值得一来。??这次小编整理了莫干山12个景点和美食攻略，快点喊上小伙伴们一起收下吧！[赞R][赞R][赞R]	??游玩类型:??一天一夜??Day1:莫干山风景区-庾村??两天一夜??Day ：莫干山风景区-庾村Day2: 十八道湾漂流-新市古镇??三天两夜??Day1: 义远有机农场-下渚湖湿地公园Day2: 莫干山风景区-庾村Day3: 鱼鳞坝-漂流/碧坞龙潭	??交通??杭州-莫干山 1.5h??上海-莫干山 2.5h??南京-莫干山 3h	??景点推荐：??莫干山风景区??庾村??鱼鳞坝??义远有机农场??碧坞龙潭??新市古镇??大斗坞水库??下渚湖湿地公园??十八道湾漂流??DISCOVERY探索乐园??上渚山奇幻谷??裸心堡	??注意事??1. 七八月可能受台风天气影响，部分时段有雷暴雨天气，建议出行前查看天气预报??，晴天多云出行，下雨??会错过很多景点。??2. 出行建议选择自驾，莫干山景点较为分散，公共交通比较不便??3. 来莫干山少不了玩水记得给自己背上一身泳衣??！！！??4. 景区内会有蚊虫叮咬，一定一定记得带驱蚊水和花露水。????5. 住宿的话有条件一定要选莫干山山景房??，绝美风光净收眼底。	??住宿推荐??壹家墅?莫干山庾村店壹家墅别墅（莫干山庾村店）别墅多为现代简约+野奢的装修风格，全落地窗、大理石地面、豪华配置。体验莫干山文化??、当地人别墅生活??和当地特色高端饮食???皆近在咫尺。	??美食推荐??金鱼妈妈 山野・食趣(庾村店)  4.0??山泉竹林土鸡汤，油焖茶香虾，莫干湖秘制鱼煲，?? 莫干兰庭餐厅・民国小院(庾村店)  4.6??招牌砂锅土鸡，招牌鱼头煲，笋干老鸭煲??浙里餐厅(庾村店)  4.8??招牌土鸡煲，肉汁笋干，水库鳊鱼??来・莫干餐厅(庾村店)农家砂锅土鸡煲，肉汁笋干，特色鱼煲	         ",7,,,,,,,,,,,,,
德清县位于浙江省北部，隶属于湖州市，靠近杭州，地理位置优越，近年来发展迅速，展现出多方面的潜力：1. 地理位置优势- 德清紧邻杭州，属于杭州都市圈的一部分，能够承接杭州的产业、人口和资源外溢。- 交通便利，杭宁高铁、高速公路等使德清与杭州、上海等大城市的联系更加紧密。2. 经济发展- 德清的产业结构较为多元，涵盖先进制造业、绿色产业和高新技术产业。- 莫干山高新区是德清经济发展的重要引擎，吸引了大量高科技企业和创新资源。3. 生态环境- 德清以莫干山闻名，自然环境优美，适合发展生态旅游和康养产业。- 近年来，德清在生态保护和可持续发展方面表现突出，吸引了大量游客和投资者。4. 文化旅游- 莫干山是著名的避暑胜地，民宿产业发展迅速，成为全国标杆。- 德清还拥有丰富的历史文化资源，如新市古镇等，文化旅游潜力巨大。5. 科技创新- 德清积极推动数字经济、地理信息产业等新兴领域的发展。- 德清地理信息小镇是全国知名的特色小镇，集聚了大量地理信息相关企业。6. 政策支持- 作为长三角一体化的重要组成部分，德清享受国家和地方的政策支持。- 政府大力推动基础设施建设，提升城市功能，吸引更多企业和人才。7. 房地产市场- 随着杭州房价上涨，德清成为杭州外溢购房需求的重要承接区域。- 德清的房地产市场需求稳步增长，尤其是高端住宅和度假房产。总结：德清凭借其优越的地理位置、良好的生态环境、多元的产业结构和政策支持，展现出强劲的发展潜力。未来，随着长三角一体化的深入推进，德清有望成为区域经济的重要增长极。,8,"新市古镇,历史文化资源,文化旅游潜力",,,,,,,,,,,,
梅花糕底下塞了一块猪油，一口咬下去，喷香！[哇R]       ,9,"梅花糕,猪油,喷香",,,,,,,,,,,,
"烟水入梦，丝韵如歌。@周洁琼 身着汉服华裳、以羽冠珍珠妆化身“蚕花姑娘”，缓步轻行于德清新市古镇间。她越过小桥流水，漫步悠悠河畔，穿行在桑田古巷之间，将桑蚕文化娓娓道来，也探索着这座江南古镇的诗意灵韵。	  	监制：蔡晓莉导演：Jida摄影指导：惟德制片：Shinji美术指导：科婷执行制片：任敬文执行美术：顾乡剪辑：力力后期/调色：杨启新合作鸣谢：浙江德清新市古镇",9,"古镇, 汉服, 蚕花姑娘, 小桥流水, 桑田古巷, 桑蚕文化, 诗意灵韵",,,,,,,,,,,,
南浔古镇位于浙江省湖州市，是江南六大古镇之一，以其古朴的水乡风貌、深厚的历史文化和精致的园林建筑闻名。1??基本信息地址：浙江省湖州市南浔区南浔镇开放时间：夏季（4月-10月）：8:00-17:00冬季（11月-3月）：8:00-16:30门票：联票：约95元（包含小莲庄、嘉业堂藏书楼、张石铭旧宅等主要景点）。夜间票（17:00后）：部分区域免费开放，但景点关闭。2??必游景点推荐1. 小莲庄南浔首富刘镛的私家花园，以荷花池、西洋建筑风格的“东升阁”为特色，夏季荷花盛开时最美。2. 嘉业堂藏书楼中国近代著名的私家藏书楼，园林与书楼结合，文化气息浓厚。3. 张石铭旧宅中西合璧的“江南第一宅”，融合巴洛克风格与传统中式建筑。4. 刘氏梯号（红房子）红色砖墙的西洋建筑，适合拍照打卡。5. 百间楼沿河而建的明清民居群，免费开放，傍晚时分灯光倒映水面，极具水乡韵味。6. 辑里湖丝馆了解南浔作为“丝绸之府”的历史，展示传统丝绸制作工艺。3??特色体验乘摇橹船：票价约40元/人（按船收费，可拼船），推荐从广惠桥到小莲庄段，感受水乡慢生活。夜游南浔：百间楼夜景静谧迷人，灯光点缀下比白天更显诗意。品尝三道茶：南浔特有的待客茶礼：风枵茶（甜）、熏豆茶（咸）、清茶（淡），推荐在沿河茶馆体验。4??美食推荐1. 状元楼必点：双交面（酥肉爆鱼面）、浔蹄。2. 长兴馆老字号，推荐清蒸白鱼、绣花锦菜（本地特色蔬菜）。3. 小吃：定胜糕、桔红糕、臭豆腐、芡实糕（适合当伴手礼）。5??住宿建议古镇内精品民宿：南浔沉香会馆（古宅改建，临水而居）、理想三旬（文艺风格）。性价比酒店：古镇外有全季、汉庭等连锁酒店，价格更实惠。6??交通指南自驾：杭州/上海出发约1.5-2小时，古镇周边有停车场（收费约10元/天）。公共交通：高铁至湖州站，转乘101路公交直达南浔（约1.5小时）。上海、苏州有直达大巴。7??游玩事项1. 建议游玩时间：1-2天，一日游可重点逛核心景点，住一晚更能感受清晨和夜晚的宁静。2. 联票当日有效，提前网购（如携程）可能优惠。3. 古镇石板路穿舒适鞋子，夏季注意防晒防蚊。4. 避开节假日（如国庆、五一）可享受更清静的体验。    ,1,,,,,,,,,,,,,
??三天两夜湖州深度游｜2025年6月新晋顶流玩法・承包诗画江南与赛博山水的极致碰撞???Day1：莫干山元宇宙奇遇??5:30 裸心堡悬崖观日（2025新开AR全息云海）??黑科技：佩戴华为Vision Pro触发《卧虎藏龙》竹林打斗特效??独家机位：剑池瀑布前拍"御剑飞行"悬浮照（租赁点提供磁悬浮石板）??8:00 庾村广场早市（必尝：猪肝炒年糕+古法藕粉冻）??10:00 莫干山民国图书馆（2025开放数字剧本杀《潜伏》）??隐藏任务：找到5本带芯片的古籍触发密室??14:00 仙潭美术馆新展（AI生成莫干山四季动态水墨）??19:30 荧光水森林夜游（2025新增全息萤火虫银河）??Day2：南浔古镇次元革命??6:00 百间楼雾中摇橹（2025升级声控船夫系统）??暗号："菰城烟雨"解锁AR版《江南百景图》??9:30 张静江故居（2025新推数字管家还原1925年生活场景）??必体验：穿戴民国校服拍全息家族合影??12:00 状元楼双浇面（创新吃法：爆鱼+酥肉分子泡沫）??15:00 辑里湖丝博物馆（体验AI缫丝机器人+3D蚕茧雕刻）??20:00 E塘故道灯光秀（每周六限定《丝路千年》全息投影）??Day3：太湖星辰计划??5:00 太湖月亮广场追霞（2025新设彩虹栈道AR滤镜）??爆款内容：穿汉服拍"七星级酒店穿越古代"对比照??8:30 长田漾水上森林（2025开放透明皮划艇观鱼系统）??黑科技：投喂智能鱼群触发灯光矩阵??12:00 太湖船菜研究所（必吃：AI控温的银鱼羹+全息摆盘的湖羊肉）??14:00 湖州影视城（2025新开《三体》红岸基地实景）??必买：数字湖笔（扫码生成书法教学）+ 太湖珍珠NFT??住宿红黑榜：??红榜：① 裸心谷树顶别墅 ② 南浔花间堂・求恕里 ③ 太湖马桶圈酒店星空房??黑榜：?古镇河景房（梅雨季潮湿严重）??2025必吃清单：?三大非遗焕新：周生记馄饨盲盒｜丁莲芳千张包太空冻干｜震远同玫瑰酥糖香水?三大暗黑科技：AI调香的臭豆腐｜3D打印定胜糕｜全息投影的湖鲜宴?避雷：衣裳街网红奶茶（推荐去金婆弄社区老店）??爆款生产线：? 《梦华录》×南浔古镇AR换装挑战（带  ,1,,,,,,,,,,,,,
佛家有云：人生哪有能如意，万事只求半称心[合十R]新年，心态调节上了新高度，深入思考后，总能找到解脱情绪的方法，不可谓不幸运[耶R],8,"佛家,心态调节,深入思考,解脱情绪,幸运",,,,,,,,,,,,
[一R]清明假期高速免费，从张家港开车到湖州德清县新市古镇约240公里，一路畅通花费2.5小时。[二R]景区不大，特色景点有状元桥，太平桥，钟楼弄，西河口。[三R]商业化较严重，肯德基，星巴克，必胜客，瑞幸应有尽有。[四R]小桥流水意境不错，十点还有美女水上漂的表演，慵懒的在河边喝喝茶相当惬意。[五R]中午驱车30多公里打卡陈都乐浙江土菜馆(余英坊店)，人较多，胜在翻桌率高，饭菜较满意。[六R]下午入住德清莫干山地信开元名庭大酒店，价格适中，准备三点出发庾村广场看夜景。    ,1,,,,,,,,,,,,,
"一直想拍一株梨花，上周末终于在距离杭州仅30公里的新市古镇，找到了这棵在硕大无朋的梨树。我们遇到她的时候，她正默默守在古镇青绿的河道边，纷纷开且落。偶有游人驻足观望，惊叹于自然之力。	那日我提着琴，凭栏而立，看一树如雪的繁花，忽然想到，这不正是苏轼诗里「惆怅东栏一株雪，人生看得几清明」的现实写照吗？	??定位：湖州新市古镇中心位置??门票：无	??花期预计：本周内??拍摄时间：2025年3月23日	?? ?? ?? ?? ?? ?? ?? ?? ??",9,"古镇原貌,自然之力,梨花,硕大无朋,青绿河道,游人驻足,东栏一株雪,人生清明,无门票,中心位置",,,,,,,,,,,,
"看公共区域说它是英迪格也不为过	但是！回到房间内，那还是跟英迪格稍有差距	总之业主挂牌holiday inn，我觉得是明智之举，会让人有种物超所值的感觉	1?? 这家周末价格并不便宜，目前??上有套餐，如果超过600一晚，请谨慎考虑2?? 所在地是一个古镇，风光与其他古镇并无差别，如果单纯为了古镇来，请慎重3?? 早餐一般，不含早也不用额外交钱4?? 想要住古香古色那栋楼，提前跟前台说，但是只有双床5?? IHG 普卡也有欢迎水果hhh 简直是喜出望外	我认为很适合江浙沪周末staycation ，人不太多的古镇，围炉煮茶，不甚惬意       ",1,,,,,,,,,,,,,
"浙江免费古镇盘点来啦，个个都是免费宝藏地，江浙沪周末走起～	??南浔古镇江南6大古镇之一，古建筑村落众多，保存了典型的江南水乡风貌??湖州市南浔区南浔镇人瑞路51号	??鲁迅故里位于绍兴古城，完整保存了粉墙黛瓦坡青石的建筑格调，还可以坐上乌篷船感受小桥流水的水乡气息??绍兴市越城区鲁迅中路241号	??柯桥古镇拥有1700多年历史，也是浙江著名的水乡集镇之一，石桥、长廊、纤塘道和明清建筑群等构成了这里的古越风情??绍兴市柯桥区笛扬路商业步行街	??鸣鹤古镇距今1200多年，古镇依白洋湖而建，紧邻五磊山景区，也是名副其实的山水古镇??宁波市慈溪市观海卫镇禹皇路999号	??塘栖古镇京杭大运河从古镇穿过，两岸是古色古香的老房子，古镇的枇杷和传统糕点也很有特色??杭州市余杭区塘栖镇	??廿八都古镇地处浙江、福建和江西交界处，也被称为一脚踏三省，古镇上建筑很有特色，融合了三省风格??衢州市江山市枫岭路1号	??新市古镇拥有明清宅居群、觉海寺院和众多古桥梁，西河口水街古建筑集中，保存也很完整，靠街骑楼也很有特色??湖州市德清县新市镇对峰浜1号	??崇仁古镇古镇历史悠久，保存了明清甚至早到宋朝的古宅，清一色的青砖灰瓦建筑，直街上还有很多传统手工作坊??绍兴市嵊州市北街与竹行街交叉口向东北约200m	??梅城古镇因城墙造型似梅花而被称作梅城，老街上全是古城墙和古建筑，老牌坊也很有烟火气??建德市梅城镇	??安昌古镇依水而建的江南水乡，古镇上大多是当地人，商业化气息不重，烟火气很浓郁，安昌腊肠、扯白糖等传统小吃也很有名??绍兴市安昌镇	 ",8,"古镇原貌,商业水平不高,童年的梦,古建筑,水乡风情,历史沉淀,传统手工作坊,烟火气,特色小吃",,,,,,,,,,,,
五一计划在景区搞个“星光集市”暖光灯光下、古镇景区里来自五湖四海的朋友的社交、小憩圈。地点：浙江湖州感兴趣的、初创伙伴、集市大佬都可以来聊聊～我出搭建、出场地、出水电。       ,8,"星光集市,暖光灯光,古镇景区,社交,小憩圈,搭建,场地,水电",,,,,,,,,,,,
??????????????|湖州??德清・新市古镇??漫步在千年历史的石板路上，每一步都能踩到故事。??运河边的风带着水汽，吹散了所有焦虑。在千年烟火气里，遇见江南最温柔的慢时光”- “新市古镇｜被运河唤醒的‘小上海’，藏着生活最本真的样子”??推荐打卡点1?? 觉海禅寺：红墙古刹，禅意十足2?? 西河口老街：原住民的生活剧场，烟火气max！3?? 陈家弄：窄巷光影，拍照绝绝子??必吃美食：- 林家铺子的茶糕（糯叽叽星人狂喜）- 梅花糕&羊肉面（本地人私藏！）??Tips：自驾导航‘新市游客中心免门票停车5元一小时建议住一晚，感受清晨无游客的静谧时光?开放时间：全天展馆：8:30-16:30??门票：开放式景区 /景点永久免费,1,,,,,,,,,,,,,
新市古镇热闹非凡,8,热闹非凡,,,,,,,,,,,,
春天气温回暖点开地图，杭州临平出发，选择一个小众小镇即刻出发在新市古镇晒晒太阳，看老人们晒着太阳聊着天惬意自在古镇不大，商业气息较差（打造过，估计人流量不行）但一些知名品牌也有入驻在古镇中心一颗春日梨花盛开超级好看！值得打卡??免费???好停车，游客中心前??建议自驾（公交：乘坐418M到禹越镇汽车站，乘坐351（时间记得卡准哦）??尼康zfc 50-250         ,1,,,,,,,,,,,,,
今天人不算太多。六年前来过一次，那时候印象太好了，可惜再来不是那个味道了，商业化推进在所难免。那些美食还是一样好吃！梅花糕，羊肉面，茶糕，烧卖，麦芽糖，还有了咖啡店！,5,,,,,,,,,,,,,
楝树花开，随风飘散在河边喝茶吹吹风晃悠一下午,9,"楝树花,河边,喝茶,吹风,晃悠,下午",,,,,,,,,,,,
从莫干山出发到新市古镇河两边狭窄的过道里，到处是围炉煮茶的人，看着却不像游客，他们有游客身上没有的懒懒惬意，慢悠悠地品茶聊天。小镇不大，北边区域像是还没开发（图4-6），南边区域更热闹些。路过一个老铺子，买了三个麦芽圆子(图8)，不管是原味还是豆沙和核桃味，都是很甜，我一个南京人接受无能。在姚记茶糕买了一个咸的一个甜的茶糕，肉馅的有点味道。接近晚饭点，四点多到达元松羊肉（图7），居然只剩下羊骨头了，味道很好，就是咸了。   ,1,,,,,,,,,,,,,
"浙江省湖州市德清县，地处杭嘉湖平原，京杭大运河穿境而过，是一座有着1800多年历史的浙江小城，自古就有“水乡泽国”之称。??	【莫干山】莫干山是中国的四大避暑胜地之一，曾被《中国国家地理》夸赞为“江南第一名山”，整个莫干山镇被80%的森林覆盖，有竹海、老村、水坝等。<庾村>庾村位于莫干山南麓，既有民国遗风的复古，又有闲云野鹤的烂漫。清晨去庾村广场上喂鸽子，中午找家面店吃德清河鲜面，下午就找家咖啡厅看书听歌、偷得半日浮生闲。<碧坞龙潭>碧坞龙潭景区不大但清幽，仿佛走进了绿野仙踪的江南秘境，沿着曲径幽深的步道走，一路可看到飞流直下的瀑布和古老的岩洞。<鱼鳞坝>鱼鳞坝字如其名，是一个像鱼鳞般的小水坝，青山绿水环绕，是夏季玩水的绝佳地。上游比较深，可以体验皮划艇，下游是浅水区，适合踩水。<大斗坞水库>被人称为是藏在莫干山里的“小九寨沟”,整个水库被群山环绕，湖水清澈，湛蓝的湖水就像是蓝宝石。<裸心堡>城堡里有悬崖餐厅、无边泳池、炮台楼等，魔幻中带着浪漫。	【下渚湖湿地】下渚湖是国家4A级自然景区，它是江南最大的湿地，蒹葭岛芦苇荡的倒影轻柔、鸢尾花和蔓草在涌动，还有划破天际的朱q，让人心之所向。	【新市古镇】新市古镇是一座被人遗忘的江南古镇，有着1700年的建制史。走过青石板的老巷，斑驳着岁月痕迹的明清宅居，古桥、寺院出现在眼前，江南人枕水而居的温婉被勾勒的淋漓尽致。	【乾元镇】整个乾元镇有70多条弄堂，每条都有不同的故事，其中赵家弄是最出名的，承载了“半部乾元史”。德清当地大家族“徐家”就曾聚居在此，并出了徐门五翰林、榜眼徐宗楷、莫柔嘉等历史名人。	????????????????????????????????????",1700,"古镇原貌,青石板,老巷,明清宅居,古桥,寺院,江南人,枕水而居,温婉",,,,,,,,,,,,
乌镇、西塘、南浔人太多，新市古镇，一个不是那么热门的古镇，有原住民，有河，有老手艺人，有猫。趁着清明，带娃追随杨万里的足迹，宿新市，扑黄蝶。,9,"古镇原貌,商业水平不高,童年的梦,原住民,河,老手艺人,猫,杨万里的足迹,扑黄蝶",,,,,,,,,,,,
等了很久，跟着一起热闹一下。[烟花R][樱花R][郁金香R][凋谢R][玫瑰R] ,7,,,,,,,,,,,,,
-??春日暖阳倾洒，微风轻拂面庞，我随单位春游队伍，来到素有"小上海"之称的新市古镇?。这座枕着京杭运河的千年古镇，藏在杭嘉湖平原的德清县东部，有着独特的水乡风貌与深厚的文化底蕴。-??抵达古镇后，我们首先前往游客中心体验新市茶糕制作。这道传统点心工序颇为讲究：选用上等糯米经石磨碾成细粉，此为奠定软糯口感的关键；馅料以瘦肉为主，用纯酱油等调料精心腌制。经过搓粉、筛粉、压实、分切等多道工序，再入笼屉蒸制。出锅的茶糕糯而不黏，咸香猪肉中泛着微甜，令人回味无穷??！-??品尝完当地特色午餐，我们漫步古镇街巷。这里规模小巧，商业气息淡薄，旧时风貌保存完好，仿佛时光都放慢了脚步?。青石板路蜿蜒向前，流水潺潺与居民笑语交织，远离都市喧嚣，满是宁静惬意～明清至民国初年的临水民居错落有致，处处流淌着江南水乡的温婉韵味??。-??古镇虽小，却人才辈出，故居与展馆散落其间。其中最负盛名的当属钟兆琳故居与沈铨故居。踏入钟兆琳故居，意外发现此处还是九三学社浙江省传统教育基地――作为"中国电机之父"，钟兆琳先生不仅是九三前辈，更曾执教钱学森和江泽民，享有"天才教师"的美誉??！-??遗憾的是，因时间仓促，我未能寻得沈铨故居。通过资料得知，这位清代工笔花鸟大家、宫廷画师曾东渡日本，获"舶来画家第一"之誉。其严谨写实、赋色浓艳的画风，深刻影响了日本江户时代艺术，期待下次能深入了解他的艺术世界。-??所幸千年古刹觉海禅寺终被寻得。相传东晋至清末，新市寺庙数量冠绝江南同类古镇，曾建有30余座庵堂。历经岁月更迭，多数古寺湮灭，而唐代始建的觉海禅寺至今屹立。步入寺内，肃穆之气扑面而来：大雄宝殿巍峨壮观，殿前"七宝池"神奇非常，据说终年雨不满、旱不涸；池上"接凡桥"的雌雄石狮憨态可掬～周边部分建筑正在修缮，更添几分期待??！-??返程途中，我拎着亲手制作的茶糕，翻看相机里的照片：雕花窗棂透着烟火气，钟兆琳故居的泛黄旧影，觉海禅寺檐角轻晃的铜铃……新市古镇恰似一本未读完的旧书??，藏着沈铨故居的未解之谜、运河商船的古老传说。待下次造访，定要循着地图探访画楼，看工笔花鸟在宣纸上灵动生辉；再于廊棚下闲坐，啜一口碧绿茶汤，听老人们讲述运河浪花里的往事～-       ,1,,,,,,,,,,,,,
"五一黄金周，想要好好放松一下的话，这座颇有水乡风情的古镇是再好不过的选择。新市古镇位于浙江省湖州市德清县境内，距今已有1700多年的历史。千百年来居民临河而建，傍桥而市，形成典型的江南风情，??景点推荐：??吟仙亭：吟仙亭位于景区入口处，吟是欢迎的“迎”的谐音，意为迎接远道而来的朋友。凉亭的石柱上刻有南宋诗人杨幡的诗句，中间顶上为“阴阳鱼”，旁边所绘蝙蝠、鹿、仙鹤，分别代表福、禄、寿三种美好的祝愿。??林家铺子：茅盾的姑妈是乌镇人，她嫁到了新市的钱宅，茅盾小的时候总是来姑妈家玩，并以此为样本创作了短篇小说《林家铺子》，后来同名电影拍摄的时候也在这一带取景，遂有了这个景点。??太平桥：太平桥为单孔石桥，横跨小西河。始建于宋朝，明清时期得到重建。两侧栏杆至今仍保留石狮数个，桥石基座上刻有楹联。5/1假期，新市古镇将举行隆重的开街仪式和丰富的市集、表演活动，非遗打铁花、好声音学员助阵，夜晚放花灯许愿、还能和杨万里、沈铨等古代名人把酒言欢，看官方放出的节目单感觉真的不能错过捏。??新市古镇??地址：浙江省湖州市德清县对峰浜1号建议游玩时间：1-3天	",9,"水乡风情,江南风情,吟仙亭,凉亭,诗句,阴阳鱼,福,禄,寿,林家铺子,茅盾,姑妈,乌镇,短篇小说,电影,太平桥,单孔石桥,宋朝,明清时期,石狮,楹联,开街仪式,市集,表演活动,非遗打铁花,好声音学员,夜晚放花灯,许愿,古代名人,杨万里,沈铨,节目单",,,,,,,,,,,,
这是小份的羊肉面30元一份，老板说羊是自己家养的，已经开店10多年，店内环境就是普通的乡下小面馆，洁癖者可能不喜。我老公点的大份40元，我感觉区别不大，小份女生吃足够了，肉还是挺多的，一口气吃光光??????小米辣一定是羊肉面的灵魂，一定要加哦哈哈哈,8,"羊肉面, 自己家养, 开店10多年, 乡下小面馆, 小米辣, 灵魂",,,,,,,,,,,,
这个宝藏小镇真的太好逛了！在杭州的周边，有一个超适合拍照的地方，那就是新市古镇。这里人少景美，随便一拍都很好看[自拍R]。来这玩可以先去走走河边的老街，然后去体验一下当地很有特色的围炉煮茶、k 歌。这里的氛围感也太强了吧！还可以到附近的果园摘水果，自己动手丰衣足食的感觉真的很棒哦！下午的话推荐你们去逛逛青砖古瓦马头墙的新市老街，感受一下这座千年古镇的魅力。当然啦，如果你们是像我一样开车来的，那就可以把车停在离古镇不远的停车场，步行几分钟就到啦！这样的一天下来，真的是惬意又放松呀！??：浙江省湖州市德清县新市古镇关注我，带你解锁更多好玩好吃的地方！[赞R]    ,10,"人少,景美,河边老街,围炉煮茶,K歌,氛围感,果园摘水果,青砖古瓦马头墙,新市老街,千年古镇魅力,停车方便,惬意放松",,,,,,,,,,,,
新市古镇，一座位于德清的小镇，离杭州不远，我常去。一方茶糕，一束暖阳就是我水乡慢时光。      ,9,古镇原貌,水乡慢时光,茶糕,暖阳,,,,,,,,,
二十几年没去过了，古镇错落有致还不错，逛个半天还是别有风情  ,8,"古镇错落有致,别有风情",,,,,,,,,,,,
[色色R]｜把「新客人」带回家的治愈小物合集――?【新客人茶驿の限定文创】?把新市古镇的千年仙气装进口袋！今天挖到宝了～[棒R]必入TOP3??「五仙桥」系列玩偶会仙桥的飘逸、望仙桥的灵秀…每座桥都有专属表情！「五仙桥」帆布袋行走的江南水墨画！背它走过真桥时，会收获路人'哇塞'的眼神「五仙桥」IP冰箱贴把五座仙桥的灵气吸在冰箱上――[心心眼R]仙气伴手礼[亲一个R]印花工艺钥匙扣印章组―盖章秒变水墨长卷明信片―不是普通的明信片，是能邮寄的迷你水墨画……还有更多等你们来解锁！――??新市古镇南昌街22号「新客人」驿站      ,3,,,,,,,,,,,,,
[一R]清明假期高速免费，从张家港开车到湖州德清县新市古镇约240公里，一路畅通花费2.5小时。[二R]景区不大，特色景点有状元桥，太平桥，钟楼弄，西河口。[三R]商业化较严重，肯德基，星巴克，必胜客，瑞幸应有尽有。[四R]小桥流水意境不错，十点还有美女水上漂的表演，慵懒的在河边喝喝茶相当惬意。[五R]中午驱车30多公里打卡陈都乐浙江土菜馆(余英坊店)，人较多，胜在翻桌率高，饭菜较满意。[六R]下午入住德清莫干山地信开元名庭大酒店，价格适中，准备三点出发庾村广场看夜景。    ,1,,,,,,,,,,,,,
"说起浙江 湖州并不会被最先提及但它的确是一个水墨缭绕 清秀惬意之地-??两日路线???D1:湖州市区一日游D2:莫干山/新市古镇-??打卡攻略????衣裳街??徐忠良定胜糕麦香血糯米糕一定要尝！内馅是稍甜的燕麦奶黄味！好吃????佬钱湾仔很多本地人都会去的一家店！推荐牛肉粉丝汤 味道很鲜 牛肉挺多的喜欢皮薄的可以点蟹肉汤包 厚的就点松毛汤包??旧叙茶湖州特色的柠檬奶 更喜欢这家柠檬味更突出 甜而不腻	??小西街??Slow D coffee西街刚开不久的咖啡店有很多湖州限定咖啡！比较有特色??一二三两他家招牌三两咖啡就是澳白整体是比较浅的 微酸的口感空间很大 可以上房揭瓦位置很隐蔽 很安静 宠物友好！PS:湖州市区还有两家咖啡店也??分别是拾月咖啡和一矢柄～拾月咖啡有一扇很美的窗户 外面就是??街道	??渔人码头湖州标志性建筑“马桶盖”的所在地天气好的话是个看日落的好地方??-莫干山/新市古镇都靠近??德清站都是出站后打车过去比较方便	??莫干山(??大概30多分钟)来莫干山的话可以体验一下爬山徒步???庾村(商业街区)―莫高坞―剑池(??坐车下山)这条路线比较适合第一次来莫干山的姐妹大概一个小时左右路程基本上是土路 但也不会很难走直接导航到4??号停车场位置???但是周末往剑池会收费(平时免费)	??新市古镇(??大概50分钟)湖州小众古镇 避免人挤人?????♀?有很多茶馆 适合嗑瓜子唠嗑??三姑娘茶糕新市传统小吃！传统的咸口肉馅他家茶糕里的肉超级大块 味道很鲜！新市必吃！??玲阿娘/老沈梅花糕玲阿娘是上过央视的 基本要排队不想排队就去老沈 里面是细腻的豆沙 最好趁热吃??企鹅咖啡古镇里很??的咖啡店 有两只??有玻璃房 冬天可以晒太阳dirty和苹果肉桂拿铁都还不错??羊肉面新市羊肉很有名！软嫩入味！大家可以吃一碗羊肉面再走～-德清有一家宝藏咖啡店red cube非常推荐莫干店的话是周末才营业！武康店是周四店休是我在德清的心头好！无论格调还是咖啡都nice～	         @城市情报官",1,,,,,,,,,,,,,
"五一想避开人挤人的城市去小镇里悠闲地走走逛逛那我一定要推荐你这个颇有水乡风情的古镇??	小镇坐落于浙江省湖州市德清县境内距今已有1700多年的历史傍桥而市，可以感受到小桥流水人家的惬意??	?游玩时间：1-3天??景点推荐：吟仙亭-林家铺子-太平桥-状元桥-觉海寺	1??吟仙亭就在景区入口处，吟是欢迎的“迎”，意为迎接远道而来的朋友????????旁边所绘蝙蝠、鹿、仙鹤，分别代表福、禄、寿三种美好的祝愿！	2??林家铺子：这里是茅盾短篇小说《林家铺子》的原型噢！后来同名电影的拍摄??也在这一带取景～很值得打卡！	3??状元桥：为了纪念宋朝时新市人吴潜考中状元，因此取名，蕴含金榜题名之意??家里有中高考学子就更要来这里走一走啦???♂?	??在五一假期中，新市古镇将举行隆重的开街仪式，现场有非遗打铁花，还有好声音学员助阵，夜晚放花灯许愿～炒多节目可以期待一下噢??！	      ",1,,,,,,,,,,,,,
江南古镇很多，想找一座古色古香，又保留原汁原味的并不多，新市古镇便是这样的存在。?新市古称仙潭，建镇也有一千多年历史，这里曾是浙北地区大运河畔的重要商埠，也是江南七大古镇之一。镇在城中，运河穿镇而过，因水成街，全镇被水划分为18个区域，72座拱桥将他们连成一片，街巷里弄贯穿全镇，构成了一副江南特有的小桥流水画卷。??古镇特色：古镇慢慢走一圈也就两个来小时，可以看看老式河埠、骑楼长廊、各种古桥、历史遗迹等，也有《林家铺子》、《蚕花姑娘》等影视取景地。?古镇的另一边，游客更少，有刘王庙、觉海寺等景点，有时间也可以走过去逛逛。?逛累了，沿河边有很多茶馆，点杯白茶、莫干黄芽，再弄份瓜子、水果等，聊聊天发发呆感受岁月静好，现在也很流行围炉煮茶。??古镇特色小吃：?茶糕:已有400多年的历史，糯米+猪肉，糯叽叽咸香微带甜，也有豆沙馅的，古镇上也有很多茶糕，进口的广福斋还可以。?梅花糕:一把青红丝，一颗大红枣，下面是热腾腾的豆沙，上边是软软的糯米糕，古镇里也有很多卖的，玲阿娘梅花糕、老沈梅花糕相对出名。?芽麦圆子，也叫芽麦塌饼，已有数百年历史，是德清县非物质文化遗产，这款春天里的水乡点心，散发着春草的清香，也是豆沙馅的，热乎的口感比凉的好吃。?酥羊大面:一碗羊肉，一碗面，羊肉酥烂入味，拌着面很香（黄毛鸭绞面也是特色，老鸭汤泡着的面，再搭配酥软鸭脚鸭胗千张包）。?雪饺:小时候的零食，外面一层绵白糖里面层层酥脆。?慎大糕点:本地老底子的糕饼店，古镇里的比较小，镇外有家比较大的，很多可以选择，适合结束带点回去。??门票：进古镇免费，里面的各个小展馆进去需要收费。??公共交通：杭州高铁至德清站下车，只需十来分钟，出站后往旁边汽车客运站步行几分钟，坐202路公交，坐到底，出站沿着仙潭路就可以到古镇区域。        ,9,"古镇原貌,商业水平不高,童年的梦,古色古香,原汁原味,千年历史,大运河,江南七大古镇,小桥流水,老式河埠,骑楼长廊,古桥,历史遗迹,影视取景地,刘王庙,觉海寺,茶馆,白茶,莫干黄芽,围炉煮茶,茶糕,梅花糕,芽麦圆子,酥羊大面,雪饺,慎大糕点,免费门票,公共交通便利",,,,,,,,,,,,
一年一度的新市蚕花庙会，今天带娃嘎闹忙[派对R]从我小时候起就每年清明假期举办蚕花庙会了，祈求养蚕大丰收，祈求美好祝愿[福R][烟花R][气球R][红色心形R]欢迎大家来新市古镇游玩[偷笑R][赞R][派对R]      ,9,"新市古镇,蚕花庙会,祈求美好祝愿,养蚕大丰收,童年的梦,传统活动",,,,,,,,,,,,
"一直想拍一株梨花，上周末终于在距离杭州仅30公里的新市古镇，找到了这棵在硕大无朋的梨树。我们遇到她的时候，她正默默守在古镇青绿的河道边，纷纷开且落。偶有游人驻足观望，惊叹于自然之力。	那日我提着琴，凭栏而立，看一树如雪的繁花，忽然想到，这不正是苏轼诗里「惆怅东栏一株雪，人生看得几清明」的现实写照吗？	??定位：湖州新市古镇中心位置??门票：无	??花期预计：本周内??拍摄时间：2025年3月23日	?? ?? ?? ?? ?? ?? ?? ?? ??",9,"梨花,古镇原貌,自然之力,苏轼诗,青绿河道,一树如雪,繁花,凭栏而立,无门票,中心位置",,,,,,,,,,,,
"五一想避开人挤人的城市去小镇里悠闲地走走逛逛那我一定要推荐你这个颇有水乡风情的古镇??	小镇坐落于浙江省湖州市德清县境内距今已有1700多年的历史傍桥而市，可以感受到小桥流水人家的惬意??	?游玩时间：1-3天??景点推荐：吟仙亭-林家铺子-太平桥-状元桥-觉海寺	1??吟仙亭就在景区入口处，吟是欢迎的“迎”，意为迎接远道而来的朋友????????旁边所绘蝙蝠、鹿、仙鹤，分别代表福、禄、寿三种美好的祝愿！	2??林家铺子：这里是茅盾短篇小说《林家铺子》的原型噢！后来同名电影的拍摄??也在这一带取景～很值得打卡！	3??状元桥：为了纪念宋朝时新市人吴潜考中状元，因此取名，蕴含金榜题名之意??家里有中高考学子就更要来这里走一走啦???♂?	??在五一假期中，新市古镇将举行隆重的开街仪式，现场有非遗打铁花，还有好声音学员助阵，夜晚放花灯许愿～炒多节目可以期待一下噢??！	      ",1,,,,,,,,,,,,,
??【在湖州看见美丽中国】水墨江南的治愈系打开方式???坐标：浙江・湖州“行遍江南清丽地，人生只合住湖州”这座被苏杭光芒掩盖的宝藏小城藏着《诗经》里的蒹葭苍苍晕染着赵孟\笔下的水墨长卷跟我一起走进教科书级的东方美学秘境吧！??【必打卡推荐】? 南浔古镇"走遍江南九十九，不如南浔走一走"摇橹船划过百间楼的倒影张石铭故居的西洋彩玻与中式雕花碰撞坐在E塘河畔喝一盏熏豆茶看晚霞把百年廊桥染成琥珀色??出片圣地：小莲庄荷田/刘氏梯号红砖楼? 莫干山秘境住进竹林云海间的设计师民宿清晨被鸟鸣唤醒，午后溯溪踩水在庾村文化市集淘手作青瓷别忘了打卡"全球最值得去45个地方"之一的裸心堡??避世Tips：剑池飞瀑徒步路线超治愈！? 太湖之眸在月亮酒店灯光秀里见证"潮起南太湖"渔人码头的风裹着银鱼炒蛋的香气等一场橘子汽水味的日落时记得尝尝"太湖三白"――白鱼白虾银鱼羹??【文化彩蛋】→ 湖笔博物馆：亲手制作狼毫笔尖→ 荻港古村：千年鱼桑文化活化石→ 新市古镇：黄酒棒冰配羊肉面的神仙吃法??交通指南上海/杭州高铁直达湖州站推荐租车自驾，沿途皆是"小瑞士"级风景??美丽中国观察笔记：在安吉余村看"绿水青山"生态奇迹到长颈鹿庄园与萌宠亲密接触德清下渚湖湿地遇见朱q翩跹原来人与自然可以这样诗意共生！?湖州的美是茶圣陆羽煮过的紫笋清泉是丝绸之府摇曳的绫罗光影更是现代版富春山居图的生活提案这个周末，一起做画中人吧～??        ,10,"新市古镇,黄酒棒冰,羊肉面,神仙吃法",,,,,,,,,,,,
四十平小店藏在小巷里，新款还天天更新    ,8,"小店,小巷,新款,天天更新",,,,,,,,,,,,
春天气温回暖点开地图，杭州临平出发，选择一个小众小镇即刻出发在新市古镇晒晒太阳，看老人们晒着太阳聊着天惬意自在古镇不大，商业气息较差（打造过，估计人流量不行）但一些知名品牌也有入驻在古镇中心一颗春日梨花盛开超级好看！值得打卡??免费???好停车，游客中心前??建议自驾（公交：乘坐418M到禹越镇汽车站，乘坐351（时间记得卡准哦）??尼康zfc 50-250         ,1,,,,,,,,,,,,,
新市古镇踏入古镇，时光悄然慢下了脚步。脚下，青石板路被岁月打磨得光滑，每一步都似与往昔温柔对话 。街边，木质楼阁错落有致，雕花木窗半掩，露出屋内几缕暖光。河畔，垂柳依依，细长的柳枝垂落在平静河面，泛起丝丝涟漪。古桥横跨两岸，连接着生活的琐碎与诗意。老人坐在桥头，悠闲地晒着太阳，脸上刻满了岁月的故事。在这里，没有车水马龙的喧嚣，只有鸟鸣、水流和邻里的寒暄。找一家临河茶馆，点一盏香茗，看茶叶在水中舒展、沉浮，任阳光洒在身上，满心都是慵懒与惬意。,10,"青石板路,木质楼阁,雕花木窗,暖光,河畔,垂柳,平静河面,古桥,生活诗意,老人,岁月故事,鸟鸣,水流,邻里寒暄,临河茶馆,香茗,茶叶舒展,阳光,慵懒惬意",,,,,,,,,,,,
有段时间没来的新市古镇发展得越来越好了,9,"新市古镇,发展,变好",,,,,,,,,,,,
"??：出差间隙，除了老德清乾元古镇，新市古镇也是一处绕不开的地方，相比起乌镇的游客的喧嚣和拥挤，这里可以满足你对古镇慢生活的所有想象：	1??：河流上错落的旧房子??2??：布满青苔的石板桥3??：传统手工艺的小店4??：围炉煮茶的安逸??5??：斑驳白墙上爬满的枯萎植物??6??：甜口的羊肉面????拍摄技巧：非常适合阴天或者光线较为柔软的午后扫扫街	??：湖州市｜德清县｜新市古镇 → 徒步路线的话建议导航新市古镇明清老街西河口即可，具体见最后一张截图，石板桥和羊肉面都在这附近，顺着西河口两侧岸边都可以慢慢闲逛，不用花费太长的时间，老宅和进士坊都是很值得推荐的[偷笑R][偷笑R][偷笑R]	          ",9,"古镇慢生活,旧房子,青苔,石板桥,传统手工艺,围炉煮茶,斑驳白墙,枯萎植物,羊肉面,老宅,进士坊",,,,,,,,,,,,
超绝古风社团和@NYLON尼龙 春游，在德清古镇逛市集、看表演，春和景明超开心！   ,9,"古风,市集,表演,春和景明",,,,,,,,,,,,
"白墙灰瓦屋檐秀气的一角在呼出历史的迹象??初秋微凉我在湖州德清邂逅了1700年历史的新市古镇	“人家两岸柳阴边，出得门来便入船。”杨万里描绘的新市船运今天也是得观古义了古宅门口，随处可见仿古的摇橹船在古运河上坐一回摇橹船??像是在和另一时空的她在对话??	刚出炉的梅花糕还在滋滋冒着热气??新市的甜蜜在此刻就能融化你	古镇里的新咖啡??有着不一样的味道推开窗斑斓的河道倒影的是千年以前的记忆一眼万年	每一次呼吸 每一次凝视从前的京杭大运河仿佛又重现天日它链接了历史与现代??因为它让现在的我们能愉悦地在这片建筑中游览??	如果你也想重温在摇橹船的记忆新市会是你的最佳选择??       ",10,"白墙灰瓦,屋檐秀气,历史迹象,初秋微凉,湖州德清,1700年历史,新市古镇,人家两岸柳阴边,杨万里描绘,新市船运,古宅门口,仿古摇橹船,古运河,另一时空,刚出炉梅花糕,滋滋热气,新市甜蜜,古镇新咖啡,不一样味道,推开窗,斑斓河道,千年记忆,一眼万年,每一次呼吸,每一次凝视,京杭大运河重现,链接历史与现代,愉悦游览,重温摇橹船记忆",,,,,,,,,,,,
街角飞奔而来的少年，你是否还记得  ,7,,,,,,,,,,,,,
"11月周末带着孩子，去新市古镇玩了两天，天气不冷不热，人也少，挺不错的[赞R]古镇不大，一两个小时就可以逛完，相对原始的古镇吧，河边很多都没有围栏[笑哭R]美食推荐：??梅花糕，推荐，料很多，里面包豆沙，而且还吃到了肥肉??羊肉面，推荐，羊肉有点辣辣的很好吃	??猪肝拌面，看着还不错，就是有点咸，我不太喜欢	??????????餐厅推荐：「大红门」，强烈推荐，菜好吃，环境也好，而且老板娘又美又热情，它家的菜：羊肉、菠菜鱼圆汤、酱鸭，强推[赞R][赞R][赞R]??游玩推荐：摆渡船，推荐，真的很不错，坐着也不晕，而且船上看的风景真的不一样	??????????强推强推酒店：德清新市古镇假日酒店，环境特别美丽，天气好的时候很出片（图片前两张就是酒店），酒店也很适合小孩子玩，本次出游大部分的快乐都是酒店给的??????       ",9,"天气不冷不热,人少,古镇不大,原始,梅花糕,料多,豆沙,肥肉,羊肉面,辣,好吃,猪肝拌面,咸,大红门,菜好吃,环境好,老板娘美又热情,羊肉,菠菜鱼圆汤,酱鸭,摆渡船,风景不一样,德清新市古镇假日酒店,环境美丽,适合小孩子玩",,,,,,,,,,,,
"?【重磅预告】?当千年新市古镇遇上Z世代文化「新客人」终于要和大家见面啦！? 开驿时间：2025.4.6 上午10:00?? 文艺坐标：新市古镇南昌街22号――?? 三大必打卡理由：?? 湖州学院?新市镇官方认证大学生创新创业基地+大学生实践基地双重挂牌??? 古镇C位选址坐在老宅里喝新茶，拍照自带岁月滤镜?? 青年力爆棚茶器/文创/国潮茶会…玩转传统新表达――?开业优惠！全场茶水19.9/杯 湖院学子进店消费即送文创周边――PS：开业当天会有各类表演和特色摊位，穿汉服来拍照更出片哦！??	     ",9,"古镇原貌,商业水平不高,童年的梦,创新创业,实践基地,老宅,新茶,岁月滤镜,青年力,茶器,文创,国潮茶会,传统新表达,开业优惠,汉服,拍照",,,,,,,,,,,,
"新市古镇随手拍??	外出的多了每次出行，重要的不是去哪儿而是在每次出行中收获的点点滴滴	这些点点滴滴无意中都在强化治愈自己的内心让自己在生活中每次艰难，迎风时刻内心能多一点阳光让自己面对困难，不那么轻易放弃	记录生活，持续分享美好瞬间[喝奶茶R]	",9,"古镇原貌,商业水平不高,童年的梦,治愈内心,美好瞬间",,,,,,,,,,,,
上海建桥学院时尚传播系国风演出团队跟着@NYLON尼龙 来到了新市古镇。身着古装，跟随着@NYLON尼龙在街头巷尾开展踏青活动，感受非遗文化并亲自参与。给大家带来了精彩的表演。非常精彩的活动! ,10,古镇原貌,商业水平不高,童年的梦,古装,街头巷尾,踏青,非遗文化,参与,表演,活动精彩,,,
?? 上海建桥学院新闻传播学院时尚传播系国风演出团队来到新市古镇啦！跟着@NYLON尼龙 一起踏青，前所未有的非凡体验。[登山鞋R]身着古装行走在古镇街头，以另一种视角游古镇，大家真正成为了古镇中的一部分，穿越时空身临其境，好开心的出游体验！！！    ,10,"古镇原貌,商业水平不高,童年的梦,非凡体验,身临其境,开心出游",,,,,,,,,,,,
"浙江湖州德清新市古镇	从没见过周六周日人还这么少的古镇	苏州开车过来很近，住了新开的新市古镇假日酒店	有阳台，适合周末来放空，看着运河发呆躺平	           ",1,,,,,,,,,,,,,
楝树花开，随风飘散在河边喝茶吹吹风晃悠一下午,8,"楝树花,河边,喝茶,吹风,晃悠,下午",,,,,,,,,,,,
1、南浔古镇特色：江南六大古镇之一，5A景区地址：浙江湖州2、鲁迅故里特色：感受鲁迅笔下的江南地址：绍兴越城区3、柯桥古镇特色：华灯初上的江南水乡绝美地址：绍兴柯桥4、安昌古镇特色：人间烟火气最抚凡人地址：绍兴柯桥5、鸣鹤古镇特色：一般真找不到这么安静原始的古镇地址：宁波慈溪6、塘栖古镇特色：杭州最被低估的一个古镇，小众又有趣地址：杭州7、新市古镇特色：宁静、淳朴、悠闲，慢品一场江南烟火地址：湖州德清8、崇仁古镇特色：历经千年江南烟雨，是小众中的小众地址：绍兴嵊州9、梅城古镇特色：浙版大理古城．江南，满满的江南古镇味道和古朴的文化气息地址：杭州建德    ,8,"宁静, 淳朴, 悠闲, 江南烟火",,,,,,,,,,,,
一年一度的新市蚕花庙会，今天带娃嘎闹忙[派对R]从我小时候起就每年清明假期举办蚕花庙会了，祈求养蚕大丰收，祈求美好祝愿[福R][烟花R][气球R][红色心形R]欢迎大家来新市古镇游玩[偷笑R][赞R][派对R]      ,9,"新市古镇,蚕花庙会,祈求美好祝愿,养蚕大丰收,童年的梦",,,,,,,,,,,,
"11月周末带着孩子，去新市古镇玩了两天，天气不冷不热，人也少，挺不错的[赞R]古镇不大，一两个小时就可以逛完，相对原始的古镇吧，河边很多都没有围栏[笑哭R]美食推荐：??梅花糕，推荐，料很多，里面包豆沙，而且还吃到了肥肉??羊肉面，推荐，羊肉有点辣辣的很好吃	??猪肝拌面，看着还不错，就是有点咸，我不太喜欢	??????????餐厅推荐：「大红门」，强烈推荐，菜好吃，环境也好，而且老板娘又美又热情，它家的菜：羊肉、菠菜鱼圆汤、酱鸭，强推[赞R][赞R][赞R]??游玩推荐：摆渡船，推荐，真的很不错，坐着也不晕，而且船上看的风景真的不一样	??????????强推强推酒店：德清新市古镇假日酒店，环境特别美丽，天气好的时候很出片（图片前两张就是酒店），酒店也很适合小孩子玩，本次出游大部分的快乐都是酒店给的??????       ",1,,,,,,,,,,,,,
"01、温婉水乡，诗意栖息??浙江湖州湖州，被誉为“太湖明珠”，湖水悠悠，碧波如画。南浔古镇，石板路蜿蜒，古宅静谧，垂柳依依，宛如一幅诗意的水墨画卷。小舟轻摇，渔歌悠扬，站在青石桥上，湖光山色尽收眼底，柳影婆娑间，宁静的时光仿佛从远古流淌而来，让人沉醉。?受欢迎的地方：南浔古镇、莫干山、太湖旅游度假区、新市古镇、德清下渚湖湿地公园?好吃的美食：湖州大馄饨、千张包子、湖州生煎、油墩子	02、阳光海岛的热带风光??海南陵水陵水，位于海南岛之南端，宛若一颗耀眼明珠，在热带阳光下熠熠生辉。漫步沙滩，脚下细沙绵柔，海风带着淡淡的咸味轻拂脸庞。黄昏时分，品一杯香茗，观海鸥翱翔，心中的焦虑随风而散。?受欢迎的地方：分界洲岛、南湾猴岛、呆呆岛、清水湾度假区?好吃的美食：气鼓鱼粥、陵水酸粉、文罗鹅、椰香鱿鱼	03、江南最美乡村??江西婺源婺源，被誉为“江南最美乡村”，犹如一幅素雅的水墨画卷。晨曦中，薄雾缭绕于山峦之间，景色如梦似幻。春日，油菜花金黄一片，田野风光如诗如画，引人驻足。?受欢迎的地方：篁岭、江岭、江湾古镇、晓起村、李坑?好吃的美食：婺源荷包红鲤鱼、篁岭晒秋饼、清明@、葛粉羹	04、《国家地理》江南最后的秘境??浙江松阳松阳，这座被山水环抱的小城，宛如人间仙境。古老的村落，黄墙黑瓦，小桥流水人家，每一处都散发着历史的韵味。在这里，时光似乎放慢了脚步，山水之声、流水之歌，漫步古村石板路，聆听风过树梢，享受与世隔绝宁静。?受欢迎的地方：松阴溪景区、大木山茶园、杨家堂古村落、酉田村、西屏古镇?好吃的美食：松阳薄饼、清明@、豆腐煲、麦鼓头、糖糕	05、生态绿洲，山水画卷??广东清远清远，粤北的山水之城，群山环抱，河流纵横，空气清新。你可以在黄腾峡的漂流中，与水亲密接触；或在佛冈温泉中，泡在热气腾腾的泉水里，感受身心的放松。?受欢迎的地方：黄腾峡漂流景区、佛冈温泉小镇、古龙峡森林探险王国、连州地下河、湟川三峡?好吃的美食：清远鸡、英德红茶、连州菜心、阳山淮山06、《清明上河图》创作地??河南开封开封，富贵迷人眼，时光在此仿佛凝固。东京、汴京、汴梁…这些古往今来的名字是她繁荣印证，漫步大观园、清明上河园，仿佛能听见古人吟咏的诗声，目睹宋代市井的繁华。?受欢迎的地方：清明上河园、大观园、开封府、铁塔公园、龙亭公园?好吃的美食：开封灌汤包、炒凉粉、花生糕、桶子鸡、杏仁茶",8,"古镇原貌,水乡,诗意,石板路,古宅,垂柳,小舟,渔歌,青石桥,湖光山色,柳影,宁静,时光,远古,沉醉",,,,,,,,,,,,
"江浙沪一带除了江南四大名镇，去周边走一走，不乏发现很多小众又充满烟火气的江南古镇~湖州的新市古镇，拥有1200多年历史，居民房临河而建。相比其他网红古镇，这里仿佛被时光遗忘，安静淳朴。这里仍居住着很多本地居民，他们临河吃茶聊天，谈吐着方言，是我见过最真实的江南。	??：湖州市德清县仙潭路54号??：免费（且物价便宜）??：杭州自驾1h??：梅花糕、茶糕、阿玲梅花糕、羊肉面、富贵小吃店??：虽然不及其它江南水乡精致，但拍照也还不错，小摊折扇10元/把，适合当道具。	        ",8,"古镇原貌,烟火气,1200多年历史,临河而建,安静淳朴,本地居民,方言,真实江南,免费,物价便宜,梅花糕,茶糕,阿玲梅花糕,羊肉面,富贵小吃店,拍照,小摊折扇",,,,,,,,,,,,
"趁着工作日 偷闲到新市古镇溜达一圈新的商业区应该是整个德清范围内算是数一数二的（比上一篇的那个强太多了）	整体商业区衔接古镇 基本上满足了到古镇游玩的饮食问题 （毕竟也不是谁都喜欢吃土菜）整体规划有序 绿化密度谈不上高 但也满足了商业区的要求图一这个灯塔和烟囱很出片 （我没有模特只能放个空镜）",8,"工作日,古镇原貌,商业水平不高,童年的梦,新的商业区,饮食问题,整体规划,绿化密度,灯塔,烟囱",,,,,,,,,,,,
"浙江湖州德清新市古镇	从没见过周六周日人还这么少的古镇	苏州开车过来很近，住了新开的新市古镇假日酒店	有阳台，适合周末来放空，看着运河发呆躺平	           ",1,,,,,,,,,,,,,
古镇较小，江南水乡韵味十足，建议顺道游玩[赞R],8,"江南水乡,韵味十足",,,,,,,,,,,,
位于浙江省湖州市德清县，距今已有数千年历史，千百年来居民临河而建，傍桥而市，新市是浙北地区大运河侧的重要商埠，自古繁华，民风质朴，人才辈出，保留了许多丰富的历史文化，并且依旧保持着古香古色的江南水乡风情。??交通：自驾???停车场：非常方便 （收费5元起）??门票：免费???：.梅花糕必吃??游览时间：2-3h，里面很大，由于时间我没逛完，是值得二刷的古镇，走进到古镇小巷，烟火气息真的扑面而来，去这里度过周末真的好惬意。,1,,,,,,,,,,,,,
"第一次尝试马面，想找一个人少一点的小镇走走逛逛拍拍照，说实话，嘉兴古镇不要太多，乌镇，西塘…但相对人也较多，我妈推荐了家附近的湖州新市古镇，还真不错???停车：路边免费，我当时直接去了觉海禅寺边??门票：免费！！！当时我想要拍黄墙照片，因此直接去了觉海禅寺，我可是5月2日去的，但是车位也还比较好找，觉海禅寺比较小，但是拍照是足够的，然后我们慢慢一点点逛到景区中心，景区中心人还是比较多的，梅花糕一定要吃！真的巨好吃！由于时间关系，没有在景区中心逛很久，但是肯定会二次打卡的，下回找个下雨天再去一趟。毕竟人少景好还免费！感谢摄影李老师@Cyan [偷笑R][偷笑R][偷笑R]	   ",1,,,,,,,,,,,,,
没什么比小姐姐更加治愈了，要是有，那就是蚕花姑娘的笑。拍摄于4月4日清明节的新市   活动《蚕花庙会》        ,9,"小姐姐,治愈,蚕花姑娘,笑,新市,蚕花庙会",,,,,,,,,,,,
"“我和你要去闻闻新鲜的春天”然后躲进杜鹃花丛里 不要被找到	   @摄影薯",8,"春天,杜鹃花丛,摄影",,,,,,,,,,,,
来新市古镇必吃梅花糕[色色R]马上清明又有蚕花庙会[自拍R]只是今天这天气真滴热??    ,8,"梅花糕,蚕花庙会",,,,,,,,,,,,
1、南浔古镇特色：江南六大古镇之一，5A景区地址：浙江湖州2、鲁迅故里特色：感受鲁迅笔下的江南地址：绍兴越城区3、柯桥古镇特色：华灯初上的江南水乡绝美地址：绍兴柯桥4、安昌古镇特色：人间烟火气最抚凡人地址：绍兴柯桥5、鸣鹤古镇特色：一般真找不到这么安静原始的古镇地址：宁波慈溪6、塘栖古镇特色：杭州最被低估的一个古镇，小众又有趣地址：杭州7、新市古镇特色：宁静、淳朴、悠闲，慢品一场江南烟火地址：湖州德清8、崇仁古镇特色：历经千年江南烟雨，是小众中的小众地址：绍兴嵊州9、梅城古镇特色：浙版大理古城．江南，满满的江南古镇味道和古朴的文化气息地址：杭州建德    ,9,"宁静, 淳朴, 悠闲, 江南烟火",,,,,,,,,,,,
"「南浔区，目前下辖2个街道、8个镇：东迁街道、旧馆街道、南浔镇、双林镇、练市镇、善琏镇、菱湖镇、和孚镇、千金镇、石淙镇」[鼓掌R]地道南浔，带你走进『善琏镇』善琏镇，中国湖笔文化和蚕文化发祥地，素有“湖笔之都 蚕花圣地”的美誉。[种草R]善琏・半日游[向右R]【善链湖笔文化馆】：围绕湖笔历史、制作技艺、笔工传承、社会习俗、湖笔与书画文化等内容，展示湖笔文化的发展[打卡R]周二到周日：9:00-11:30 13:00-16:30[向右R]【善链湖笔厂】：始建于1959年，在这里可以看到整支湖笔的一系列制作过程，厂子很有年代感，特别是生产车间（首图），让人不禁心静下来，想亲眼看到一支湖笔的诞生[向右R]@善琏老街 ：曾经是“老轮船码头”的所在地，由当地文旅打造的特色老街区，虽然整体不是很大，业态也不是很丰富，周边也就是当地乡村，但正是乡村的安静淳朴使得街区的小店更有味道。而且还有几座古桥，街区的店铺都也多改造自老房子本身，偏文艺、创意，很适合来这里看看湖笔文化，再悠哉地小逛下老街。	――――――我是「地道南浔」发现、记录、分享南浔，不难寻[鼓掌R]        ",9,"湖笔文化,制作技艺,笔工传承,社会习俗,书画文化,湖笔厂,年代感,生产车间,善琏老街,乡村安静,淳朴,古桥,文艺,创意",,,,,,,,,,,,
清明小长假前一天趁天气晴好，人流没有密集赶了一天场子[偷笑R]。白天一脚油门带父母去新市古镇闲逛喝茶吃老爷子心心念念的羊肉面，顺手还买了几个现包的大肉粽。学美术的高中生在河边写生给平时安静古朴的小镇平添了几分活力与热闹。晚上和老同学在最热闹的河坊街茶楼聚会闲磕牙。女人们聚一起总是觉得时间过得太快，很多话还来不及说。退休躺平的生活也是忙忙碌碌[笑哭R]   ,9,古镇原貌,商业水平不高,童年的梦,闲逛,喝茶,羊肉面,大肉粽,高中生写生,活力,热闹,古朴,茶楼聚会,退休生活
周末选择去车程一小时就能抵达的新市古镇，想着品尝一下新市美食，打卡了小红书推荐的一些店，说实话还挺失望的，最出名的玲阿娘梅花糕没有开门，买了老沈梅花糕，甜甜的红豆馅里面加了猪油渣，外皮脆脆的，表面撒了红枣碎跟青红丝，没吃过的可以尝一尝。不得不吐槽两家店，一个是黄毛鸭绞面店，在景区外面不到一公里吧。味道超级普通，无非是鸭货软烂脱骨，这玩意你搁家高压锅压不出来吗？要说多鲜美那也是夸张了，就是很清淡的口味，没有吹的那么好吃，而且店里大妈有点超雄，我点完餐就付钱了并且给老板看了付款页面，所以吃完就走，上菜的大妈看我要走一直追着我问你是支付宝还是微信，我说我一开始就付好了，她不停重复了三遍我就把付款记录给她看，她看完居然又问了我一句支付宝还是微信，只是没有一开始那么激动，我真的无语，头一次遇到这种。还有一家店叫文x，两个字没记住[失望R]，原谅我没拍照记录，我买了一个茶糕一个麦芽塌饼，茶糕一般，塌饼比较特别，没有内馅就甜甜的糯叽叽口感。主要是商家也不知道咋回事两个人报了三个价格，我觉得真的很奇怪，还是避雷吧。最后还买了一个慎大鲜肉月饼，不是很好吃，肉馅咸了，没啥特别。总之，我吃的这些都不是很推荐，可以尝尝其他的[笑哭R],1,,,,,,,,,,,,,
"湖州三日游攻略	第[一R]天：天津??杭州，落地（21点）租车????一小时抵达新市古镇??宿新市古镇假日酒店，环境优雅，现代与古典的融合氛围，推荐????第[二R]天：?? 新市古镇??小西街，衣裳街??太湖月亮湾广场酒店早餐后，步行进入新市古镇，漫步在小桥流水的千年古巷，原始古朴，人少安静，没有商业化，没有明显的关卡，只有清晨依坐在河畔写生的学生，不需要任何攻略，一砖一瓦都在诉说着岁月的故事，慢悠悠地跨过一座座石板桥，坐在邻水茶馆发发呆，吃上一份6元的梅花糕，仿佛时空已穿越，慢――便是它被偏爱的原因。午后喝过一杯咖啡继续??出发??湖州小西街&衣裳街，小西街白墙黛瓦，打造得文艺气息十足，随处拍照都很出片，咖啡小馆各有特色，各个香薰饰品小店都值得驻足闲逛，非常惬意；穿过一个停车场就是衣裳街，各种美食，在胃口能承受的范围内把能尝的网红小吃都尝了（准备后面再专门写一遍美食），推荐盘古烤猪蹄，不枉费排队吃一口[偷笑R]最后回到小西街油车巷打卡“官也糖水铺”，点的龙眼竹荪马蹄沙，简直太棒了，yyds[耶R]吃好喝足前往太湖月亮湾广场欣赏夜景，赏一赏网红马桶圈灯光秀，美轮美奂[点赞R]??宿湖州希尔顿花园酒店第[三R]天：??深蓝计划：景色绝美，适合发呆，拍照，享受慢时光。门票包含咖啡（美式或拿铁二选一）。??白茶观景台：绿绿的茶园，太治愈了，人品爆发，没啥人，网红观景台随便拍拍拍??（门票包含??特色饮品）??小隐半日村：民宿集合村落，适合休闲度假??江南天池：好多人都被骗了，说进去没啥，可以在山路上拍照，其实??其实??其实??不进景区根本啥也看不到，都到门口了一定要进景区，只有进去了才能在观景台拍照山顶天池和绝美公路，藤原豆腐店啥也看不见[抠鼻R]??宿余村吾庐民宿第[四R]天??最美乡村――余村：纯纯的乡间田园范儿，蓝天，白云，麦田，草坪，超级治愈，图书馆，邮局，咖啡馆，文艺范儿满满，设计用心，干净时尚，年轻充满活力，满足了对文艺乡村的一切幻想，爱了??	唯一的遗憾就是小杭坑1号营地关闭，也算是为有机会再来安吉留个理由吧[斜眼R]????湖州高铁站??返回哏都[赞R]      ",1,,,,,,,,,,,,,
啦啦啦，在新市古镇见到周洁琼啦，开心?(?^o^?)?,10,"周洁琼, 开心",,,,,,,,,,,,
一年一度的新市蚕花庙会，今天带娃嘎闹忙[派对R]从我小时候起就每年清明假期举办蚕花庙会了，祈求养蚕大丰收，祈求美好祝愿[福R][烟花R][气球R][红色心形R]欢迎大家来新市古镇游玩[偷笑R][赞R][派对R]      ,9,"新市古镇,蚕花庙会,祈求美好,养蚕大丰收,童年的梦,传统习俗",,,,,,,,,,,,
 新市蚕花庙会偶遇美女[害羞R] ,7,,,,,,,,,,,,,
"我不允许你们还不知道这几个冷门古镇说真的，真的有被惊艳到！	[星R]夹关古镇――邛崃市古街老巷、木门楼、青瓦屋檐、茶马古道、每月 3、6、9、13、16、19、23、26、29 号是赶集日[放大镜R]美食推荐：夹关四绝：肉汤圆烟熏肉过江鸡嫩豆花、肥肠血旺、邹记饭店的火爆鳝鱼	[星R]海窝子古镇――彭州市瞿上老街、明清川西民居建筑、龙兴寺[放大镜R]美食推荐：付记鹅肉、兰妹油糕、正宗磁峰麻饼、郭妹馍馍、海窝子豆花、辣子鸡、烂龙牛肉馆、海窝子豆汤饭	[星R]新市古镇?――湖州市德清县古桥遗梦、觉海寺、刘王庙、大运河诗路文化数字体验馆、钟兆琳故居[放大镜R]美食推荐：新市茶糕、新市酱羊肉、梅花糕、粢米饭圆、肉馅螺丝、鸭绞面、老月妹牛肉面、阿南煲店、萝卜丝油墩子	[星R]查济古镇――宣城市泾县桃花潭镇查济村是中国现存规模较大的明清古村落之一，查济古街，走马楼、二甲祠、红楼桥、财神桥、宝公祠、德公厅屋等，建筑风格独特，雕梁画栋，翘角飞檐、查济河可乘坐竹筏漂流[放大镜R]美食推荐：酱鸭、烧饼、豆腐脑、臭鳜鱼、板栗烧鸡	[星R]青木川古镇――汉中市宁强县门票60元/人魏氏宅院、回龙场老街、荣盛魁[放大镜R]美食推荐：辅唐宴由魏辅唐喜好的菜肴组成、核桃馍、青木川烤鱼、热米皮、木桶鱼、柴火鸡、麻辣豆干	[星R]松口古镇――梅州市崇庆第、承德大厦、移民纪念广场、松江大酒店、古码头[放大镜R]美食推荐：鱼散粉、企炉饼、炸肉丸、客家娘酒、笋@、糯米鸡、豆腐花、寿桃、蒸粉、古巷豆腐	?? ?? ?? ?? ?? ???? ?? ?? ??",9,"古桥遗梦,觉海寺,刘王庙,大运河诗路文化数字体验馆,钟兆琳故居,新市茶糕,新市酱羊肉,梅花糕,粢米饭圆,肉馅螺丝,鸭绞面,老月妹牛肉面,阿南煲店,萝卜丝油墩子",,,,,,,,,,,,
  回忆篇新市古镇没什么人流量 可能工作日吧感觉不是很大比较吸引人的是古镇老屋里的手艺人们??纯手工的木编工艺 ??龟壳绘画 ??老式理发店他们在老宅用手编织着??自己的生活，比古镇想打造的商业模式更吸引人吧              ,8,"新市古镇,人流量少,工作日,古镇老屋,手艺人,纯手工,木编工艺,龟壳绘画,老式理发店,老宅,生活,商业模式",,,,,,,,,,,,
被纪录片种草??麻，作为古老作物，是最早被穿在身上的纺织品原料。在棉花传入中国前，苎麻可是C位出道，《诗经》里都有青年男女浸麻、洗麻的场景 。明清时棉织物盛行，但夏天大家还是钟情透气清爽的麻布，像浏阳夏布，质地精细、颜色洁白，简直是夏天的救星！??丝绸，那更是中国独有的浪漫。江南新市古镇，老一辈还保留着种桑养蚕的习惯，每到时节，蚕宝宝们就开启“干饭”模式，吃得白白胖胖后就开始吐丝结茧，这也是中国悠久丝绸文明的源头。??从麻到布，从蚕茧到丝绸，每一步都饱含着人与自然的和谐共生。服装设计师马可就一直在探寻人与自然的连接，她的作品让传统手工艺重新焕发生机，云门舞集的服装就出自她手，舞台上舞者们穿着质朴的麻质服装，展现出最原始的生命力 。纪录片里这些麻桑织物的制作过程，真的太震撼了，让我对传统服饰文化有了新的认识。宝子们也快去看看，感受这份来自大自然的馈赠 ！  ,9,"古镇原貌,商业水平不高,童年的梦,古老作物,纺织品原料,苎麻,C位出道,诗经,浸麻,洗麻,棉织物,浏阳夏布,质地精细,颜色洁白,丝绸,中国独有的浪漫,新市古镇,老一辈,种桑养蚕,蚕宝宝,吐丝结茧,丝绸文明,人与自然的和谐共生,服装设计师马可,传统手工艺,云门舞集,麻质服装,原始的生命力,麻桑织物,制作过程,传统服饰文化,大自然的馈赠",,,,,,,,,,,,
"?【重磅预告】?当千年新市古镇遇上Z世代文化「新客人」终于要和大家见面啦！? 开驿时间：2025.4.6 上午10:00?? 文艺坐标：新市古镇南昌街22号――?? 三大必打卡理由：?? 湖州学院?新市镇官方认证大学生创新创业基地+大学生实践基地双重挂牌??? 古镇C位选址坐在老宅里喝新茶，拍照自带岁月滤镜?? 青年力爆棚茶器/文创/国潮茶会…玩转传统新表达――?开业优惠！全场茶水19.9/杯 湖院学子进店消费即送文创周边――PS：开业当天会有各类表演和特色摊位，穿汉服来拍照更出片哦！??	     ",9,"古镇原貌,文艺坐标,大学生创新创业基地,大学生实践基地,古镇C位选址,老宅,新茶,岁月滤镜,青年力爆棚,茶器,文创,国潮茶会,传统新表达,开业优惠,湖院学子,文创周边,表演,特色摊位,汉服",,,,,,,,,,,,
具有千年历史的江南水乡风光 ,9,"江南水乡,千年历史",,,,,,,,,,,,
春风吹碧，春云映绿，晓梦入芳P。软衬飞花，远连流水，一望隔香尘。萋萋多少江南恨，翻忆翠罗裙。冷落闲门，凄迷古道，烟雨正愁人。,7,,,,,,,,,,,,,
新市古镇杭州出发1小时下雨天没什么人很安静放松元松羊肉店????????（羊肉很多好吃好吃）三姑娘茶糕??????（肉馅是带点肥肉的）真传茶糕??????（都差不多味道）（上次在湖州买的一家茶糕肉馅很纯好吃）林小麦烧卖????（皮厚馅太杂）慎大糕点鸡蛋糕??????,1,,,,,,,,,,,,,
佛家有云：人生哪有能如意，万事只求半称心[合十R]新年，心态调节上了新高度，深入思考后，总能找到解脱情绪的方法，不可谓不幸运[耶R],8,"佛家,人生,如意,称心,新年,心态,调节,高度,思考,解脱,情绪,幸运",,,,,,,,,,,,
我是塘栖开过去，30-40分钟就可以到，古镇里面有停车场???，我们停在外面街边，车位有很多随便停，几块钱。先去元松羊肉店打卡了新市牛肉面，不用点餐，只有一种面。35元一碗。味道还可以羊肉不膻。然后就走了几步路到玲阿娘梅花糕，6元一个。味道不是很好。然后再往前走了几步就到了企鹅咖啡（网红咖啡店）点了一杯拿铁 一杯气泡水 一共60，坐了两小时。感觉半小时就能逛完，并没有很大。,1,,,,,,,,,,,,,
"大家好，今天要带大家探秘一家隐藏在德清新市古镇的宝藏酒店――德清新市古镇假日酒店。这里不仅仅是一家酒店，更是一段穿越时光的旅程。	酒店特色- 古色古香的建筑，仿佛置身于古代江南的水墨画中。- 宽敞的客房，每一间都融合了现代舒适与古典雅致。- 窗外是古镇的青石小巷，耳边是潺潺的溪水声，让人忘却尘世的喧嚣。	美食体验- 早晨，可以在庭院中享受一顿丰盛的早餐，开始一天的古镇探索。	周边景点- 步行即可到达古镇的核心区域，感受古镇的历史文化。- 不远处的莫干山，是徒步和探险的好去处。	文化体验- 酒店定期举办文化讲座和手工艺体验，深入了解德清的传统文化。在这里，每一个细节都透露着对美好生活的追求。德清新市古镇假日酒店，期待您来体验一段不一样的时光旅行。留言告诉我你最想体验的古镇活动是什么？下次旅行，我们一起去探索！希望这篇推文能够吸引更多热爱旅行和文化探索的朋友们，来到德清新市古镇假日酒店，体验一段难忘的旅程。别忘了点赞和分享哦！???	         ",1,,,,,,,,,,,,,
为了这个活动  前期担心效果现在没想到最出彩的是我一直当初要保留下来的打铁花项目 真的很有成就感     ,9,"活动,效果,打铁花项目,成就感",,,,,,,,,,,,
??古镇现状：亟需新活力??如今，很多古镇面临着游客审美疲劳的问题。传统的游览模式让年轻一代，尤其是Z世代逐渐失去兴趣。他们更追求个性化、沉浸式的旅游体验，而不是千篇一律的古镇风貌和简单的观光。如果古镇想要重新吸引这一庞大的消费群体，就必须紧跟时代潮流，探索新的发展方向。-??Z世代需求：沉浸式体验??Z世代成长于互联网时代，他们对新鲜事物充满好奇，喜欢在旅游中扮演角色、深度参与。文旅剧本杀这种形式，正好满足了他们对于沉浸式体验的追求。在剧本杀的世界里，游客可以化身为不同的角色，穿梭于古镇的大街小巷，在真实的场景中完成任务、解开谜题，仿佛穿越回了古代，这种独特的体验是传统旅游无法比拟的。-??剧本杀魅力：多元融合??文旅剧本杀不仅是一场游戏，更是文化与旅游的深度融合。通过精心设计的剧本，可以将古镇的历史文化、民俗风情巧妙地融入其中。游客在游玩的过程中，既能享受游戏的乐趣，又能了解古镇的文化底蕴。而且，剧本杀的主题可以多种多样，无论是悬疑推理、武侠江湖还是浪漫爱情，都能满足不同游客的喜好，为古镇带来更多的可能性。-??古镇优势：天然场景??古镇拥有独特的建筑风格、古朴的街道和浓厚的历史氛围，这些都是开展文旅剧本杀的天然优势。每一座古建筑、每一条小巷都可以成为剧本中的重要场景，为游客营造出更加逼真的游戏环境。同时，古镇的居民和当地的特色美食也可以成为剧本的一部分，让游客全方位地感受古镇的魅力。-??成功案例：激发新活力??已经有不少古镇通过引入文旅剧本杀取得了成功。游客数量明显增加，旅游收入也有了显著提升。更重要的是，古镇的知名度得到了进一步提高，成为了年轻人心目中的打卡圣地。这些成功案例为其他古镇提供了宝贵的经验，证明了文旅剧本杀是一种可行且有效的旅游发展模式。-??互动讨论：共话新未来??亲爱的古镇管理者们，你们是否也想为古镇注入新的活力，吸引更多Z世代游客呢？对于文旅剧本杀在古镇的发展，你们有什么想法和建议？快来一起讨论吧，让我们共同探索古镇旅游的新未来！-,8,"古镇原貌,历史文化,民俗风情,天然场景,沉浸式体验,文旅剧本杀,独特建筑风格,古朴街道,历史氛围,居民互动,特色美食,成功案例,年轻游客,打卡圣地,旅游收入,知名度提升,新活力,个性化,角色扮演,深度参与,文化融合,多元主题,游戏乐趣,底蕴了解,可能性增加,逼真环境,全方位感受,古镇魅力,发展经验,未来讨论",,,,,,,,,,,,
"春风再美，也美不过乌镇的酒香与故事～?? 乌镇西栅灵水居区域活动上新！来开启你的春日文艺游吧??	满春夜集春意读书会情景戏剧暖锅夜酒容易钟情热酒馆.......解锁古镇烟火慢生活?	[一R]【满春夜集・春风里的慢时光】五一逛集市，手作、文创、小食…烟火气满满！?时间：11:000-20:30??地址：灵水居外	[二R]【春意读书会，偷得浮生半日闲】在流水潺潺的小桥边，手捧香茗，翻开书页，让春风带着花瓣轻吻你的文字！?时间：4月18日-6月2日15:30-16.00/16:30-17:00??地址：灵水居外	[三R]【情景戏剧，乌镇里的随地大小演】在小桥流水边看表演！?时间：4月18日-6月2日13:30-14:10/20:00-20:40??地址：灵水居外	[四R]【暖锅夜酒，春日烟火气拉满】泥炉咕嘟咕嘟冒着热气，每一口都是对味蕾的极致宠溺！??	?时间：11:00-20:30??地址：灵水居外【容易钟情热酒馆，氛围感的神】喝一杯春季特调，酒香中带着春日的甜～????时间：11:00-20:30地址：容易钟情热酒馆	五一出游乌镇，这些浪漫玩法不容错过！快来解锁你的春日文艺游吧！???       ",9,"乌镇,酒香,故事,灵水居,春日文艺游,满春夜集,春意读书会,情景戏剧,暖锅夜酒,烟火慢生活,手作,文创,小食,烟火气,春风,慢时光,集市,读书会,戏剧表演,暖锅,夜酒,春季特调,浪漫玩法",,,,,,,,,,,,
"对比其他热门古镇，人流量较少，推荐～[赞R]	去吃了网上都推荐的“玲阿娘梅花糕”还不错！但店内做梅花糕的是老爷爷，我妹妹说：不是阿娘梅花糕吗，怎么都是阿爹。笑死我了哈哈哈哈哈	         ",8,人流量较少,玲阿娘梅花糕,老爷爷,,,,,,,,,,
一年一度的新市蚕花庙会，今天带娃嘎闹忙[派对R]从我小时候起就每年清明假期举办蚕花庙会了，祈求养蚕大丰收，祈求美好祝愿[福R][烟花R][气球R][红色心形R]欢迎大家来新市古镇游玩[偷笑R][赞R][派对R]      ,9,"新市古镇,蚕花庙会,祈求美好祝愿,养蚕大丰收,童年的梦,传统活动",,,,,,,,,,,,
佛家有云：人生哪有能如意，万事只求半称心[合十R]新年，心态调节上了新高度，深入思考后，总能找到解脱情绪的方法，不可谓不幸运[耶R],9,"心态调节,深入思考,解脱情绪,幸运",,,,,,,,,,,,
以下是关于浙江省湖州市德清县新市古镇沈铨故居的介绍：基本信息? 地址：浙江省湖州市德清县仙潭路54号，另有考证认为位于新市镇南汇街26号。今天一起回老家古镇上游玩，去了沈铨故居：? 故居为两层楼房，一楼通过图文并茂的形式，展示沈铨学艺、传艺、开创“南O画派”的故事。二楼通过展架介绍沈铨艺术造诣的研究，并展出20多幅沈铨的复刻画作。沈铨生平与成就? 绘画风格：沈铨（1682-1760），清代画家，其画远师黄筌画派，近承明代吕纪，工写花卉翎毛、走兽，以精密妍丽见长，也擅长画仕女。? 艺术经历：二十岁左右开始学画，后受日本天皇之邀，东渡日本三年，在长崎教画法，融合日本画风后创造了“南O画派”。? 作品影响：传世之作有《秋花狸奴图》《盘桃双雉图》《柳阴惊禽》等，作品流布海内外，北京故宫博物院、台北故宫博物院都有收藏。下午回古镇上的家，在阳台上晒太阳喝下午茶,1,,,,,,,,,,,,,
二十几年没去过了，古镇错落有致还不错，逛个半天还是别有风情  ,7,,,,,,,,,,,,,
   放慢脚步缓缓行走于古镇不疾不徐,7,,,,,,,,,,,,,
没看上的荷花奖真的好可惜但在周末新市古镇看到了北舞小哥哥跳的狂草可能舞台有限，有点点收敛着的跳，但我还是喜欢在剧场里看，可以看得很投入。  ,7,,,,,,,,,,,,,
小众后边游览，杭州周边的几个古镇都去了建筑其实都差不多。新市古镇核心区域商业街很多，但是不妨在到达新市古镇后，沿着河边的老房子走走停停，看看风景。老城区的古建大多数都是住着人的，有喜欢这种古建筑韵味的朋友可以去走走，拍拍照。核心区域的古建商业部分比较多，可以坐在河边纳凉，喝一杯茶赏赏景色。吃一吃当地的特色茶糕等。目前不需要门票，去之前可以在平台上看看是否近期有活动。我是五一去的刚好有打铁花的活动，很不错哦。  ,8,"古镇原貌,商业水平不高,童年的梦,古建韵味,河边风景,核心区域,茶糕,打铁花,不需要门票",,,,,,,,,,,,
    这个国庆来新市古镇打卡 体验不一样的古镇游[害羞R],9,"国庆,新市古镇,打卡,体验,古镇游",,,,,,,,,,,,
"??今天想和大家分享一个特别的地方――梦想小镇。一个隐藏在未来科技城的小众江南小镇。	??梦想小镇最初是一个创业小镇，里面零零散散分布了很多创业工作室，目前以休闲商业为主，里面不乏有很多艺术创意工作室。	??梦想小镇园区里，有两个比较大的开放空间，一个是水塘，另外一个是稻田，不同的季节会有不同的体验，这也是我特别喜欢这里的原因这一，总能找到一些只属于现在的“季节限定”，主打一个“不走寻常路”。	??沿河的古街，保留了传统建筑的空间形式，对于一些灰空间的打造尤其用心，驻足其中，体验感丰富。	??小镇的夜景是一个很值得赞的地方，整个园区的灯光设计非常考究，出片率不输白天，说这里是摄影师的天堂，一点都不为过。	??我特别喜欢小镇的自然风光。清晨的露水、午后的阳光、傍晚的微风，每一个瞬间都美得让人心醉。在这里，你可以放慢脚步，与自然亲密接触，感受生活的美好。	??梦想小镇也是艺术家们的天堂。这里有许多手工艺品店和艺术工作室。	??作为一个吃货，小镇上的美食也是我不能错过的。从地道的家常菜到精致的甜点，每一道菜都让人回味无穷。在这里，味蕾也能找到属于自己的小确幸。	?? 如果不想去景区人挤人，如果想放慢脚步，发发呆呆，逛逛小店喝喝茶，这里溜达的基本是附近的居民，游客不多，不管是亲子还是情侣，都能在其中找到适合自己圈层和氛围。??位置：导航到未来科技城梦想小镇（近杭州西站）	???交通停车场入口在梦想小镇北侧的乾仓路周围也有路面市政停车位，地面画白格子的可停地铁到5号线良睦路站A口，出地铁口1.2公里周围很多共享单车，可骑行直达	??配套梦想小镇里零散分布了很多有小资情调的餐厅、咖啡厅、茶馆，北侧仓兴街整条街都是小吃店，可以满足不同消费需求	??附近景点距离未来科技城交流中心大草坪300米（主页有攻略）距离西溪湿地(北门）8.7公里距离良渚玉鸟集13公里               ",1,,,,,,,,,,,,,
新市古镇真的太好拍了??避开人潮 漫步在青石板路上白墙黛瓦 小桥流水随手一拍都是江南烟雨大片还有超多特色小吃??梅花糕、茶糕……根本停不下来！快收下这份小众宝藏古镇攻略?              ,10,"好拍,避开人潮,青石板路,白墙黛瓦,小桥流水,江南烟雨,特色小吃,梅花糕,茶糕,小众,宝藏古镇",,,,,,,,,,,,
"Hi～我是噗噗的爸爸?????分享普通家庭的带娃日常??分享10个杭州自驾1h内的宝藏遛娃地??都是我们带噗噗去过多次的??都是非常适合遛娃的好地方、亲测低幼友好，家有2-3岁宝宝的爸妈可??起来-[一R]大禹生态草莓园[星R][星R][星R][星R][星R]??德清县禹越镇三林村委西南200米我们经常去的一家宝藏草莓??采摘园，好几个草莓大棚，各种品种都有，门票30r随便吃，满200老板还给免门票，草莓很不错，还有芹菜、萝卜可以摘。	[二R]新市古镇[星R][星R][星R][星R][星R]免门票??湖州德清的古镇，人不算多，但是很热闹，一条长长的沿河街道，在老茶楼里坐坐，拍照非常出片。美食很不错，有锦凤羊肉、玲阿娘美食、富贵小吃店、烧羊肉。	[三R]查爷爷有机农场[星R][星R][星R][星R][星R]??海宁查爷爷有机农场可以采摘有机的瓜果蔬菜，一年四季都有，还可以喂羊??喂小兔子??等小动物，可以玩上大半天。	[四R]鹃湖公园[星R][星R][星R][星R][星R]??海宁鹃湖公园（江南大道停车场???）节假日不想人挤人的时候我们都去鹃湖公园挖沙???沙子细腻，免费人少，还可以??露营，户外的好去处。	[五R]南关厢历史街区[星R][星R][星R][星R][星R]??海宁南关厢历史街区是乌镇去不起，而是南关厢更有性价比。0元逛江南水乡，人少静谧，本地人都爱去，还有一家素食自助，旁边还有著名的紫薇冷饮。	[六R]东兴奶牛场[星R][星R][星R][星R][星R]??嘉兴东兴奶牛场可以近距离喂奶牛的宝藏农场，无需预约，免费游玩，比较原始，可以喂草料、看挤奶，买牛奶	[七R]一景生态牧场[星R][星R][星R][星R][星R]??绍兴一景生态牧场，是现代化的牧场，奶牛更多，但是只能隔着玻璃看，体验感上不如东兴，但更干净，有科普长廊，还有大片草坪，奶制品和面包味道更好。	[八R]杭州湾海上花田[星R][星R][星R][星R][星R]??杭州湾海上花田，无需预约，免费参观，适合带着家里老人一起去，尤其春秋季节的时候，各种你能想象的花这里都有，人也不多。	[九R]镜湖国家湿地公园[星R][星R][星R][星R][星R]??绍兴湿地公园，适合露营??可以放风筝，骑自行车，还可以漫步赏梅、喂鱼，旁边还有镜湖海洋公园。	[一R][零R]安昌古镇[星R][星R][星R][星R][星R]??绍兴安昌古镇，无需预约，免费游玩，商业化没有太严重，适合能走路的小宝宝，台阶和小桥太多，推婴儿车不是很方便。-周末不知道去哪玩可以试试这些，杭州出发只要1h没有人挤人体验不一样的带娃。    ",9,"古镇原貌,人少,热闹,沿河街道,老茶楼,拍照出片,美食,锦凤羊肉,玲阿娘美食,富贵小吃店,烧羊肉",,,,,,,,,,,,
隐藏在新市古镇里的阿德土菜馆。在新市游客中心，一条长寿桥上的小破船，已经经营15年了。主打菜是甲鱼煲，路过新市 请一定来尝尝。老板比较古怪 不喜欢生意太多[笑哭R][笑哭R][笑哭R]  ,8,"阿德土菜馆, 新市古镇, 游客中心, 长寿桥, 小破船, 经营15年, 主打菜, 甲鱼煲, 老板古怪, 不喜欢生意太多",,,,,,,,,,,,
高中毕业以后，再一次回到新市真的狠狠地震惊了!新市怎么变得这么好好看啦!古镇和以前一样，还是免费的景区，今晚看到大运河的灯都很惊艳了，元宵节那天估计就更漂亮了[哇R]      ,10,古镇原貌,免费景区,大运河,灯,惊艳,漂亮,,,,,,,
      运河新天地与新市古镇一桥相连感受不一样的新市镇,7,,,,,,,,,,,,,
"白墙灰瓦屋檐秀气的一角在呼出历史的迹象??初秋微凉我在湖州德清邂逅了1700年历史的新市古镇	“人家两岸柳阴边，出得门来便入船。”杨万里描绘的新市船运今天也是得观古义了古宅门口，随处可见仿古的摇橹船在古运河上坐一回摇橹船??像是在和另一时空的她在对话??	刚出炉的梅花糕还在滋滋冒着热气??新市的甜蜜在此刻就能融化你	古镇里的新咖啡??有着不一样的味道推开窗斑斓的河道倒影的是千年以前的记忆一眼万年	每一次呼吸 每一次凝视从前的京杭大运河仿佛又重现天日它链接了历史与现代??因为它让现在的我们能愉悦地在这片建筑中游览??	如果你也想重温在摇橹船的记忆新市会是你的最佳选择??       ",9,"白墙灰瓦,屋檐秀气,历史迹象,初秋微凉,湖州德清,1700年历史,新市古镇,人家两岸柳阴边,古义,古宅门口,仿古摇橹船,古运河,另一时空,刚出炉梅花糕,甜蜜,古镇新咖啡,不一样味道,斑斓河道,千年以前记忆,一眼万年,京杭大运河,历史与现代,建筑游览,摇橹船记忆",,,,,,,,,,,,
"丝起蚕乡，风雅德清。尼龙携手各大高校国风社团，于浙江德清新市古镇春游漫步，共襄一场融汇古意与新潮的国风庙会！	从非遗技艺到汉服走秀，从古镇市集到快闪演出，沉浸式体验丝绸文化，打卡古风集章之旅，还有来自各大高校国风社团倾情助演――这里，是传统与年轻灵魂碰撞的舞台！	更有惊喜嘉宾@周洁琼 现身开幕仪式，与诸君同游古镇，共赴春日之约，敬请期待！	活动时间：4月4日-5日活动地点：浙江省德清新市古镇	 ",9,"古镇原貌,商业水平不高,童年的梦,非遗技艺,汉服走秀,古镇市集,快闪演出,丝绸文化,古风集章,高校国风社团,传统,年轻灵魂,周洁琼,春日之约",,,,,,,,,,,,
太美了太美了太美了路人粉被惊艳到了[哭惹R][哭惹R][哭惹R]  ,10,"美, 路人粉, 惊艳",,,,,,,,,,,,
"早上9点，推开门，店里烟雾缭绕，一桌一桌的大叔喝着早酒配羊肉面，白炽灯下人声嘈杂，我问：”羊肉面还有吗？“	“还有，要几碗？“ ”来三碗，谢谢“。悬着的心才终于放下。	春节去了一趟莫干山，但比起莫干山本山，我最期待的还是山脚下的面。	听闻红烧羊肉面是湖州特色，新市尤其出名，抢手程度是早上5点开卖，9点可能就沽清。恰逢春节，我们懒得跑远，便选了一家德清评价不错的面店试试。	”嚯！“ 光面和羊肉分开上桌，光面是又细又劲道的碱面，羊肉烧得透黑透红，像红烧肉似的，肉、油、皮三连，轻轻夹起，肉软得下坠。精打细算地夹断适当大小，就着面一口闷――人活了，昨晚说明早吃不下的人都闭嘴了。	湖州一带羊肉面用的是湖羊，据说是南宋期间，北方居民随着朝廷南迁而带过来的绵羊。后因太湖附近水好草好，放牧条件优秀，而在定居和发展千年之后，育成了新品种。对于一个被北方绵羊彻底征服的南方孩子来说，湖羊仍然是有一点点膻味的，但不重，和红烧口正好合成了浓郁油润的风味，上头撒着的小米辣挑出了点清香。	因为湿冷而赖床的胃口，瞬间就被羊肉和淀粉的夹击唤醒。	不过，吃红烧羊肉和红烧羊肉面的习惯，似乎不专属湖州。嘉兴、上海、苏州都有类似的做法，配料和面条的选用有些许不同，但调味大抵是同个方向。	- ?除了羊肉面之外，酥鸭面也值得一提。	一样，一碗光面、一碗澎湃的鸭肉料一齐上桌。和羊肉面不同的是，酥鸭面没有那么强烈的视觉冲击，白白的、很素净，拉开了入口的反差感。咸鲜，鸭肉酥烂，配鸭胗、鸭肠、千张，比起羊肉面，更能满足喝汤的渴望。一旁的光面用猪油拌过，两种动物的肉香和脂香结合，存在感一点也不势单力薄。	阿姨笑盈盈地和熟客聊天，一旁的小土狗怯生生地进出厨房，来碗热乎乎的面，构成阴雨绵绵的德清早晨具象的幸福。	会想念的。	          @吃货薯",9,"古镇,羊肉面,湖羊,红烧,碱面,大叔,早酒,白炽灯,人声嘈杂,光面,羊肉,酥鸭面,鸭肉,猪油,阿姨,小土狗,阴雨绵绵,德清早晨,幸福",,,,,,,,,,,,
   ,,,,,,,,,,,,,,
