评论,打分,积极评价要素词汇_1,积极评价要素词汇_2,积极评价要素词汇_3,积极评价要素词汇_4,积极评价要素词汇_5,积极评价要素词汇_6,积极评价要素词汇_7,积极评价要素词汇_8,积极评价要素词汇_9,积极评价要素词汇_10,积极评价要素词汇_11,积极评价要素词汇_12
 坐标青浦区朱家角古镇上海首个冲刺5A的江南水乡2025年必打卡 推荐时间春秋最佳3-5月赏花9-11月品蟹避开节假日人挤人 2025新玩法 繁花同款打卡宝总同款茶馆老邮局寄明信片一秒穿越剧情 夜游模式开启河岸灯光秀+乌篷船夜游江南夜景美到窒息 交通指南 地铁17号线朱家角站出站换乘公交/步行15分钟直达景区 自驾导航至朱家角古镇停车场门票免费小景点需要买票 必打卡景点1 课植园/和心园马家花园江南园林TOP1五层望月楼俯瞰全镇假山荷塘+九曲桥古风写真圣地园内保留真实水稻田耕读文化体验感拉满2 放生桥上海最大五孔石桥清晨薄雾或黄昏落日时桥下光影如画建议穿汉服拍氛围感大片3 大清邮局华东唯一清代邮局遗址寄一张穿越时空明信片还能盖限定纪念章开箱时间10:00-16:004 北大街一线街明清建筑活化石扎肉香粽子热乎气弥漫整条街阿婆粽总店就在这里 2025必吃美食榜[一R]古镇汤圆老字号手工现包鲜肉馅爆汁芝麻松子香到上头元宵节爆单500+颗的顶流支持线上预订市区当日达[二R]阿婆粽+扎肉北大街C位五花肉粽油润不腻扎肉用荷叶捆扎卤到酥烂边走边啃超满足[三R]走油肉&酱蹄髈肥而不腻的硬核江南味油脂化在酱香里配米饭直接封神[四R]海棠饼+桔红糕糯叽叽天堂海棠饼豆沙流心桔红糕Q弹清凉伴手礼首选 小众玩法+避坑指南 游船路线30元/人从放生桥到课植园船娘哼小调+水巷探秘比步行更有味 早市体验7:00-9:00珠溪园附近本地阿公卖新鲜河鲜草莓感受烟火气,1,,,,,,,,,,,,
不花钱就可以解锁这座千年古镇朱家角走水路逛庄园才是打开朱家角的最佳姿势1课植园从北门进来就是课植园是朱家角最大的庄园式园林因为园主姓马故称马家庄园刻读之余不忘根植也是刻佣祠名字的由来五角亭锦鲤池书阁望月楼整个庄园看似有江南园林的影子却又完全不一样还有江南四大才子真迹碑廊价值不可估量2游船码头从刻佣祠出来就是游船码头乘坐手摇船晃过放生桥直接晃到财神家朱家角城隍庙的匾额居然是一个算盘3吸猫一条街沿着猫街往里走大清邮局的窑炉船下午茶尝到了橘红糕和熏青豆角都是很有特色的可以买回家4大清邮局下午茶6人一条船对整个航线来回是45分钟,8,"古镇原貌,商业水平不高,童年的梦,朱家角,水路,庄园,课植园,马家庄园,江南园林,游船码头,手摇船,放生桥,财神家,城隍庙,吸猫一条街,猫街,大清邮局,窑炉船,下午茶,橘红糕,熏青豆角",,,,,,,,,,,
乌镇很美但是商业气息较重相比乌镇我更爱上海朱家角古镇景色不输乌镇周庄同里更有浓浓的生活气息街角盆栽屋顶炊烟阳台晾晒的衣物...难怪连外国人来上海也要来这里体验民风地址上海青浦区课植园路555号交通地铁17号线朱家角站1号出口步行1.5公里或者5号出口乘1510路旅游专线或者地铁1号口出站乘船进入朱家角自驾导航至朱家角古镇1号口2号口两个入口都有停车场门票无需门票全天开放景区内部分小景点收费可买联票60r/人含课植园和心园鹤龙美术馆我的游玩路线朱家角古镇1号口课植园和心园放生桥泰安桥圆津禅院北大街廊桥朱家角城隍庙朱家角大清邮局一路拍照加逛逛吃吃随心的走走大致路线就是这样1课植园原马文卿的私家园林又称马家花园在这里可以欣赏江南园林景观2和心园同样是园林式建筑面积比课植园小点但景色不分伯仲3放生桥上海最长高大的五孔连拱大桥初一十五桥下会举行放生大会4泰安桥古镇内最陡的一座单拱桥5圆津禅院始建于元至正年间1341-1368年原供奉辰州圣母像俗称娘娘庙登钟楼可眺望朱家角古镇6北大街小镇内最繁华的一条街各种艺术品商店美食店在这边涵大隆酱园就这条街7廊桥古亭廊桥间江南水乡古镇的标志性建筑8朱家角城隍庙庙内供奉着城隍老爷和城隍夫人9朱家角大清邮局成立于1903年里面可以买手办盖章手摇船古镇内有多个乘船码头详细信息见评论置顶图朱家角古镇美食上海人的童年美食少不了朱家角的身影阿婆肉粽酱菜扎肉螺丝酒酿绿豆糕等银杏树阿婆粽渔水之家柴火菜饭涵大隆酱园等都不可错过,1,,,,,,,,,,,,
古镇游客中心+停车场- 位置古镇入口处交通便利方便自驾游客停车- 亮点游客中心提供详细地图和旅游信息是开启古镇之旅的第一站课植园- 位置古镇内环境清幽- 亮点古典园林风格有假山池塘和古建筑适合拍照打卡和兴园- 位置古镇内与课植园相邻- 亮点园内古树参天亭台楼阁错落有致是休闲的好去处永安桥 & 东井街- 位置过了永安桥便来到东井街- 亮点东井街保留了许多明清时期的建筑古色古香东井茶楼阿婆茶楼- 位置东井街内- 亮点阿婆茶楼是朱家角的特色可以品尝到传统的阿婆茶和点心感受古镇的悠闲生活放生桥 & 北大街- 位置过了放生桥来到北大街- 亮点北大街是古镇最热闹的地方有各种特色小吃和手工艺品店江南第一茶楼- 位置北大街- 亮点茶楼历史悠久建筑风格独特可以在这里品茶听评弹感受江南水乡的韵味涵大隆酱园- 位置北大街- 亮点酱园有百年历史可以参观传统的酱菜制作工艺还能品尝到美味的酱菜童天和药房- 位置北大街- 亮点古色古香的药房保留了许多传统的中药制作工具和药材可以了解中医药文化中观音桥 & 永丰桥- 位置古镇中部- 亮点两座古桥历史悠久桥下流水潺潺是古镇的标志性建筑之一王昶纪念馆- 位置古镇内- 亮点纪念馆展示了王昶的生平事迹和文化成就是了解朱家角历史文化的好去处大清邮局- 位置古镇内- 亮点邮局保留了许多清朝时期的邮政用品和设备可以在这里寄出带有古镇特色的明信片城隍庙- 位置古镇内- 亮点城隍庙建筑宏伟香火旺盛是朱家角的宗教文化中心圆津禅院- 位置古镇内- 亮点禅院环境清幽有佛像和禅房适合静心参禅珠浦电灯厂旧址- 位置古镇内- 亮点旧址保留了许多工业遗迹可以了解朱家角的工业发展历史朱家角天主堂- 位置古镇内- 亮点天主堂建筑风格独特融合了中西文化元素是朱家角的宗教文化地标之一,9,"古镇游客中心,停车场,交通便利,方便自驾,详细地图,旅游信息,课植园,环境清幽,古典园林风格,假山池塘,古建筑,适合拍照打卡,和兴园,古树参天,亭台楼阁,错落有致,休闲的好去处,永安桥,东井街,保留了许多明清时期的建筑,古色古香,东井茶楼,阿婆茶楼,朱家角的特色,传统的阿婆茶和点心,悠闲生活,放生桥,北大街,热闹,特色小吃,手工艺品店,江南第一茶楼,历史悠久,建筑风格独特,品茶听评弹,江南水乡的韵味,涵大隆酱园,百年历史,传统的酱菜制作工艺,美味的酱菜,童天和药房,古色古香,传统的中药制作工具和药材,中医药文化,观音桥,永丰桥,历史悠久,桥下流水潺潺,标志性建筑,王昶纪念馆,生平事迹,文化成就,了解朱家角历史文化,大清邮局,清朝时期的邮政用品和设备,古镇特色的明信片,城隍庙,建筑宏伟,香火旺盛,宗教文化中心,圆津禅院,环境清幽,佛像,禅房,静心参禅,珠浦电灯厂旧址,工业遗迹,朱家角的工业发展历史,朱家角天主堂,建筑风格独特,中西文化元素,宗教文化地标",,,,,,,,,,,
"朱家角避坑+攻略本地人吐血整理别再当冤种啦朱家角作为魔都""小威尼斯""真的美哭但第一次去真的容易踩雷本古镇爱好者去了8次总结的避坑&必看攻略收藏这篇就够了五大巨坑紧急避雷坑1打车直达景区门口司机说""前面不让进""都是骗局定位到""朱家角古镇旅游区-1号口""直接进地铁17号线朱家角站转公交/骑行10分钟更划算坑2无脑买联票80元联票含6个景点但分散难走推荐单买课植园25元看江南园林其他展馆同质化严重坑3扎堆主街小吃主街""臭豆腐""""炸鱿鱼""又贵又难吃真正本地味道在巷子里阿婆粽4元扎肉10元油墩子3元坑4周末说走就走人挤人体验感0分亲测早上8点前/工作日下午3点后人最少夜游更绝周五六开放坑5乱选游船路线200元/船的别当冤种选城隍庙课植园线路30元/人才是精华段五大必看神仙玩法攻略13元水上巴士YYDS8:30-16:30每半小时一班定位朱家角景区停车场码头比摇橹船便宜10倍穿越水乡超出片攻略2隐藏打卡路线慈门街放生桥漕河街课植园圆津禅院跟着穿汉服的小姐姐走准没错攻略3最佳拍照机位放生桥中段拍河道全景漕河街临水石阶拍倒影圆津禅院二楼俯拍青瓦白墙带反光板树荫多容易脸黑攻略4本地人才懂的美食洞天食府人均50吃河鲜三件套吴字坊油墩子萝卜丝馅爆汁朱家角糖画非遗老爷爷下午出摊攻略50元隐藏玩法每周五/六晚免费灯光秀19:00开始大清邮局寄明信片可盖古镇纪念章人文艺术馆看免费展览交通TIPS地铁17号线朱家角站公交1510路/骑行15分钟自驾停朱家角古镇停车场6元/小时快收好这份保姆级攻略避开人从众解锁真正的烟雨江南评论区蹲蹲实时避雷互助呀",9,"小威尼斯,江南园林,本地味道,水上巴士,隐藏打卡,汉服,拍照机位,青瓦白墙,河鲜三件套,糖画非遗,免费灯光秀,古镇纪念章,人文艺术馆,烟雨江南",,,,,,,,,,,
哈喽哈喽欢迎收看小二的一日vlog今天去朱家角逛吃快两三个月没出门玩十一过后给自己放了个假-早餐吃了点啥-最近购入零食心头好巨无霸溜溜梅皇梅-朱家角的逛吃记录有惊喜大家看完拥有美丽的心情,1,,,,,,,,,,,,
如果你没有做好功课直接去了朱家角那么很可能你就错过了一段美景或者错过了一顿美食这边帮大家从地图上先认识一下朱家角了解每一段的特色大概的样貌希望大家玩得开心喜欢的不会错过,1,,,,,,,,,,,,
门票不花钱的朱家角古镇到底怎么玩儿跟着我旅行不犯愁,8,"门票不花钱,朱家角古镇",,,,,,,,,,,
上海那么多古镇 就它最好玩啦趁商业化还不严重同质化也就中等赶紧去关键还免费0元游玩路线已经给大家详细画出来啦:建议大家从游客中心的门进入1去程路线红色:课植园和心园永安桥阿婆茶楼放生桥江南第一茶屋鹤龙美术馆涵大隆酱园2返程路线蓝色:中观音桥永丰桥漕河街长廊城隍庙禅院泰安桥放生桥沿着来时的河对岸方向回来以下是大家最关心的几个细节点:1代步工具:古镇内不能骑行 也没有景交车 唯一只有游船收费标准图3 不能单买 只能整船买 可以在现场找路人拼2园内收费项目:鹤龙美术馆20 课植园20 和心园30 有联票60 属于江南府邸园林景观 个人建议如果要看就逛和心园就行了3图上有个别景点不是没去 而是去了但不推荐大家去 比如大清邮局 银杏树广场 景苑水庄等 这些地方要么是住宅区 要么是还在建设中 要么是宾馆民宿区 以上路线就已经涵盖了所有值得去的地方4古装拍摄是可以讲价的 换装也是不满意可以换的 如果按张数计费 自己可以说够了停有些摄影师不愿意走得远了就直接在附近啪啪啪一顿拍就完了 千万别被人欺负了5夜景很值得一看 特别是游船夜景和禅院夜景 建议大家可以去傍晚开始玩 晚上还能解锁更多店铺比如仙女棒 烟火6之所以说商业化不严重是因为 大部分的店铺都是居民个人家的 比如图5的粽子 我并不推荐某一个品牌 有很多卖粽子的 都是大同小异 价格也都一样 看到了想吃就买就行 此外还有非常多上海特产 基本都是手工做的 味道很正宗 大家别错过了 至于同质化 我只能说这是没办法的事情 市面上的古镇 老街 甚至是出名的早市 哪个不是一种类型的商品好多家店都有 我只能说朱家角古镇已经好很多了7关于交通和停车:地铁 17号线朱家角站就是最近的地铁站了 只是地铁站下来还有1-2公里需要走 可以步行 也可以做景区的直通车如1510路停车一次性收费20 随便停多久最重要的一点:请大家出行前一定要注意好天气 不是下雨不能玩 而是在人挤人的情况下 难免身上会湿 而且景色平心而论配上太阳会更好看 更别提 我上次跑大老远到了 结果台风闭园,1,,,,,,,,,,,,
号称上海第大镇沿街很多古朴的老建筑阳光洒在建筑上实在是太美了古镇里走街串巷寻找各种美食感受江南水乡-朱家角古镇游客中心课植园和心园阿婆茶楼放生桥鹤龙美术馆圆津禅院城隍庙大清邮局课植园私家园林可欣赏江南园林景观和心园小巧精致放生桥朱家角标志性建筑上海现存蕞大蕞长的五孔石拱桥在桥上看日落很有氛围感鹤龙美术馆据说是沪上收藏海派大师作品蕞多的美术馆圆津禅院登高望远拍古镇全景城隍庙供奉城隍老爷和城隍夫人去太晚已经关门了大清邮局成立于1903年很有年代感古镇夜景傍晚时分日落晚霞华灯初上夜景也敲美的-美食阿婆肉粽古镇扎肉状元烧饼甘蔗汁腊八蒜牛皮糖酱菜-地址朱家角古镇交通地铁17号线朱家角1号口出步行十分钟门票联票60不进收费点可以不用买票,9,"古朴,老建筑,阳光,美食,江南水乡,课植园,和心园,阿婆茶楼,放生桥,鹤龙美术馆,圆津禅院,城隍庙,大清邮局,私家园林,江南园林景观,小巧精致,朱家角标志性建筑,五孔石拱桥,日落,氛围感,海派大师作品,登高望远,古镇全景,年代感,夜景,晚霞,华灯初上,阿婆肉粽,古镇扎肉,状元烧饼,甘蔗汁,腊八蒜,牛皮糖,酱菜,地铁17号线,步行",,,,,,,,,,,
上海朱家角古镇上海最大的古镇被网友称为上海威尼斯,8,"上海,朱家角古镇,上海最大的古镇,上海威尼斯",,,,,,,,,,,
隐藏在繁华魔都的江南水乡不收门票地铁直达游人如潮你来过吗,7,"隐藏,繁华魔都,江南水乡,不收门票,地铁直达,游人如潮",,,,,,,,,,,
这个地方五脏俱全啥都有我们是自驾景区是免费的里面三个园子要收费买了50的刮刮乐刮出50白玩一波也可以坐地铁去1路线上午12点到游客中心往里走美团搜了一家渔水之家销量高进去吃了两个人自己点的170味道还不错下午课植园和心园放生桥蒙古奶茶塞迁额吉鹤龙美术馆圆津禅院城隍庙大清邮局课植园和心园鹤龙美术馆联票602具体行程目的地朱家角古镇停车场快到了景区有人指挥如果停车场满了会告诉你去哪里停课植园民国豪宅原园主马文卿典型的江南庄园式私家花园推荐去看看别人的家和心园是原主人放藏品的地方有很多雕刻佛像神像书法没有课植园大 放生桥放生桥上视野很好 蒙古奶茶是一对蒙古老夫妻开的在网上经常刷到蒙古早茶所以这次属于我们的必打卡项目老奶奶非常热情会根据人数来推荐合适的我们点了一个甜奶茶一个咸奶茶还会送小食花了60 鹤龙美术馆朱家角展区只有一楼游客可以进入比较小大概有20-30副画 圆津禅院城隍庙没进去免费在路过的东井街朱家角纪念品店拍照了 大清邮局是华东地区保留下来的唯一旧址一楼有喝的文创产品二楼是保留下来的邮票明信片等展览景区里面有很多拍簪花和古风照片的小姐姐遇到了超级多的外国人也有很有小店吃的玩的装饰品等买了一个珍珠手链240还有一些店门口都是猫猫狗狗我们差不多玩了一天到下午6点左右去淀山湖彩虹桥了这里很适合看日落但要提前看好天气大风天多云就没看到,1,,,,,,,,,,,,
"Exploring Zhujiajiao Water Town: Ancient Bridges, Boats, and Street FoodStep into the enchanting world of Zhujiajiao Water Town, a 1,700-year-old gem near Shanghai! Wander through its charming alleyways, cross ancient stone bridges, and enjoy scenic boat rides along the canals. Experience the rich history and vibrant culture of this picturesque town while indulging in mouthwatering street food, from soup dumplings to sweet osmanthus cakes. Zhujiajiao is a perfect blend of history, beauty, and flavor, making it a must-visit destination for anyone exploring China's water towns.走进朱家角水乡的迷人世界这个距上海不远拥有1700多年历史的古镇让人流连忘返漫步在古镇的小巷穿越古老的石桥乘船穿行于蜿蜒的水道之间在探索这座充满历史与文化气息的美丽古镇时还可以品尝令人垂涎的街头美食从小笼包到桂花糕应有尽有朱家角完美融合了历史美景与美味是探索中国水乡的不二之选",1700,"古镇, 小巷, 石桥, 水道, 历史, 文化, 美食, 小笼包, 桂花糕, 美景, 味道",,,,,,,,,,,
2025朱家角古镇品牌口号和IP形象设计国际征集大赛,2025,古镇原貌,商业水平不高,童年的梦,,,,,,,,,
之前看了电视剧城中之城发现了一处非常好看的徽派古宅建筑趁着假期特地来朱家角打卡一下这座古建筑虽身处热闹的朱家角古镇人流却出奇的少可以点个下午茶静静的欣赏下古建筑之美古宅名为五凤楼是一座明代的徽派建筑有着600多年的历史从安徽移迁至此在五凤楼的对面是一座晚清的戏台金光闪闪也非常壮观来朱家角古镇值得推荐打卡,9,"徽派古宅建筑,朱家角,人流少,下午茶,古建筑之美,五凤楼,明代,徽派建筑,600多年历史,安徽移迁,晚清戏台,金光闪闪,壮观,值得推荐打卡",,,,,,,,,,,
青砖黛瓦石板路小桥流水乌篷船慢品人间烟火气 闲观岁月万事长,10,"青砖黛瓦,石板路,小桥流水,乌篷船,人间烟火气,岁月万事长",,,,,,,,,,,
到底是谁在推这个古镇呀大老远开车过来只有失望两个字且不说全是人头古镇商业气息非常浓厚景色也很一般没啥特色这里以前真的是古镇嘛怎么看着像后面新建起来的咱就是说要有这个时间可以开到西塘或者乌镇了不过现在的古镇好像都很商业了[哭惹R],3,,,,,,,,,,,,
朱家角古镇的美食铺天盖地去了三次给大家整理了这份小吃攻略整个路线的美食之间会穿插一些逛的小店有兴趣的可以去另一篇里看详情这篇主要分享美食关于交通朱家角古镇游客心20r/次 17号线朱家角站1号口或步行2km古镇需予约进入部分古镇内景点如朱家角课植圆和心圆等行程路线时长4.5h 以下按路线顺序1. 香什锦米糕  p2弄堂口的小摊位近小时候童年杂货铺芝麻葡萄干什锦果铺三种口味口感香甜软糯2. 角裡朱阿婆小吃館 p3招排是特色海棠糕现做的海棠糕底部香脆内陷红豆沙很细腻给的也很足喜欢甜口的会喜欢3. 吴字坊臭豆腐(青浦店) p4在瑞幸咖啡对面放sheng桥下来就是招排是臭豆腐不算臭的臭豆腐外酥里嫩自己舀两勺小时候的甜面酱和辣酱又香又嫩4. 塞迁额吉 p5点的是咸奶茶set含一壶咸奶茶和四种小食奶皮子炒米奶果子奶嚼子炒米是要放入奶茶里一起喝的咸奶茶有点像冲淡的芝麻糊5.一芽一葉(朱家角店) p6环境非常nice的茶饮店招排是把把壶糯米香茶香和香交织在一起少口味很清爽6. 清徽园(朱家角一店) p7砖卖糕团的店在古镇内2-3家分店个人比较喜欢核桃芡实糕7. 橘子红了p8砖卖果铺的店在古镇内3-4家分店个人比较喜欢一片片的原味橘片酸甜可口适合当零食8. 晒秋p9是一家开的做山楂糕的店铺混拼不同口味比较喜欢榴莲和核桃的9. 银杏树阿婆粽(朱家角店) p10阿婆坐在门口现包现蒸粽子五花肥瘦相间很大一块粽子个头很扎实吃起来软糯咸香招排是五花大肉粽和咸蛋黄大肉棕10. 阿梁状元饼(美周路店) p11招排是招牌梅干菜方肉饼现擀的梅干菜饼里面的沫不是稀糊的而是吃得到颗粒感的红甜口的也值得一试11. 五蕴馋茶馆 p12开的茶馆门口的上给缝补上了保暖的毛线氛围感拉满,1,,,,,,,,,,,,
来了魔都不知道去哪里玩那不是白来了么江南古镇朱家角快来打卡自己做一张活版印刷明信片留下美好纪念吧,8,"江南古镇,朱家角,活版印刷,明信片,美好纪念",,,,,,,,,,,
如果你没有做好功课直接去了朱家角那么很可能你就错过了一段美景或者错过了一顿美食这边帮大家从地图上先认识一下朱家角了解每一段的特色大概的样貌希望大家玩得开心喜欢的不会错过,7,"美景,美食,地图,特色,样貌,开心,喜欢",,,,,,,,,,,
生命是一叶扁舟在岁月的河流中穿梭静默而勇敢生生而不息古镇的生命力让人又爱又恨爱的是对过去记忆的怀念承载了数百年的光阴每一块砖瓦似乎都附着了时间的痕迹弹指一挥尘埃飘散朱家角的时光从早上7点就已经开始旅行团还在睡梦中商铺依然大门紧闭此刻的河流中只有船夫在独自摆渡将船只停靠着指定的位置等待着游客的到来此时此刻的古镇仿佛才是最朴实无华的存在阳光绿树老人石板路在绝对的安静面前古镇的一切都可以是美好的喧嚣沓至一切又将烟消云散10年前到访朱家角古镇还是一个收费景区如今的朱家角大门敞开任意进出且停车方便交通便利极其开放和包容小桥流水是大部份人对朱家角的印象婉约和清秀是这里的底色桥连接了小河两岸驻足桥心静静等待阳光的到来网上总有许多攻略告诉你如何逛好一座古镇但没有什么攻略比得上在古镇沉睡的时光你突然闯入静静走入每一寸细节可以安静地欣赏一切离开的时候古镇游客已经开始聚集逆光而行后会有期,1,,,,,,,,,,,,
青砖黛瓦石板路小桥流水乌篷船慢品人间烟火气 闲观岁月万事长,9,"青砖黛瓦,石板路,小桥流水,乌篷船,人间烟火气,岁月万事长",,,,,,,,,,,
不得不说去完朱家角古镇再去隔壁淀山湖露营你说这city不city啊,7,"朱家角古镇,淀山湖露营,city",,,,,,,,,,,
 朱家角游客服务中心连接古镇与新城的过渡性建筑实践  项目地址上海市青浦区课植园路 555 号 建筑设计无样建筑工作室主持建筑师 冯路 用地面积8011 平方米 建筑面积1781 平方米 设计时间20182021 摄影吴清山 合作团队SCADISKF城乡建筑设计院 建筑的城市角色古镇与新城之间的桥梁朱家角游客服务中心位于古镇历史文化风貌区与新城交界处于传统肌理与现代城市之间的 过渡地带这个建筑不仅要回应古镇的地域文化还必须面对郊区新城缺乏场所感的现实它的意义不止在服务游客更在于 重构场所认同 设计亮点拆解在现代与传统之间游走形制转译现代语汇回应传统屋顶 建筑采用 深灰色金属坡顶呼应古镇双坡屋面形态 为减少体量感屋顶被拆解为两个三角形组合创造出 简洁而富有张力的天际线轮廓材料语言透明温润与反射之间的对话 首层落地玻璃幕墙  提升通透感与城市界面互动性 二层胶合木悬挑结构  对应古镇传统木构建立跨时代的材料联系 镜面不锈钢格栅  在入口处创造虚实交织的城市窗口街景倒映光线穿透让建筑与环境产生互动的动态美感 空间营造策略低调而有力的场所介入 灰空间入口 建筑与城市街道交界处形成约 3 米高的覆土式灰空间入口营造出 缓冲的过渡感 对于位于新镇广场一侧的尺度空旷问题这种体量悬挑与遮蔽手法 强化了空间的归属感与体验性 自然采光系统 服务大厅与卫生间均设有天窗引入自然光提升空间品质避免压抑与阴湿感 公共卫生间达到 AAA 级旅游厕所标准配备家庭卫生间与母婴室体现对使用者的关怀 技术参数 & 构造表达 结构体系钢木混合结构 二层悬挑由上海思卡福深化设计实现胶合木结构的现代转译 表皮构造镜面格栅与玻璃幕墙构成多层次界面丰富立面变化@BAN泊岸建筑考研 @耶耶学姐 @建筑门徒_果味,8,"古镇, 新城, 过渡性建筑实践, 地域文化, 重构场所认同, 现代语汇, 传统屋顶, 深灰色金属坡顶, 双坡屋面形态, 简洁, 天际线轮廓, 材料语言, 落地玻璃幕墙, 胶合木悬挑结构, 镜面不锈钢格栅, 动态美感, 空间营造策略, 灰空间入口, 覆土式灰空间, 缓冲的过渡感, 属感, 体验性, 自然采光系统, 天窗, 空间品质, AAA级旅游厕所标准, 家庭卫生间, 母婴室, 钢木混合结构, 胶合木结构, 表皮构造, 镜面格栅, 玻璃幕墙, 立面变化",,,,,,,,,,,
真的是打开方式能影响游玩体验[种草R]自驾建议导航到朱家角影剧院有2个地上和1个地下停车场如果停满了可以沿油车浜路往北150米左右还有一个停车场停完车可以直接导航城隍庙码头就是往西走通过美周路进入景区[种草R]打车导航到美周路中国农业银行朱家角支行[种草R]地铁朱家角站1号口出站出来就有一个游船码头40元一人直接到景区中心的放生桥选择步行的朋友沿珠溪路往北走400米过桥后立即右拐沿河边一直走大概20分钟到城隍庙[种草R]到城隍庙或放生桥后可以参看我另一个视频朱家角地图导览选择你喜欢的游玩线路开启你的古镇游,7,"古镇,游玩体验,自驾,朱家角影剧院,停车场,油车浜路,城隍庙码头,美周路,景区,打车,中国农业银行朱家角支行,地铁,朱家角站,游船码头,放生桥,珠溪路,城隍庙,地图导览,游玩线路",,,,,,,,,,,
青瓦白墙古宅错落有致斑驳石桥横跨柔波之上,9,"青瓦,白墙,古宅,错落有致,斑驳,石桥,柔波",,,,,,,,,,,
乌镇很美但是商业气息较重相比乌镇我更爱上海朱家角古镇景色不输乌镇却更有生活气息街角盆栽屋顶炊烟阳台晾晒的衣物街边美食...难怪上海本地人也常来逛地址上海青浦区课植园路555号交通地铁17号线朱家角站1号出口步行1.5公里或者5号出口乘1510路旅游专线或者地铁1号口出站乘船进入朱家角自驾导航至朱家角古镇1号口2号口两个入口都有停车场门票无需门票全天开放景区内部分小景点收费可买联票60r/人含课植园和心园鹤龙美术馆我的游玩路线朱家角古镇1号口课植园和心园放生桥泰安桥圆津禅院北大街廊桥朱家角城隍庙朱家角大清邮局一路拍照加逛逛吃吃随心的走走大致路线就是这样1课植园原马文卿的私家园林又称马家花园在这里可以欣赏江南园林景观2和心园同样是园林式建筑面积比课植园小点但景色不分伯仲3放生桥上海最长高大的五孔连拱大桥初一十五桥下会举行放生大会4泰安桥古镇内最陡的一座单拱桥5圆津禅院原供奉辰州圣母像俗称娘娘庙登钟楼可眺望朱家角古镇6北大街小镇内最繁华的一条街有各种艺术品商店美食店涵大隆酱园就这条街7廊桥江南水乡古镇的标志性建筑8朱家角城隍庙庙内供奉着城隍老爷和城隍夫人9朱家角大清邮局成立于1903年里面可以买手办盖章手摇船古镇内有多个乘船码头详细信息见图18朱家角古镇美食上海人的童年美食少不了朱家角的身影银杏树阿婆肉粽涵大隆酱园扎肉螺丝酒酿绿豆糕,9,"朱家角古镇,生活气息,街角盆栽,屋顶炊烟,阳台晾晒的衣物,街边美食,课植园,心园,放生桥,泰安桥,圆津禅院,北大街,廊桥,朱家角城隍庙,朱家角大清邮局,银杏树阿婆肉粽,涵大隆酱园扎肉,螺丝酒酿绿豆糕",,,,,,,,,,,
漫步古镇远离繁华,7,"漫步,古镇,远离,繁华",,,,,,,,,,,
交通地铁17号线朱家角站停车20元/次门票进古镇免费古镇景点收费课植园和心园鹤龙美术馆城隍庙圆津禅院乐游朱家角公众号联票60元3个80元5个路线推荐朱家角地铁站 步行1-2km大清邮局城隍庙 廊桥圆津禅院泰安桥 鹤龙美术馆放生桥阿婆茶楼 课植园返程美食景区内同类店很多可以自行选择阿婆粽子五花肉粽蛋黄肉粽果脯店山楂果脯柿饼糕团店橘红糕云片糕果汁店甘蔗汁马蹄汁大酱店辣椒酱茶咖吧隐藏其中的网红茶咖店可以撸猫整个景区都是宠物友好可以临河观景其他臭豆腐一口烧麦农家菜景区活动古装拍照68一套/时手摇船码头整船200单程往返300个人感受整个景区内店铺同质性非常高也没什么令人印象深刻的打卡点翻新过的地方特别新夹杂在老街中感觉整个景区规划很糙不过我爸很喜欢他说这些店都是老景区才能看见的店有点像过去的七宝反而不像其他景区这么网红整体景区和居民融合的非常好很多店铺都是居民开的农家菜也是正宗的现炒现卖绝无预制味美价廉,1,,,,,,,,,,,,
南浔古镇和朱家角古镇哪一个更值得深度游玩,5,,,,,,,,,,,,
到底是谁在推这个古镇呀大老远开车过来只有失望两个字且不说全是人头古镇商业气息非常浓厚景色也很一般没啥特色这里以前真的是古镇嘛怎么看着像后面新建起来的咱就是说要有这个时间可以开到西塘或者乌镇了不过现在的古镇好像都很商业了[哭惹R],3,,,,,,,,,,,,
2025朱家角古镇品牌口号和IP形象设计国际征集大赛,2025,古镇原貌,商业水平不高,童年的梦,,,,,,,,,
上海好多古镇我要每个周末玩一个南翔古镇攻略已出-游玩路线游客中心-课植园-和心园-放生桥-北大街-廊桥-漕河街-西湖街-大清邮局-西湖街-西湖大桥-漕平路-漕平路桥-珠湖路-游客中心-景点联票80鹤龙美术馆比较无聊圆津禅院和城隍庙如果没有上香需求的话也不用进去课植园和心园逛一下就够了可以分开买20-美食攻略1银杏树阿婆粽图2上过cctv的老字号人多的时候要排队肉粽超级大肉包的也很多好吃-2角裡朱阿婆小吃馆图3谁说烧麦里只能包糯米试试这里的鲜肉笋丁烧麦和吃小笼包差不多还有豆花馄饨一般-3吴字坊臭豆腐图4又臭又香的感觉谁懂外脆里嫩辣酱和甜酱的都好吃还有油墩子盐焗鹌鹑蛋也不错-4一芽一叶图5新中式茶馆装修好看可以围炉煮茶还有罐罐烤奶逛累了正好坐下来休息一会-@走走薯 @本地薯 @土拨薯 ,1,,,,,,,,,,,,
避坑朱家角古镇本身是免费的但是除了和心园门票30元其他真的没啥好玩的各店铺卖的产品相似度很高,30,"朱家角古镇,免费,心园,门票,店铺,产品相似度",,,,,,,,,,,
作为上海保存最完整的水乡古镇朱家角以传统的江南风貌吸引着日益增加的来访者人文艺术馆位于古镇入口处东邻两棵470年树龄的古银杏这座1 800的小型艺术馆将定期展出与朱家角人文历史有关的绘画作品,7,"上海,保存,完整,水乡,古镇,朱家角,传统,江南风貌,人文艺术馆,古镇入口处,古银杏,小型艺术馆,人文历史,绘画作品",,,,,,,,,,,
上海朱家角古镇地铁17号线朱家角站20元/次进古镇免费入口扫码就行古镇里部分景点收费课植园和心园鹤龙美术馆图二游览地图图三收费景点可在乐游朱家角公众号上购买联票联票价60元图四手摇船码头和票价信息图五美食推荐路线推荐朱家角古镇游客中心课植园和心园过桥(阿婆茶楼)放生桥 鹤龙美术馆圆津禅院 城隍庙大清邮局景点介绍课植园:集结了江南园林之精华拥有中西合璧的庄园式私家花园和心园:面积比课植园要小些但园内的亭台楼阁精致典雅一步一景放生桥: 上海地区现存最大最长的五孔石拱桥被誉为沪上第一桥鹤龙美术馆: 展区面积总800平方米据说是沪上收藏海派大师作品最多的美术馆圆津禅院这里视野开阔可以看游船来来往往在对岸的茶馆点一盏茶很惬意城隍庙: 戏台大算盘和银杏树一定不要错过大清邮局: 清代邮局旧址有一些本子冰箱贴书签之类的小物件有敲章点美食推荐1.角裡朱阿婆小吃館(朱家角东井街127号)2.吴字坊臭豆腐(课植园路555号)3.银杏树阿婆粽( 北大街262号)4.一芽一叶(新风路258弄1号),1,,,,,,,,,,,,
八月份在朱家角拍的几张照片 ,5,,,,,,,,,,,,
再次逛朱家角古镇第一次逛棵植园很意外秋意满园据说马氏家族当时就买下了附近8000亩地是朱家角最大的庄园式私人花园院子里有戏台九曲桥等取名寓意课读之余不忘根植1912年建造当年就如此浩大不得不佩服,8,"朱家角古镇,棵植园,秋意满园,马氏家族,庄园式私人花园,戏台,九曲桥,课读,根植,1912年建造",,,,,,,,,,,
上海最喜欢的 5 家中式美学天花板茶馆 隐世茶亭中式美学组 冬隅茶亭浦东中邦商务园藏在园区深处的三层茶空间落地窗绿意环绕竹椅木桌禅意满满冷萃茶配绿豆酥一秒穿越京都庭院集雅GATHERING武康路137号中国风天花板古董家具+水墨画墙咖啡杯套印着古画故事茉莉拿铁配腐乳蛋糕国潮DNA动了一尺花园朱家角筒仓店朱家角课植园路老粮仓爆改的森系咖啡馆旋转楼梯+顶层江景露台桂花米酿咖啡配战斧牛排古镇与现代的碰撞绝了元古雲境五原路137号 / 马当路245号中式美学顶流从北京胡同火到魔都枯山水庭院+回廊曲径玻璃天窗引入流动光影禅意与摩登共生老洋房里藏着二十四节气的诗意宇宙廷泰茶空间苏虹路顶级东方艺术馆级茶馆 11间私密茶室藏千件古董茶器一茶一席配大师手作茶点商务宴请暗藏王炸,10,"古镇,现代,碰撞",,,,,,,,,,,
朱家角古镇 穿越千年的水乡梦境你绝对不能错过的旅游胜地Hey小仙女们 今天带你们走进一个充满文化底蕴和历史故事的宝藏古镇朱家角 这里不仅是上海的后花园更是江南水乡的缩影绝对是你旅游清单上的必打卡之地 千年古镇的韵味朱家角古镇位于上海市青浦区有着1700多年的历史是江南六大古镇之一 这里的每一块石板每一座桥梁都仿佛在诉说着古老的故事 漫步在古镇的街巷你会感受到浓浓的历史气息仿佛穿越回了那个繁华的明清时代桥与水的浪漫朱家角著名的就是它的桥了 这里有36座古桥每一座都有它独特的故事比如放生桥是古镇的标志性建筑传说在这里放生可以带来好运哦 还有泰安桥据说走过这座桥的人都会平安顺遂 这些桥不仅是交通要道更是古镇的灵魂所在 旅游攻略吃住行全搞定美食推荐朱家角的美食可是不能错过的 一定要尝尝当地的粽子酱鸭和青团味道绝对让你回味无穷住宿推荐古镇内有很多特色民宿推荐住在水边的客栈晚上听着水声入睡别有一番风味交通指南从上海市区出发乘坐地铁17号线到朱家角站再步行10分钟就能到达古镇非常方便 拍照打卡点美照拍不停放生桥这里是朱家角的标志性建筑拍出来的照片绝对能刷爆朋友圈北大街古色古香的街道两旁的店铺和灯笼随便一拍都是大片课植园这是一个典型的江南园林园内的假山池塘和亭台楼阁都是拍照的好背景 你最喜欢朱家角的哪个景点 快来评论区告诉我或者你有什么旅游推荐和旅游咨询都可以留言哦 让我们一起分享旅游的快乐吧关注我解锁更多旅行灵感,9,"朱家角古镇,水乡梦境,文化底蕴,历史故事,上海的后花园,江南水乡,旅游清单,千年古镇,石板,桥梁,历史气息,明清时代,古桥,放生桥,泰安桥,美食,粽子,酱鸭,青团,特色民宿,水边的客栈,地铁17号线,拍照打卡点,北大街,课植园,旅行灵感",,,,,,,,,,,
一路走过去好多韩国人俄罗斯人以及东南亚人刹那间有种在国外的感觉[大笑R] 看来这座有着1700余年历史的古镇还是很吸引外国游客古镇足够大全部逛下来得2-3小时沿河两边比较热闹小店种类丰富一些茶楼咖啡店则相应在幽静的区域正好也适合小坐因为真的蛮大的开车过去的朋友记得时刻对照着地图以停车场为终点去逛不然随便走完发现步行回去取车得再走2公里[叹气R]这里也是扫街古风人像好地方里头就有古装租赁可取景的地方也足够多可以找单独停靠岸边的船夫商量就也不用坐船绕了选茶楼也是不错的地方记得选带二楼的那种伴随着午后暖阳出片绝了[赞R]-建议停1号停车场围着大淀湖逛回来取车也方便,1,,,,,,,,,,,,
乌镇很美但是商业气息较重相比乌镇我更爱上海朱家角古镇景色不输乌镇却更有生活气息街角盆栽屋顶炊烟阳台晾晒的衣物街边美食...难怪上海本地人也常来逛地址上海青浦区课植园路555号交通地铁17号线朱家角站1号出口步行1.5公里或者5号出口乘1510路旅游专线或者地铁1号口出站乘船进入朱家角自驾导航至朱家角古镇1号口2号口两个入口都有停车场门票无需门票全天开放景区内部分小景点收费可买联票60r/人含课植园和心园鹤龙美术馆我的游玩路线朱家角古镇1号口课植园和心园放生桥泰安桥圆津禅院北大街廊桥朱家角城隍庙朱家角大清邮局一路拍照加逛逛吃吃随心的走走大致路线就是这样1课植园原马文卿的私家园林又称马家花园在这里可以欣赏江南园林景观2和心园同样是园林式建筑面积比课植园小点但景色不分伯仲3放生桥上海最长高大的五孔连拱大桥初一十五桥下会举行放生大会4泰安桥古镇内最陡的一座单拱桥5圆津禅院原供奉辰州圣母像俗称娘娘庙登钟楼可眺望朱家角古镇6北大街小镇内最繁华的一条街有各种艺术品商店美食店涵大隆酱园就这条街7廊桥江南水乡古镇的标志性建筑8朱家角城隍庙庙内供奉着城隍老爷和城隍夫人9朱家角大清邮局成立于1903年里面可以买手办盖章手摇船古镇内有多个乘船码头详细信息见图18朱家角古镇美食上海人的童年美食少不了朱家角的身影银杏树阿婆肉粽涵大隆酱园扎肉螺丝酒酿绿豆糕,1,,,,,,,,,,,,
-乌镇固然美丽然而商业气息较为浓厚相较之下我对上海的朱家角古镇更为喜爱这里景色丝毫不输乌镇却更具生活气息街角的盆栽屋顶的炊烟阳台晾晒的衣物街边的美食 怪不得上海本地人也常常前来游玩-地址上海青浦区课植园路 555 号-交通可搭乘地铁 17 号线在朱家角站的 1 号出口下车需步行 1.5 公里或者在 5 号出口乘坐 1510 路旅游专线又或者在地铁 1 号口出站后乘船进入朱家角-自驾导航至朱家角古镇的 1 号口2 号口这两个入口均设有停车场-门票无需门票全天开放景区内的部分小景点需收费可买联票 60 元 / 人包含课植园和心园鹤龙美术馆-我的游玩线路从朱家角古镇 1 号口出发课植园和心园放生桥泰安桥圆津禅院北大街廊桥朱家角城隍庙朱家角大清邮局一路上拍照加上随意逛逛吃吃大致就是按照这样随心地走走课植园原本是马文卿的私家园林亦称 马家花园在此能够欣赏到江南园林的景观和心园同样属于园林式建筑面积比课植园略小但景色可谓不相上下放生桥是上海 蕞 长蕞高蕞大的五孔连拱大桥每逢初一十五在桥下会举行放生大会泰安桥是古镇内蕞为陡峭的一座单拱桥圆津禅院原本供奉辰州圣母像俗称娘娘庙登上钟楼可以眺望朱家角古镇北大街小镇内蕞为繁华的一条街有各类艺术品商店美食店涵大隆酱园就在这条街上廊桥这是江南水乡古镇的标志性建筑朱家角城隍庙庙内供奉着城隍老爷和城隍夫人朱家角大清邮局创建于 1903 年里面可以买手办盖章-手摇船古镇内有多个乘船码头-朱家角古镇美食对于上海人来说童年美食中少不了朱家角的身影比如银杏树阿婆肉粽涵大隆酱园扎肉螺丝酒酿绿豆糕等等-,1,,,,,,,,,,,,
漫步古镇远离繁华,7,"漫步,古镇,远离,繁华",,,,,,,,,,,
免费的古镇不香吗还要什么自行车开放时间古镇全天[二R][四R]小时免费开放景点开放时间为8:30-16:30部分收费关注wx公众号提前查询古镇实时客流及车位信息欢乐出行交通出行地铁地铁17号线朱家角站1号出口1.5公里五号口出可乘坐1510路直达游客中心25分钟一班每次1元自驾自驾导航至朱家角古镇停车场注官方提供7个停车场wx公众号可查看实时车位剩余情况车位分布图详见上图根据游玩路线选择不同的车位哦游玩路线游客中心课植园和心园永安桥阿婆茶楼放生桥北大街江南第一茶楼泰安桥廊桥城隍庙大清邮局游客中心原路返回注路线规划详见上图游船项目收费标准1手摇船单程200300元/船限6人返回出发码头另+100元2游艇及快艇淀山湖02号 600元/航次 来回30分钟 限8人淀山湖03号 400元/航次 来回30分钟 限5人注详细信息辛苦看上图部分景点介绍课植园欣赏江南园林景观20/人去过园林的不建议和心园园林式建筑30/人去过园林的不建议放生桥朱家角古镇的标志性建筑上海最大最长的五孔石拱桥被誉为沪上第一桥历史感十足泰安桥古镇内最陡的一座单拱桥北大街小镇内最繁华的一条街各种艺术品商店美食店在这边涵大隆酱园就这条街廊桥古亭廊桥间江南水乡古镇的标志性建筑也是古镇唯一的木质桥大清邮局旧址成立于1903年目前仍保留邮递书信的功能*以上信息整理自互联网内容不定期更新,1,,,,,,,,,,,,
主要机位有放生桥圆津禅院门口泰安桥 ,5,,,,,,,,,,,,
朱家角古镇位于上海市青浦区是一座有着1700多年历史的江南古镇被誉为江南第一水乡这里保存了大量明清风格的古建筑和历史文化遗产拥有上海威尼斯的美誉著名的景点放生桥上面虽然天气很热但是很多游客冒着酷热前来游览朱家角古镇放生桥是朱家角最大的一座古桥朱家角的平安桥涵大隆酱园前面小桥流水人家原汁原味的古镇老街大清邮局目前华东地区唯一留存的清朝邮局遗址具有很高的历史文化价值在朱家角古镇漫步青石板铺成的街道欣赏精美的砖雕门楼感受这座城市的韵味同时品尝当地特色小吃如酱瓜扎肉粽子等也是不可错过的体验,9,"古镇原貌,古建筑,历史文化遗产,小桥流水人家,老街,砖雕门楼,特色小吃",,,,,,,,,,,
[吧唧R]来了朱家角很多次了都没有去过朱家角里的两个园林这次买了60的联票去了课植园和心园还有鹤龙美术馆[种草R]很喜欢课植园里的后花园里面的假山上的亭子可以很好地欣赏园内风景[种草R]和心园内的室内陈列非常精致有许多老物件和佛像园内的和心亭可以登上二楼远眺旁边的课植园内景[种草R]鹤龙美术馆很小三个展室只有几幅画和容器藏品因为买的联票所以也去了[氛围感R]朱家角古镇位于上海市青浦区紧靠淀山湖风景区是典型的江南水乡古镇是上海境内最大知名度最高的古镇有着上海最长最大最高的石拱桥-放生桥[种草R]古镇内有两座江南园林课植园和心园[私信R] 课植园始建于1912年园主马文卿历时15年耗银30余万两才初步建成园名课植寓有课读之余不忘耕植之意为中西合璧式的江南私家园林[仙女R]朱家角古镇主要打卡景点[打卡R]北大街[打卡R]大清邮局鹤龙美术馆江南第一茶楼[打卡R]城隍庙圆津禅院天主堂[打卡R]放生桥泰安桥廊桥[打卡R]和心园课植园,1,,,,,,,,,,,,
"""繁华外市井处古镇里最人间""藏在魔都里的江南水乡",9,"市井,古镇,人间,魔都,江南水乡",,,,,,,,,,,
你一句春不晚我就来到了真江南行在江南烟雨里淋了一身诗意江南袅袅纵马年少烟波画桥江南仲春天细雨色如烟,10,"春不晚,真江南,江南烟雨,诗意江南,袅袅,纵马年少,烟波画桥,江南仲春天,细雨,色如烟",,,,,,,,,,,
主要是在放生桥上和附近拍摄了上海青浦区朱家角古镇的傍晚景色,6,"放生桥,傍晚景色",,,,,,,,,,,
青浦休闲半日游1报国寺+小渔村导航至报国寺门口一片停车场还有很多骑友在关咖休息报国寺可游览可吃素斋素斋14:00结束报国寺后面的村子就是小渔村外村不可入内村内有鱼货和好吃的海棠糕村子里可以看到淀山湖风光2咖啡+朱家角咖啡在古镇边上顶楼户外可赏湖景很开阔地下停车场6元/小时关键是离朱家角古镇非常近200-300米步行5分钟内可到朱家角1号门逛古镇就没停车烦恼啦,1,,,,,,,,,,,,
朱家角古镇或将变身5A级景区,5,,,,,,,,,,,,
免费的古镇不香吗还要什么自行车开放时间古镇全天[二R][四R]小时免费开放景点开放时间为8:30-16:30部分收费关注wx公众号提前查询古镇实时客流及车位信息欢乐出行交通出行地铁地铁17号线朱家角站1号出口1.5公里五号口出可乘坐1510路直达游客中心25分钟一班每次1元自驾自驾导航至朱家角古镇停车场注官方提供7个停车场wx公众号可查看实时车位剩余情况车位分布图详见上图根据游玩路线选择不同的车位哦游玩路线游客中心课植园和心园永安桥阿婆茶楼放生桥北大街江南第一茶楼泰安桥廊桥城隍庙大清邮局游客中心原路返回注路线规划详见上图游船项目收费标准1手摇船单程200300元/船限6人返回出发码头另+100元2游艇及快艇淀山湖02号 600元/航次 来回30分钟 限8人淀山湖03号 400元/航次 来回30分钟 限5人注详细信息辛苦看上图部分景点介绍课植园欣赏江南园林景观20/人去过园林的不建议和心园园林式建筑30/人去过园林的不建议放生桥朱家角古镇的标志性建筑上海最大最长的五孔石拱桥被誉为沪上第一桥历史感十足泰安桥古镇内最陡的一座单拱桥北大街小镇内最繁华的一条街各种艺术品商店美食店在这边涵大隆酱园就这条街廊桥古亭廊桥间江南水乡古镇的标志性建筑也是古镇唯一的木质桥大清邮局旧址成立于1903年目前仍保留邮递书信的功能*以上信息整理自互联网内容不定期更新,7,"免费,古镇,全天免费开放,实时客流,车位信息,交通出行,地铁,自驾,游玩路线,游船项目,收费标准,景点介绍,江南园林景观,标志性建筑,历史感,繁华,艺术品商店,美食店,木质桥,邮递书信功能",,,,,,,,,,,
周末一游感觉上海就是江南水乡气所包裹的城市位于魔都郊区的朱家角古镇 规模不大 一天就可以逛完虽然是旅游景点 让整个古镇的烟火气 依旧浓郁保留了数百年的明清建筑 老街上的放生桥更是独有特色重点是每个时间段的风景都不一样,8,"江南水乡,规模不大,古镇,烟火气,明清建筑,老街,放生桥,风景",,,,,,,,,,,
朱家角古镇 穿越千年的水乡梦境你绝对不能错过的旅游胜地Hey小仙女们 今天带你们走进一个充满文化底蕴和历史故事的宝藏古镇朱家角 这里不仅是上海的后花园更是江南水乡的缩影绝对是你旅游清单上的必打卡之地 千年古镇的韵味朱家角古镇位于上海市青浦区有着1700多年的历史是江南六大古镇之一 这里的每一块石板每一座桥梁都仿佛在诉说着古老的故事 漫步在古镇的街巷你会感受到浓浓的历史气息仿佛穿越回了那个繁华的明清时代桥与水的浪漫朱家角著名的就是它的桥了 这里有36座古桥每一座都有它独特的故事比如放生桥是古镇的标志性建筑传说在这里放生可以带来好运哦 还有泰安桥据说走过这座桥的人都会平安顺遂 这些桥不仅是交通要道更是古镇的灵魂所在 旅游攻略吃住行全搞定美食推荐朱家角的美食可是不能错过的 一定要尝尝当地的粽子酱鸭和青团味道绝对让你回味无穷住宿推荐古镇内有很多特色民宿推荐住在水边的客栈晚上听着水声入睡别有一番风味交通指南从上海市区出发乘坐地铁17号线到朱家角站再步行10分钟就能到达古镇非常方便 拍照打卡点美照拍不停放生桥这里是朱家角的标志性建筑拍出来的照片绝对能刷爆朋友圈北大街古色古香的街道两旁的店铺和灯笼随便一拍都是大片课植园这是一个典型的江南园林园内的假山池塘和亭台楼阁都是拍照的好背景 你最喜欢朱家角的哪个景点 快来评论区告诉我或者你有什么旅游推荐和旅游咨询都可以留言哦 让我们一起分享旅游的快乐吧关注我解锁更多旅行灵感,10,"水乡梦境,文化底蕴,历史故事,宝藏古镇,后花园,江南水乡,千年古镇,韵味,石板,桥梁,历史气息,明清时代,古桥,放生桥,泰安桥,灵魂,美食,粽子,酱鸭,青团,特色民宿,水边客栈,交通指南,拍照打卡点,标志性建筑,北大街,课植园,江南园林",,,,,,,,,,,
 地址青浦区-朱家角镇课植园路555号 交通地铁17号线朱家角站5号口出乘坐朱家角旅游专线1510路到朱家角游客中心站下或者1号口出步行1.5公里自驾导航至朱家角西南侧地上停车场停车20元一次这里有充电桩新能源车可充电门票朱家角古镇免费里面有收费的小景点可在乐游朱家角服务号上预约5个景点联票80元3个景点联票60元也可在闲鱼上买便宜[星R]游玩路线朱家角古镇游客中心 课植园 和心园 阿婆茶楼放生桥江南第一茶楼鹤龙美术馆 圆津禅院 城隍庙 大清邮局游览地图图2美食推荐1.角裡朱阿婆小吃館朱家角东井街127号2.吴字坊臭豆腐 课植园路555号3.银杏树阿婆粽北大街262号4.古镇饭庄 北大街336号[星R]游船价格游船有三条线AB两条线为三个景点200元一船C线4个景点300元一船每船最多6个人可以拼船或者包船[星R]景点介绍[气球R]放生桥放生桥是朱家角的标志性建筑建于明代是上海地区现存最古老的五孔石拱桥桥身古朴典雅横跨在漕港河上是游客拍照打卡的热门地点[气球R]课植园课植园是一座典型的江南园林园内布局精巧融合了苏州园林的风格园内有假山池塘亭台楼阁景色优美[气球R]城隍庙朱家角的城隍庙始建于明代是当地重要的宗教场所庙内供奉城隍神香火旺盛[气球R]大清邮局大清邮局是中国最早的邮局之一建于清代现为邮政博物馆馆内展示了中国邮政发展的历史保留了许多珍贵的邮政文物[气球R]圆津禅院圆津禅院是一座历史悠久的佛教寺庙始建于元代禅院依山傍水环境清幽寺内供奉着多尊佛像[气球R] 漕港河游船漕港河是朱家角的母亲河乘船游览可以欣赏到两岸的古建筑和水乡风光感受江南水乡的独特魅力[气球R] 涵大隆酱园涵大隆酱园是朱家角著名的老字号酱园已有百年历史[气球R] 朱家角民俗博物馆博物馆展示了朱家角的民俗文化和传统手工艺包括纺织陶艺木雕等,7,"古镇原貌,商业水平不高,童年的梦,课植园,放生桥,江南园林,假山池塘,亭台楼阁,景色优美,城隍庙,大清邮局,圆津禅院,漕港河,古建筑,水乡风光,涵大隆酱园,民俗博物馆,邮政博物馆,宗教场所,标志性建筑,百年历史,纺织陶艺木雕,传统手工艺,佛教寺庙,邮政文物,游船,拼船,包船,免费,联票,阿婆茶楼,角裡朱阿婆小吃館,吴字坊臭豆腐,银杏树阿婆粽,古镇饭庄",,,,,,,,,,,
傍晚的朱家角古镇挺好看的前面几张是站在城隍庙桥附近拍摄的后面几张是站在在放生桥拍摄的放生桥上人挺多的拍的时候要快要注意安全过了放生桥拍了圆津禅院,7,"傍晚,朱家角古镇,好看,城隍庙桥,放生桥,人,快,安全,圆津禅院",,,,,,,,,,,
外国人第一次来上海千万别再只知道东方明珠了这些小众路线玩法玩的才是真上海必去景点1去马勒别墅亲身体验花园洋房的奢华出门右转就能把巨富长三条路逛个遍2在世界zui高书店朵云书院看书发呆俯瞰黄浦江江景3去逛逛1192弄老上海风情街所有老上海的复古元素这里都有4在上海新世界大丸百货坐旋转电梯一边转圈圈一边逛商场5在外滩散步一边是纸醉金迷的万国建筑一边是魔幻耀眼的陆家嘴6去四行仓库了解上海抗战历史亲眼看看弹痕累累的墙面7去北外滩get颠倒三件套的拍照机位8去新天地过海派夜生活环境好bar多晚上听听音乐喝一杯聊聊天如果时间足够还可以远离市区去这些地方1去朱家角古镇打卡繁华之下的江南古镇2去逛上海最大夜市泗泾夜市超多美食烟火气十足3去七宝老街品尝上海地道小食蟹粉小笼葱油饼七宝汤圆糖藕绝对吃到停不下来4去上海动物园看可爱的熊猫歪果仁都非常热爱熊猫,9,"朱家角古镇,江南古镇",,,,,,,,,,,
电影色戒的很多取景地是张爱玲生前喜欢去的场所或是小说中提到过的地方探访12个位于上海的取景地在艺术与现实间穿行上图电影截图下图现实照片[一R],1,,,,,,,,,,,,
朱家角江南古镇的诗意栖息3.5小时轻松打卡从园林到美食一网打尽推荐线路:游客中心  课植园  和心园   清代舒宅角里大院饭店  朱市大集   角裡朱阿婆小吃館  放生桥  吴字坊臭豆腐  奈雪的茶  一芽一葉  银杏树阿婆粽  圆津禅院  涵大隆酱园   城隍庙 大清邮局 城隍庙码头 课植园码头乘船 停车场(游客中心),8,"朱家角,江南古镇,诗意栖息,园林,美食,游客中心,课植园,和心园,清代舒宅,角里大院饭店,朱市大集,角裡朱阿婆小吃館,放生桥,吴字坊臭豆腐,奈雪的茶,一芽一葉,银杏树阿婆粽,圆津禅院,涵大隆酱园,城隍庙,大清邮局,城隍庙码头,课植园码头乘船,停车场",,,,,,,,,,,
有多少人看过周生如故为他们的爱情哭红了眼[哭惹R]今天给大家带来的酒店就是一生一世中周生辰的家打卡剧中同款场景一起做一回剧中人[斜眼R],7,"周生如故,一生一世,周生辰,剧中同款场景",,,,,,,,,,,
来了魔都不知道去哪里玩那不是白来了么江南古镇朱家角快来打卡自己做一张活版印刷明信片留下美好纪念吧,8,"江南古镇,朱家角,活版印刷,明信片,美好纪念",,,,,,,,,,,
"站在桥上看落日余晖等日暮向晚观华灯初上品人间烟火是再好莫属这里是朱家角古镇是上海四大历史文化名镇之一号称上海第一大镇沿街是明清建筑小桥流水青砖黛瓦散发出江南的温婉气质找一个阳光充足的午后走在青石板上游街逛巷感受江南的水乡风情欣赏明清建筑和历史遗迹交通及门票自驾上海市区自驾约1小时左右地铁17号线朱家角站1号口出步行约20分钟门票古镇入口免费部分景点收费收费景点可在乐游朱家角公众号上购买联票联票价60元路线参考朱家角古镇游客中心课植园和心园阿婆茶楼放生桥鹤龙美术馆圆津禅院城隍庙大清邮局课植园原园主马文卿历时15年建成集结了江南园林之精华且将中西文化相融成为中西合璧的庄园式私家花园和心园它是园林和历史文化的博物馆一步一景移步异景里面陈列物均为明清二代的原始物件放生桥是上海最大最长最高的五孔石拱桥被称为沪上第一桥在桥上看落日归山海到傍晚岸边灯火阑珊超级有氛围感因为我去的比较晚天气又冷并没有太仔细逛但桥上的黄昏和夜景真的很迷人游客不太多没有熙熙攘攘商业化也没有太重保留了古镇的一些生活气息不一定要规划路线走走停停,路边各种小店都很好逛我喜欢吃糯叽叽的东西去吃了朱家角忆糕屋藕粉与糯米做的淡淡的甜味挺好吃的",1,,,,,,,,,,,,
朱家角古鎮 | 上海本身以為冇時間嚟依個古鎮因為佢同上海市中心相距個路程都遠好彩臨走前冇嘢做直接過咗嚟朱家角古鎮真係成日聽嚟到發現佢同其他古鎮係有啲分別我會話佢外圍有商業化嘅店舖個內圍都保留咗古鎮應有嘅特色由地鐵站一路行過去古鎮嘅時候好多農民賣士多啤梨係一籃籃咁賣又大粒又甜行過見到靚即買一芽一葉一開始係比佢杯頂個茶壺吸引了飲落發現佢茶味幾出係我幾中意飲嘅唔會太甘太苦佢店入面仲有茶葉可以買成個裝修啱晒打卡一入古鎮就會見到間店榮品啊婆糭好多店都係賣呢隻勁肥豬肉糭重有鹹蛋係入面而依間勁多人排隊買佢有幾間係古鎮到分流又得咗但我望到啲肉咁肥覺得自己搞唔掂冇買嚟試海棠糕呢個小食都係好多店都有我揀咗間有美食推薦嘅我覺得幾好食上面嗰層甜甜地下面有少少糯米香,1,,,,,,,,,,,,
对外乡人来说上海古桥除了豫园的九曲桥放生桥应该是最有名的一座古桥了吧因其在上海最大最长被称为沪上第一桥以下是Deepseek对放生桥的介绍朱家角**放生桥**是上海青浦区朱家角古镇的标志性建筑也是江南地区最大的五孔石拱桥之一它横跨于古镇的漕港河上连接着朱家角的北大街和漕河街是古镇历史与文化的象征**历史背景****建造时间**放生桥始建于明代隆庆五年1571年由慈门寺僧人**性潮**募捐修建距今已有450余年历史**名称由来**因桥畔曾有佛家放生池僧人常在此举行放生仪式倡导戒杀护生故得名放生桥**修缮历史**清代嘉庆年间1812年曾进行大规模修缮至今保存完好是上海地区现存最古老的石拱桥之一**建筑特色**1. **结构设计**全长约**70.8米**宽**5.8米**高7.4米由花岗岩砌筑而成五孔联拱设计中孔最大两侧对称递减既美观又利于泄洪桥墩纤薄仅0.6米厚体现了古代工匠的高超技艺被誉为沪上第一桥2. **细节装饰**桥顶四角雕刻四只石狮憨态可掬桥身镶嵌雕花长系石刻有楹联帆影逐归鸿锁住玉山云一片潮声喧走马平溪珠浦浪千重意境悠远台阶共122级南侧57级北侧65级缓步而上可俯瞰古镇全景**历史与文化意义****交通枢纽**放生桥曾是朱家角通往昆山松江的必经之路促进了古镇商贸繁荣**佛教象征**桥旁的放生亭和石碑记录着佛教放生传统体现古人尊重生命的理念**水乡文化代表**桥与周围粉墙黛瓦漕港河上的摇橹船共同构成典型的江南水乡画卷是摄影和写生的热门地**实用信息****地址**上海市青浦区朱家角镇古镇核心区**门票**进入朱家角古镇免费放生桥无需单独购票**最佳游览时间**清晨或傍晚人流较少可感受静谧的水乡氛围节假日有传统民俗活动,9,"古镇原貌,商业水平不高,童年的梦",,,,,,,,,,,
上海朱家角最有韵味的江南古镇生了孩子后这几年就没再去过朱家角古镇今天天气不错带娃去了趟不得不说如果不出上海想要体验一趟江南古镇朱家角真的是不二选择保姆级攻略奉上自驾停车朱家角古镇停车场20元/天门票免费推荐路线古镇游客中心课植园放生桥酱园园津禅院城隍庙大清邮局推荐美食阿婆粽(店铺很多买过几次感觉口味都差不多盐水河虾可以当零嘴小朋友很喜欢 银鱼炒蛋 水芹菜炒干丝祖传酱菜打卡地大清邮局相当推荐门口清朝的邮筒拍照历史感满满里面是文创中心小朋友可以去敲各式各样的章大人可以喝咖啡对面景色也相当好课植园中西合璧的庄园式私家花园要去的朋友注意时间5点禁止入内放生桥上海现存蕞大蕞长的五孔石拱桥整座桥很大但是坡度很低走上去看下河景很惬意以前去还有看过很多人放生乌龟和鱼今天倒是没见着酱园适合打卡拍照里面卖的各种酱料酱菜腌萝卜.喜欢的朋友可以带些回去下稀饭挺不错Tips1古镇里面很多簪花换装店可以化妆拍打卡照2古镇周边都是居民区运气好能遇到本地菜农在卖菜可以顺便带回一些新鲜蔬果回家尤其是水芹菜倒是不多见的[鼓掌R]3走过放生桥有各种小食咖啡店 延河的景观位都不错还好几家撸猫馆爱猫者打发时间不错的选择Anyway天气适宜朱家角很适合带上家人朋友沿着小河边散散步看看穿梭往来的船只远离高楼建筑体验江南水乡吃点小吃点杯茶或者咖啡何尝不是一种享受,9,"朱家角,江南古镇,孩子,天气,上海,体验,不二选择,自驾停车,古镇停车场,门票免费,古镇游客中心,课植园,放生桥,酱园,园津禅院,城隍庙,大清邮局,阿婆粽,盐水河虾,银鱼炒蛋,水芹菜炒干丝,祖传酱菜,大清邮局,清朝,邮筒,拍照,历史感,文创中心,课植园,中西合璧,庄园式私家花园,放生桥,五孔石拱桥,河景,酱园,打卡拍照,酱料,酱菜,腌萝卜,簪花换装店,化妆拍打卡照,古镇周边,居民区,本地菜农,新鲜蔬果,水芹菜,小食咖啡店,景观位,撸猫馆,爱猫者,打发时间,家人朋友,小河边散步,穿梭往来的船只,江南水乡,小吃,茶,咖啡,享受",,,,,,,,,,,
"如果你看腻了上海外滩的夜景不妨来一次朱家角古镇吧走走石板路坐坐小摇船感受一下小桥流水人家,你会发现一切都值得",9,"石板路,小摇船,小桥流水人家",,,,,,,,,,,
Hi大家好我是Jason上海新场古镇真的太好逛啦一踏入古镇悠悠的江南水乡气息扑面而来这里既有烟火气息的商业老街又有文艺小众的古镇风情从街头到巷尾步步皆是美味诱惑古宅古院古桥青石板路江南水乡氛围感拉满攻略图见图1718带上攻略赶紧出发吧打卡攻略古镇小吃美食主要集中在牌楼西路以北图18打卡点1游客较多古镇人文景点主要集中在牌楼西路以南图18打卡点23游客较少适合拍照特色美食下沙笋肉烧卖王记海棠糕鸡汤豆腐花草头塌饼臭豆腐汤圆必打卡点三世二品坊Diyi楼茶园洪福桥千秋桥新场历史文化陈列馆周一闭馆南山寺康家宅沿河长廊烟雨长廊新场水桥特色地点1一期一会书吧临河咖啡馆拍ins风窗景2四库书房淘伴手礼拍新中式风3竹编坊买小众纪念品看手艺表演4江南Diyi楼茶园体验老上海茶文化拍复古风5奚家厅药斑布坊DIY体验感受非遗文化6缶+文创空间拍ins风淘设计师小物7康家班土布馆定制复古服饰拍怀旧风8小半有光杂货铺淘治愈系小物拍小清新出行交通定位上海浦东新区新场古镇交通导航到海泉街停车场6R/H)交通地铁16号线至新场站下车打车10分钟或乘公交628路直达古镇Tips有疑问或希望我去哪里打卡欢迎留言关注点赞Jason带你去看更多魔都攻略,10,"古镇,江南水乡,商业老街,古镇风情,美味诱惑,古宅,古院,古桥,青石板路,江南水乡氛围,游客,人文景点,特色美食,三世二品坊,Diyi楼茶园,洪福桥,千秋桥,新场历史文化陈列馆,南山寺,康家宅,沿河长廊,烟雨长廊,新场水桥,一期一会书吧,四库书房,竹编坊,江南Diyi楼茶园,奚家厅药斑布坊,缶+文创空间,康家班土布馆,小半有光杂货铺",,,,,,,,,,,
没被吃掉,4,,,,,,,,,,,,
朱家角江南古镇的诗意栖息3.5小时轻松打卡从园林到美食一网打尽推荐线路:游客中心  课植园  和心园   清代舒宅角里大院饭店  朱市大集   角裡朱阿婆小吃館  放生桥  吴字坊臭豆腐  奈雪的茶  一芽一葉  银杏树阿婆粽  圆津禅院  涵大隆酱园   城隍庙 大清邮局 城隍庙码头 课植园码头乘船 停车场(游客中心),1,,,,,,,,,,,,
朱家角古镇 穿越千年的水乡梦境你绝对不能错过的旅游胜地Hey小仙女们 今天带你们走进一个充满文化底蕴和历史故事的宝藏古镇朱家角 这里不仅是上海的后花园更是江南水乡的缩影绝对是你旅游清单上的必打卡之地 千年古镇的韵味朱家角古镇位于上海市青浦区有着1700多年的历史是江南六大古镇之一 这里的每一块石板每一座桥梁都仿佛在诉说着古老的故事 漫步在古镇的街巷你会感受到浓浓的历史气息仿佛穿越回了那个繁华的明清时代桥与水的浪漫朱家角著名的就是它的桥了 这里有36座古桥每一座都有它独特的故事比如放生桥是古镇的标志性建筑传说在这里放生可以带来好运哦 还有泰安桥据说走过这座桥的人都会平安顺遂 这些桥不仅是交通要道更是古镇的灵魂所在 旅游攻略吃住行全搞定美食推荐朱家角的美食可是不能错过的 一定要尝尝当地的粽子酱鸭和青团味道绝对让你回味无穷住宿推荐古镇内有很多特色民宿推荐住在水边的客栈晚上听着水声入睡别有一番风味交通指南从上海市区出发乘坐地铁17号线到朱家角站再步行10分钟就能到达古镇非常方便 拍照打卡点美照拍不停放生桥这里是朱家角的标志性建筑拍出来的照片绝对能刷爆朋友圈北大街古色古香的街道两旁的店铺和灯笼随便一拍都是大片课植园这是一个典型的江南园林园内的假山池塘和亭台楼阁都是拍照的好背景 你最喜欢朱家角的哪个景点 快来评论区告诉我或者你有什么旅游推荐和旅游咨询都可以留言哦 让我们一起分享旅游的快乐吧关注我解锁更多旅行灵感,1,,,,,,,,,,,,
有多少人看过周生如故为他们的爱情哭红了眼[哭惹R]今天给大家带来的酒店就是一生一世中周生辰的家打卡剧中同款场景一起做一回剧中人[斜眼R],9,"周生如故,一生一世,周生辰,剧中人",,,,,,,,,,,
阴雨天更有江南烟雨的美本身的暗调加上我们的补光灯会更加衬托主体纸伞或油纸伞是江南雨景的经典元素可增加画面层次感江南烟雨的美靠自然与人文交融用心记录才能让人感受到那份诗意的动人,9,"阴雨天,江南烟雨,暗调,补光灯,主体,纸伞,油纸伞,经典元素,画面层次感,自然,人文,诗意,动人",,,,,,,,,,,
"上海土著血泪总结这5个""不要""千万记住来上海玩的小伙伴注意啦这些坑我帮你们踩过了看完这篇直接省下1000块一不要豫园城隍庙游客多到爆炸物价高得离谱要去朱家角古镇上海版威尼斯小桥流水超好拍粽子扎肉油墩子...地道美食吃到撑建议傍晚去 夜景绝美还能避开人流二不要南京东路全国统一的步行街 节假日人挤人要去淮海中路潮人聚集地TX淮海K11逛到腿软网红店扎堆 随手一拍都是大片详细攻略看我主页置顶三不要外滩人挤人旅游团多到怀疑人生要去苏州河滨本地人私藏的""塞纳河畔""邮政博物馆+乍浦路桥超出片2元轮渡直达陆家嘴 三件套随便拍四不要东方明珠门票贵还要排长队要去朵云书院52层高空书店 一杯咖啡钱看全景记得提前3天预约窗边位超抢手五不要外滩观光隧道50块看个寂寞 纯纯大冤种要坐浦江轮渡2块钱的快乐日落时分美到哭东金线/东复线都超值这些坑我都帮你们踩过了跟着玩绝对不踩雷还有什么想知道的评论区问我呀",8,"朱家角古镇,小桥流水,地道美食,夜景绝美",,,,,,,,,,,
上海雨季生存指南 i人/e人都能嗨1雨天路过复兴公园新海诚漫画中的言叶之庭2思南公馆玫瑰故事同款在刘亦菲同款玻璃房喝热红酒等雨滴从巴洛克窗棂滑落3去朱家角古镇喝茶get烟雨江南既视感4去徐家汇书院打卡最美图书馆认真读完一本书5 Jump360室内蹦床暴雨天释放多巴胺6前滩太古里茑屋书店雨天限定书雨套餐7去一尺花园听雨看书喝咖啡i人极度舒适8去宝山寺吃斋祈福品茶9去上海海洋水族馆打卡海底世界多抓鱼循环商店窝在二手书堆里听黑胶淘绝版小说+中古餐具雨天淘货人少11涟泉大江户泡完碳酸泉吃免费夜宵暴雨天在榻榻米区玩Switch社恐可选单人洞穴汤池12上海图书馆东馆7楼空中花园听雨看书落地窗正对世纪公园湖景带保温杯接免费热水超治愈13龙华寺雨斋茶会听檐角铜铃与雨声合奏吃素斋抄心经平心静气14愚园路tufting突突馆雨天打毛线最治愈雨天不是生存挑战是城市写给浪漫主义者的诗 你的雨季必去清单是______,1,,,,,,,,,,,,
一半绍兴一半苏州的感觉,8,"绍兴,苏州,感觉",,,,,,,,,,,
发现古镇里有家烤乳扇的小店老板一开口就能听出来不是上海本地人瘦瘦的大姐自称是云南人会热情的跟我介绍她的家乡美食乳扇烤乳扇的时候除了玫瑰酱还加了花生跟我在大理街上吃到的味道一样深得我心老板和我一样也是生活在朱家角的外地人,9,"烤乳扇,老板,云南人,家乡美食,乳扇,玫瑰酱,花生,大理街上,味道,外地人",,,,,,,,,,,
在朱家角剪了个头像为传承传统技艺的手艺人点赞,9,"朱家角,头像,传承,传统技艺,手艺人",,,,,,,,,,,
一过桥洞便到了江南,8,江南,,,,,,,,,,,
作为上海近郊的免费古镇朱家角不仅交通便利还拥有独特的魅力 从朱家角地铁站出发三种方式轻松抵达古镇1 步行20分钟享受自然风光2 乘坐公交快速到达3 乘坐观光船40元/人享受水乡风情 推荐游玩路线朱家角游客中心课植园20元和心园30元阿婆茶楼放生桥泰安桥圆津禅寺10元城隍庙大清邮局步行返回朱家角地铁站 朱家角不容错过的景点 放生桥上海最大的五孔石拱桥历史感十足 圆津禅寺登高望远拍摄古镇全景体验祈福的宁静 廊桥木质结构别具一格傍晚时分别有情调 大清邮局历史悠久现为咖啡文创店还有邮票展览 课植园江南园林精华园内水稻种植别出心裁 和心园小巧精致一步一景展示私人藏品 美食推荐朱家角物价亲民沿河小餐馆众多特色白水鱼不容错过商业区还有星巴克麦当劳肯德基等连锁餐饮 小贴士 游船200元/船可拼船节省成本 避开节假日高峰享受更宁静的游玩体验 建议游玩时间3小时夜晚的朱家角同样迷人 朱家角古镇一个值得多次探访的地方无论是白日的宁静还是夜晚的灯火都让人流连忘返快来体验这个充满魅力的古镇吧 ,10,"上海近郊,免费古镇,朱家角,交通便利,独特魅力,自然风光,水乡风情,放生桥,历史感十足,圆津禅寺,登高望远,古镇全景,祈福宁静,廊桥,木质结构,别具一格,大清邮局,历史悠久,咖啡文创店,邮票展览,课植园,江南园林精华,水稻种植,和心园,小巧精致,私人藏品,物价亲民,沿河小餐馆,特色白水鱼,商业区,星巴克,麦当劳,肯德基,游船拼船,避开节假日高峰,夜晚迷人,灯火流连忘返,多次探访",,,,,,,,,,,
Hi大家好我是Jason上海新场古镇真的太好逛啦一踏入古镇悠悠的江南水乡气息扑面而来这里既有烟火气息的商业老街又有文艺小众的古镇风情从街头到巷尾步步皆是美味诱惑古宅古院古桥青石板路江南水乡氛围感拉满攻略图见图1718带上攻略赶紧出发吧打卡攻略古镇小吃美食主要集中在牌楼西路以北图18打卡点1游客较多古镇人文景点主要集中在牌楼西路以南图18打卡点23游客较少适合拍照特色美食下沙笋肉烧卖王记海棠糕鸡汤豆腐花草头塌饼臭豆腐汤圆必打卡点三世二品坊Diyi楼茶园洪福桥千秋桥新场历史文化陈列馆周一闭馆南山寺康家宅沿河长廊烟雨长廊新场水桥特色地点1一期一会书吧临河咖啡馆拍ins风窗景2四库书房淘伴手礼拍新中式风3竹编坊买小众纪念品看手艺表演4江南Diyi楼茶园体验老上海茶文化拍复古风5奚家厅药斑布坊DIY体验感受非遗文化6缶+文创空间拍ins风淘设计师小物7康家班土布馆定制复古服饰拍怀旧风8小半有光杂货铺淘治愈系小物拍小清新出行交通定位上海浦东新区新场古镇交通导航到海泉街停车场6R/H)交通地铁16号线至新场站下车打车10分钟或乘公交628路直达古镇Tips有疑问或希望我去哪里打卡欢迎留言关注点赞Jason带你去看更多魔都攻略,9,"江南水乡,烟火气息,商业老街,文艺小众,古镇风情,美味诱惑,古宅,古院,古桥,青石板路,氛围感,人文景点,特色美食,三世二品坊,Diyi楼茶园,洪福桥,千秋桥,新场历史文化陈列馆,南山寺,康家宅,沿河长廊,烟雨长廊,新场水桥,一期一会书吧,四库书房,竹编坊,江南Diyi楼茶园,奚家厅药斑布坊,缶+文创空间,康家班土布馆,小半有光杂货铺",,,,,,,,,,,
放生桥位于上海市青浦区朱家角镇跨于漕港上明隆庆五年1571年由慈门寺僧性潮募建清嘉庆十七年1812重建放生桥凝结了古代劳动人民的智慧结晶在其设计与构造上可见一斑放生桥为五孔石拱桥而非平桥或单孔石拱桥作为上海地区最长最大最高的五孔联拱大桥称为沪上第一桥也是包括周庄乌镇同里等在内的江南十大名镇中惟一的大型古桥全长70.8米宽5.8米结构精巧形状美观放生桥长如带形如虹井带长虹为朱家角十景之一放生桥上的石刻技艺也十分高超龙门石上镌有盘龙8条环绕明珠形态逼真桥顶四角蹲着石狮4只仰头张嘴栩栩如生中间有竹节望柱桥面中央镶嵌雕花石板长方形板式桥栏四角方整棱角分明桥东建有碑亭供行人憩息临水筑以石驳凿以锁缆孔为舟楫停泊所用桥壁柱石上刻有清晰的楹联帆影逐归鸿锁住玉山云一片潮声喧走马平溪珠浦浪千重楹联各12字自上而下似山涧飞瀑一泻百丈颇有气势它描绘了十里漕港水运繁忙的热闹景象和江河波涛之汹涌更加突出了放生桥的宏伟气派历来文人雅士赞美此桥有诗云长桥驾彩虹往来便是井日中交易过斜阳乱人影朱家角放生桥为上海地区现存最大最长的石拱桥是一笔宝贵的文化遗产作为古镇上的一个标志性古建筑已被录入上海之最江南胜迹中国名胜词典放生桥在1987年被入选为上海市文物保护单位,1,,,,,,,,,,,,
为了这杯奶茶特意去了朱家角古镇奶茶好喝 奶皮子好次每个小零食都吼次爱喝下次还去,7,"奶茶, 好喝, 奶皮子, 小零食, 爱喝, 下次还去",,,,,,,,,,,
谁懂啊坐摇橹船闯入真江南上海1h直达的千年古镇朱家角漫游指南神仙入场方式作为在这陪读四年的妈妈踏遍了朱家角古镇的每个角落每个入口经常是走不寻常的路通往古镇的路四通八达今天介绍其中特别的一种地铁下来有个坐船的地方30元一个人进入朱家角古镇内比在景区里坐的距离远多了关键是好看一定要试试摇橹船直达古镇心脏的玩法导航至地铁17号线朱家角站30r/人拼船真的太太太有感觉了疯狂按快门预警下船后必做清单 踩过沪上第一古桥放生桥 钻进明清长街北大街吃阿婆粽+扎肉 打卡人生之路同款课植园园林 找家临河茶馆听评弹看乌篷船晃过夕阳  推荐民宿区那里安静 把熏青豆&状元糕塞满包包当手信懒人贴士地铁17号线朱家角站+10min三轮车古镇免费课植园20r建议穿新中式/素色裙装带把团扇更绝舟行碧波上人在画中游魔都打工人周末出逃计划+1 ,1,,,,,,,,,,,,
位置上海市青浦区朱家角镇新风路288弄1号二层 知欢新国风放生桥向东100米星巴克 斜对面自驾导航至朱家角古镇2号门游客中心直通停车场朱里雅集停车场D4出口直通店铺二楼地铁17号线到 朱家角1号口出 步行1.5公里或者5号出口乘1510路旅游专线或者地铁1号口出站乘船进入朱家角,5,,,,,,,,,,,,
生命是一叶扁舟在岁月的河流中穿梭静默而勇敢生生而不息古镇的生命力让人又爱又恨爱的是对过去记忆的怀念承载了数百年的光阴每一块砖瓦似乎都附着了时间的痕迹弹指一挥尘埃飘散朱家角的时光从早上7点就已经开始旅行团还在睡梦中商铺依然大门紧闭此刻的河流中只有船夫在独自摆渡将船只停靠着指定的位置等待着游客的到来此时此刻的古镇仿佛才是最朴实无华的存在阳光绿树老人石板路在绝对的安静面前古镇的一切都可以是美好的喧嚣沓至一切又将烟消云散10年前到访朱家角古镇还是一个收费景区如今的朱家角大门敞开任意进出且停车方便交通便利极其开放和包容小桥流水是大部份人对朱家角的印象婉约和清秀是这里的底色桥连接了小河两岸驻足桥心静静等待阳光的到来网上总有许多攻略告诉你如何逛好一座古镇但没有什么攻略比得上在古镇沉睡的时光你突然闯入静静走入每一寸细节可以安静地欣赏一切离开的时候古镇游客已经开始聚集逆光而行后会有期,1,,,,,,,,,,,,
這一天是朱家角一日遊**餐廳心得 鮮得來排骨年糕比想像種好吃但整體偏普通試過就好北步园火鍋我平常可以接受的辣度最多小辣所以我不知道怎麼定義好不好吃我們鍋底點豬肚雞&微辣但我吃起來根本就是特大辣等級了我基本上只吃了一兩塊鴨血就不行了不過店員人真得很好他幫我們把麻辣鍋底上的辣油撈掉一半不過還是很辣就是了哈哈然後用醬料時我在醬料台前面猶豫不決想了很久不知道要加什麼醬最後店員幫我調了一個我跟旅伴都覺得好吃的醬流心蛋炒飯可以點還不錯塔斯汀漢堡心心念念的塔斯汀漢堡雖然鳳梨板烤雞漢堡下架但是藤椒雞腿漢堡我很喜歡藤椒是花椒的近親吃起來味道差不多推推**景點心得*(  )朱家角其實當初我想來朱家角是為了要穿漢服不過因為是冬天的關係後來沒有穿這邊從人民廣場搭車過去大概一小時我跟旅伴都不會後悔來這邊甚至覺得是這次來上海玩最讚的景點雖然就像一般老街一樣旁邊很多商店會有點商業化的感覺但是朱家角古鎮本身就太美了附近也有圓津禪院城隍廟大清郵局舊址可以去拍拍照如果來上海時間夠的話我覺得這邊會是一個不錯的選擇最讓我印象深刻還是德藝軒內畫大師秦孝寧太厲害了老闆人也很親切還給我們體驗畫看看瓶子真的很難老闆畫了一個可愛的豬吊飾我會好好珍藏_('o'c)_,1,,,,,,,,,,,,
周末不想人挤人那就来朱家角吧上海唯一的地铁直达古镇17号线直达朱家角站出站步行15min就能到~小桥流水白墙黛瓦比市区安静太多随手一拍都是江南水乡的温柔 必打卡点 放生桥朱家角地标站在桥上俯瞰河道傍晚超有氛围感 北大街古镇C位扎肉粽子臭豆腐小吃多到挑花眼 课植园20r门票小众园林人少景美穿汉服拍照绝了 漕河街沿河茶馆超多30r一壶茶坐着发呆看游船超chill~ 美食推荐 阿婆粽蛋黄肉粽必吃热乎乎糯叽叽10r/个 扎肉浓油赤酱炖出来的五花肉肥而不腻 臭豆腐外脆里嫩和长沙臭豆腐不一样的风味 桂花糖藕甜而不腻江南特色甜品 Tips建议下午3点后到逛到傍晚看夜景灯光超美地铁17号线直达自驾停车20r/天门票免费但部分小景点单独收费课植园城隍庙等 地址 上海市青浦区朱家角古镇 交通 地铁17号线朱家角站1号口出,9,"小桥流水,白墙黛瓦,安静,江南水乡,温柔,放生桥,地标,河道,氛围感,北大街,C位,扎肉粽子,臭豆腐,小吃,课植园,门票,小众园林,人少景美,汉服拍照,漕河街,沿河茶馆,游船,chill,阿婆粽,蛋黄肉粽,热乎乎,糯叽叽,扎肉,浓油赤酱,五花肉,肥而不腻,臭豆腐,外脆里嫩,桂花糖藕,甜而不腻,夜景灯光",,,,,,,,,,,
朱家角古镇是上海非常热闹的景点天气好的时候过来游玩很惬意坐坐游船逛吃逛吃老少皆宜怪不得大家都很喜欢连老外都爱来.朱家角古镇地址上海青浦区课植园路555号,9,"朱家角古镇,上海,热闹,天气好,游船,逛吃,老少皆宜,大家都很喜欢,老外爱来,课植园路555号",,,,,,,,,,,
朱家角古镇或将变身5A级景区,5,,,,,,,,,,,,
青浦和心园是一座位于上海市青浦区朱家角古镇的私家园林由美籍华人赵国良先生出资建造是一座集园林艺术和历史文化于一体的博物馆这座园林融合了明清两代的古建筑和古物展现了独特的江南园林风格园中的建筑包括亭台楼阁假山水池古桥古井等每一处都流露出浓厚的历史气息和心园的建筑风格以明清时期的古建筑为主给人一种宁静与和谐之感园中的和心亭是整个园林的标志性建筑建于清嘉庆年间拥有精美的木雕和石雕亭内百桌上刻有棋盘尽显古朴典雅的气质除了古建筑和心园还珍藏了大量的珍贵古物这些古物包括明清时期的瓷器玉器等不仅展现了古代匠人卓越的技艺也反映了当时社会的文化风貌园内的承裕堂陈列着各类收藏品如玉石雅刻瓷瓶挂屏硬木家具等诚德堂中则有杜月笙府宅中的正堂摆件掂和心亭据说源自三峡地区的清代古亭因修建水库而迁移至此和心园的展示正是赵国良先生多年精心收藏的各类艺术珍品品类丰富多样如宋代佛像木雕巨幅唐卡作品等和心园不仅是一座园林更是一座历史的宝库通过建造和心园赵国良先生致力于将中国的传统文化和古建筑艺术传承下去让更多的人了解并欣赏中国的文化遗产门票:30元  买古镇三大景点套票60更划算,9,"青浦,心园,上海市,青浦区,朱家角古镇,私家园林,美籍华人,赵国良,园林艺术,历史文化,博物馆,明清,古建筑,古物,江南园林风格,亭台楼阁,假山,水池,古桥,古井,历史气息,和心亭,清嘉庆年间,木雕,石雕,棋盘,古朴典雅,宁静,和谐,珍贵古物,瓷器,玉器,技艺,文化风貌,承裕堂,收藏品,玉石,雅刻,瓷瓶,挂屏,硬木家具,诚德堂,杜月笙,正堂摆件,三峡地区,清代古亭,水库,宋代佛像,木雕,巨幅唐卡作品,艺术珍品,品类丰富,传统文化,古建筑艺术,文化遗产,门票,套票",,,,,,,,,,,
朱家角 | 一半烟火一半清欢繁华外市井处古镇里最人间藏在魔都里的江南水乡,9,"烟火,清欢,繁华,市井,古镇,人间,魔都,江南水乡",,,,,,,,,,,
上千件旗袍挑到眼花旗袍不合适还有老师傅当场改尺就连新中式和国风连衣裙也有本地人一周逛一次因为几天不来店里旗袍就大换新上新嘎嘎快怎么逛都逛不腻地址朱家角古镇星巴克斜对面,1,,,,,,,,,,,,
位于上海市青浦区淀山湖畔的朱家角古镇是上海四大历史文化名镇之一具有独特的位置和价值其将千年江南文化精髓与现代生活美学完美融合堪称最美的上海后花园朱家角古镇交通非常方便虹桥火车站有始发的十七号地铁直达朱家角然后从朱家角地铁站到古镇中心有两公里的路程可以选择走陆路或水路我们选择乘游船走水路进入朱家角古镇在地铁口直接上船一路沿河道直达朱家角古镇中心景区放生桥码头事实上这是一场融合视觉听觉与文化体验的沉浸式旅程可以感受船在桥下过人在画中游的时空交错感船行时伴有橹声与水波声更易沉浸于小桥流水人家的江南意境朱家角古镇的魅力之一是历史悠久朱家角在宋元时已形成集市明万历年间正式建镇镇内河港纵横达20多公里造就九街十八巷的沿河景观两岸千栋明清建筑依水而立形成人家尽枕河的经典画面三十六座石桥古风犹存形态各异有着深厚的历史底蕴这里有沪上第一石拱桥放生桥放生桥是上海地区最长最大最高的五孔联拱大桥有沪上第一明清街北大街曾经长街三里店铺千家的北大街是当时江南古镇最热闹的古老街道之一还有圆津禅院城隍庙大清邮局等众多古迹朱家角古镇的魅力之二是文化丰富古镇保存了1.5平方公里的明清建筑群北大街被誉为沪上第一明清街沿街店铺保留着一线天的独特构筑老式店招与灯笼相映成趣这里有集江南豪富人家建筑之大成的席氏厅堂清代吴中七子王卂纪念馆等此外圆津禅院的明代壁画席氏厅堂的砖雕艺术王昶纪念馆的文人墨迹共同构成鲜活的文化谱系古镇仍保存有涵大隆酱园江南第一茶楼等百年老字号见证着古镇历史上曾经的的繁荣朱家角古镇的魅力之三是以水为魂朱家角地处淀山湖畔境内河港纵横交错形成九街十八巷一桥跨两岸的水网格局漕港河穿镇而过构成家家临水户户通舟的水乡肌理沿岸商铺码头粮仓密集分布形成前街后河的市井风貌古镇现存400余处明清建筑中大量建筑都是枕河而居坐在临河的茶馆窗口看着河中舟辑穿梭一派上海威尼斯的水乡风情如今北大街作为明清时期的商业街河埠头与石板路并行至今仍保留着水旱码头的繁华遗韵乘船漫游时摇橹声与河道涟漪共鸣两岸黛瓦粉墙如画卷徐徐展开天然一幅水墨画卷,10,"朱家角古镇,上海,历史文化名镇,位置,价值,江南文化精髓,现代生活美学,后花园,交通,地铁,水路,放生桥码头,视觉,听觉,文化体验,沉浸式旅程,船,桥,画,时空交错感,橹声,水波声,小桥流水人家,江南意境,历史悠久,宋元,集市,明万历,建镇,河港,九街十八巷,明清建筑,人家尽枕河,石桥,历史底蕴,放生桥,石拱桥,五孔联拱大桥,北大街,古老街道,圆津禅院,城隍庙,大清邮局,古迹,文化丰富,明清建筑群,沪上第一明清街,沿街店铺,一线天,店招,灯笼,席氏厅堂,吴中七子王卂纪念馆,明代壁画,砖雕艺术,文人墨迹,文化谱系,涵大隆酱园,江南第一茶楼,百年老字号,以水为魂,淀山湖畔,河港,九街十八巷,一桥跨两岸,水网格局,漕港河,临水,通舟,水乡肌理,商铺,码头,粮仓,前街后河,市井风貌,临河,茶馆,河中舟辑,上海威尼斯,水乡风情,商业街,河埠头,石板路,水旱码头,繁华遗韵,摇橹声,河道涟漪,两岸黛瓦粉墙,水墨画卷",,,,,,,,,,,
朱家角在清晨暂时脱下了商业街的繁华准备迎接新一天的热闹最后一个比赛日大家都要加油呀[派对R],1,,,,,,,,,,,,
锦溪古镇P1-P8朱家角古镇P9-P14商业化总体感觉锦溪古镇没有那么商业化个人感觉可以用本地特色保存情况判断锦溪古镇虽然多家都有卖袜底饼但本地特色还比较多的朱家角古镇可以说是汇集了全国各类景区必备云南的烤乳扇冰糖葫芦还有各种各样的旅拍麦当劳小杨生煎应有尽有特色各有各的特色朱家角水域更开阔夜景比较壮观锦溪古镇原始建筑相对保存完善锦溪古镇还有听歌划船坐在水边听到来往唱歌的船只很享受美食P6 锦溪古镇 香酥鸡排队大中小分为201510炸的相对蓬松而不酥脆中分份量不算多P6感觉鸡腿会更香脆还可以蘸酱P7P8 姚记海棠饼桂花糖浇在饼的外圈凝固了细腻的豆沙加分推荐P14 拔草银杏阿婆粽 肉给的实在味道还可以的,1,,,,,,,,,,,,
"上海郊区的朱家角水乡有着1700年历史这里有古老的石桥安静的水道还有传统建筑你可以走在小巷里或者坐船感受这里的古老魅力你去过朱家角或类似的水乡吗?Zhujiajiao, a 1,700-year-old water town near Shanghai, features stone bridges, peaceful canals, and traditional architecture. Stroll the alleys or take a boat ride to enjoy its charm. Have you visited Zhujiajiao or similar water towns?Zhujiajiao, un pueblo de agua de 1.700 aos cerca de Shanghi, tiene puentes de piedra, canales tranquilos y arquitectura tradicional. Pasea por sus callejones o da un paseo en barco para disfrutar de su encanto. Has visitado Zhujiajiao o algn pueblo similar? 上海市青浦区朱家角镇 / Zhujiajiao Town, Qingpu District, Shanghai, China 朱家角站17号/ Zhujiajiao Station (Line 17) 免费 / Free",9,"古老的石桥,安静的水道,传统建筑,小巷,船,古老魅力",,,,,,,,,,,
上海朱家角古镇速写,5,,,,,,,,,,,,
在上海众多江南古镇里面朱家角可以算得上一等一的了风景优美有很浓的江南古镇韵味河流纵横还有好几座古桥软件硬件都是不错的节假日人流如织人山人海可见人们对朱家角的喜爱尤其夜景更加无敌很多人晚上可能没来过朱家角不知道这里的夜景有多美,9,"风景优美,江南古镇韵味,河流纵横,古桥,软件硬件,夜景",,,,,,,,,,,
深蓝夜空配上华灯初上的古镇和花船,9,"深蓝夜空,华灯初上,古镇,花船",,,,,,,,,,,
第一次夜划朱家角古镇很是很多惊喜藏吧的啤酒和青稞白酒很赞店里环境也很不错值得打卡@ToTheWater向水而生 @索酷海翼水上运动俱乐部 ,9,"夜划,朱家角古镇,藏吧,啤酒,青稞白酒,店里环境,值得打卡",,,,,,,,,,,
买盏桂花酒酿沿河晃荡看柳枝蘸水写瘦金体的诗游船穿过桥洞时有人把揉碎的云朵撒进阿婆粽的箬叶里,9,"桂花酒酿,沿河,柳枝,瘦金体,诗,游船,桥洞,云朵,阿婆粽,箬叶",,,,,,,,,,,
 地址青浦区-朱家角镇课植园路555号 交通地铁17号线朱家角站5号口出乘坐朱家角旅游专线1510路到朱家角游客中心站下或者1号口出步行1.5公里自驾导航至朱家角西南侧地上停车场停车20元一次这里有充电桩新能源车可充电门票朱家角古镇免费里面有收费的小景点可在乐游朱家角服务号上预约5个景点联票80元3个景点联票60元也可在闲鱼上买便宜[星R]游玩路线朱家角古镇游客中心 课植园 和心园 阿婆茶楼放生桥江南第一茶楼鹤龙美术馆 圆津禅院 城隍庙 大清邮局游览地图图2美食推荐1.角裡朱阿婆小吃館朱家角东井街127号2.吴字坊臭豆腐 课植园路555号3.银杏树阿婆粽北大街262号4.古镇饭庄 北大街336号[星R]游船价格游船有三条线AB两条线为三个景点200元一船C线4个景点300元一船每船最多6个人可以拼船或者包船[星R]景点介绍[气球R]放生桥放生桥是朱家角的标志性建筑建于明代是上海地区现存最古老的五孔石拱桥桥身古朴典雅横跨在漕港河上是游客拍照打卡的热门地点[气球R]课植园课植园是一座典型的江南园林园内布局精巧融合了苏州园林的风格园内有假山池塘亭台楼阁景色优美[气球R]城隍庙朱家角的城隍庙始建于明代是当地重要的宗教场所庙内供奉城隍神香火旺盛[气球R]大清邮局大清邮局是中国最早的邮局之一建于清代现为邮政博物馆馆内展示了中国邮政发展的历史保留了许多珍贵的邮政文物[气球R]圆津禅院圆津禅院是一座历史悠久的佛教寺庙始建于元代禅院依山傍水环境清幽寺内供奉着多尊佛像[气球R] 漕港河游船漕港河是朱家角的母亲河乘船游览可以欣赏到两岸的古建筑和水乡风光感受江南水乡的独特魅力[气球R] 涵大隆酱园涵大隆酱园是朱家角著名的老字号酱园已有百年历史[气球R] 朱家角民俗博物馆博物馆展示了朱家角的民俗文化和传统手工艺包括纺织陶艺木雕等,8,"放生桥,课植园,城隍庙,大清邮局,圆津禅院,漕港河,涵大隆酱园,朱家角民俗博物馆,标志性建筑,江南园林,宗教场所,邮政博物馆,佛教寺庙,母亲河,古建筑,水乡风光,民俗文化,传统手工艺",,,,,,,,,,,
上海朱家角古镇速写,5,,,,,,,,,,,,
去过无数次的古镇每次都能从中找到一些重复而不一样的风景晴冬里 夕阳下 再次相逢,8,"古镇,风景,晴冬,夕阳,相逢",,,,,,,,,,,
江南水乡朱家角,7,"江南水乡,朱家角",,,,,,,,,,,
图片作品分别为倒影朱家角朱家角上海外滩北外滩看来约老师对上海情有独钟[大笑R],8,"上海,朱家角,倒影,外滩,北外滩",,,,,,,,,,,
上海朱家角古镇大概有着一千多年的历史是一座历史悠久文化底蕴深厚的江南水乡古镇古镇保存有蕞完整的明清建筑老街古色古香让人仿佛穿回古代旁晚穿梭在街头小巷被此起彼伏的叫卖声吸引每家店铺门口的叫卖都不相同但每个人都热情周到又有边界感古镇自带烟火气虽然是旅游景点依旧能感受到浓郁的生活气息可能源于这里还保留着一些传统的生活方式和饮食朱家角古镇规模不大当天可以玩儿完时间宽裕可以住一晚看看古镇的早晨和夜晚完全两种感受开放时间朱家角古镇全天开放门票价格古镇免费部分景点需要购票进入交通上海开车过去大概1.5小时地铁17号线可直达放生桥是古镇标志性建筑之一也是拍照出片的好地方拍了好多旁晚美呆了,9,"古镇, 历史, 文化底蕴, 江南水乡, 古镇原貌, 明清建筑, 老街, 古色古香, 穿回古代, 街头小巷, 叫卖声, 热情周到, 边界感, 烟火气, 生活气息, 传统生活方式, 饮食, 规模不大, 当天玩完, 住一晚, 古镇早晨, 古镇夜晚, 全天开放, 免费, 景点购票, 交通, 上海, 开车, 地铁17号线, 放生桥, 标志性建筑, 拍照出片, 旁晚美呆了",,,,,,,,,,,
一半绍兴一半苏州的感觉,7,"绍兴,苏州,感觉",,,,,,,,,,,
今生簪花一世无忧还没拍过簪花的宝子们来朱家角拍一套吧198一价全包无任何隐形消费,7,"今生簪花,一世无忧,朱家角,无任何隐形消费",,,,,,,,,,,
今天是年初一先大家年快乐上海人可能都不知道的私藏好去处居然被我发现啦它就是位于上海青浦的珠溪园虽然不大却藏着一座江南水乡的缩影小桥流水人家亭台楼阁还有那曲折蜿蜒的回廊一砖一瓦一步一景都充满了诗情画意现在正值赏腊梅的季节趁着假期还不赶紧约上小伙伴一同前往地址上海市青浦区凝浜路332号拍摄时间1/25景点简介珠溪园原为富商蔡氏私园五十年代辟为共青公园1990年整修后对外开放改名为青浦珠溪园现名为上海珠溪园游览路线大门进聚福亭洞天福地夕阳苑七星阁清华亭澜亭阁怡然亭九曲桥祥祯桥聚龙阁穿云亭荷花池生肖园馨湖亭齐云阁登云阁三曲廊桥大门出见P2游览时间1h腊梅位置见P2拍摄打卡点见P3实用信息门票免费开放时间5:45~16:30交通公共交通乘坐轨道交通17号线至朱家角站1号口出然后换乘公交青蒸线至祥凝浜路酒龙路站蕞后步行7分钟即可到达自驾市区公园 大约40分钟左右车程停车场: 珠溪园边上小弄堂开进去有地面停车场停车费:6r/时附近景点朱家角古镇我是Seven你的旅行小助手,1,,,,,,,,,,,,
买盏桂花酒酿沿河晃荡看柳枝蘸水写瘦金体的诗游船穿过桥洞时有人把揉碎的云朵撒进阿婆粽的箬叶里,10,"桂花酒酿,河,柳枝,瘦金体,诗,游船,桥洞,云朵,阿婆粽,箬叶",,,,,,,,,,,
"上海土著血泪总结这5个""不要""千万记住来上海玩的小伙伴注意啦这些坑我帮你们踩过了看完这篇直接省下1000块一不要豫园城隍庙游客多到爆炸物价高得离谱要去朱家角古镇上海版威尼斯小桥流水超好拍粽子扎肉油墩子...地道美食吃到撑建议傍晚去 夜景绝美还能避开人流二不要南京东路全国统一的步行街 节假日人挤人要去淮海中路潮人聚集地TX淮海K11逛到腿软网红店扎堆 随手一拍都是大片详细攻略看我主页置顶三不要外滩人挤人旅游团多到怀疑人生要去苏州河滨本地人私藏的""塞纳河畔""邮政博物馆+乍浦路桥超出片2元轮渡直达陆家嘴 三件套随便拍四不要东方明珠门票贵还要排长队要去朵云书院52层高空书店 一杯咖啡钱看全景记得提前3天预约窗边位超抢手五不要外滩观光隧道50块看个寂寞 纯纯大冤种要坐浦江轮渡2块钱的快乐日落时分美到哭东金线/东复线都超值这些坑我都帮你们踩过了跟着玩绝对不踩雷还有什么想知道的评论区问我呀",8,"朱家角古镇,小桥流水,地道美食,夜景绝美",,,,,,,,,,,
[打卡R]青浦区朱家角古镇完全配得上将近6小时的通勤我在闵行又出片又便宜五一期间去人挺多平日里应该会少些[红包R]关于花销1 坐船17号线朱家角站出站后 旁边就有船可以直接进古镇 30一人 一路风景挺不错的 特别是可以拍到P2的拱桥 推荐[点赞R]景区内的船略贵 200一艘 一艘最多6人 可以自己和其他游客拼2 吃饭古镇内有很多平价餐厅 网上也有团购 人均50可以吃的很不错其他小吃摊同质化严重 价格也非常贵 按需购买吧镇内也有很多奶茶/快餐店 麦麦 悸动 小杨生煎 食其家3 路线古镇不大 边走边拍+吃饭 六小时绰绰有余 所以推荐把整个古镇全都扫一遍hhhh,1,,,,,,,,,,,,
终于打卡了朱家角这家有特殊仪式感的民宿住在这里仿佛穿越回到了古代走在古镇里一瞬间时光倒流~-中式风设计美到想哭一进门就被这古色古香的装修吸引住了每个细节都处理得超级到位房间里还准备了满满的水果和饮料连洗漱包也格外讲究简直完美-摇船接送服务仪式感满满最喜欢这里的摇船接送服务早晨坐船去别院吃早餐阳光洒在河面上简直是惬意爆表服务人员超级热情每次都亲切地打招呼-娱乐设施丰富到爆小院子不光漂亮还有各种娱乐设备小朋友们在院子里玩得不亦乐乎还有评弹表演简直是全家人的娱乐天堂-位置上海青浦区西井街图文已授权@自由旅行家 请不要误判,10,"古镇,时光倒流,中式风设计,古色古香,细节,水果,饮料,洗漱包,摇船接送服务,仪式感,阳光,河面,惬意,服务人员,热情,娱乐设施,小院子,评弹表演,全家人的娱乐天堂,位置,上海青浦区西井街",,,,,,,,,,,
 地址青浦区-朱家角镇课植园路555号 交通地铁17号线朱家角站5号口出乘坐朱家角旅游专线1510路到朱家角游客中心站下或者1号口出步行1.5公里自驾导航至朱家角西南侧地上停车场停车20元一次这里有充电桩新能源车可充电门票朱家角古镇免费里面有收费的小景点可在乐游朱家角服务号上预约5个景点联票80元3个景点联票60元也可在闲鱼上买便宜[星R]游玩路线朱家角古镇游客中心 课植园 和心园 阿婆茶楼放生桥江南第一茶楼鹤龙美术馆 圆津禅院 城隍庙 大清邮局游览地图图2美食推荐1.角裡朱阿婆小吃館朱家角东井街127号2.吴字坊臭豆腐 课植园路555号3.银杏树阿婆粽北大街262号4.古镇饭庄 北大街336号[星R]游船价格游船有三条线AB两条线为三个景点200元一船C线4个景点300元一船每船最多6个人可以拼船或者包船[星R]景点介绍[气球R]放生桥放生桥是朱家角的标志性建筑建于明代是上海地区现存最古老的五孔石拱桥桥身古朴典雅横跨在漕港河上是游客拍照打卡的热门地点[气球R]课植园课植园是一座典型的江南园林园内布局精巧融合了苏州园林的风格园内有假山池塘亭台楼阁景色优美[气球R]城隍庙朱家角的城隍庙始建于明代是当地重要的宗教场所庙内供奉城隍神香火旺盛[气球R]大清邮局大清邮局是中国最早的邮局之一建于清代现为邮政博物馆馆内展示了中国邮政发展的历史保留了许多珍贵的邮政文物[气球R]圆津禅院圆津禅院是一座历史悠久的佛教寺庙始建于元代禅院依山傍水环境清幽寺内供奉着多尊佛像[气球R] 漕港河游船漕港河是朱家角的母亲河乘船游览可以欣赏到两岸的古建筑和水乡风光感受江南水乡的独特魅力[气球R] 涵大隆酱园涵大隆酱园是朱家角著名的老字号酱园已有百年历史[气球R] 朱家角民俗博物馆博物馆展示了朱家角的民俗文化和传统手工艺包括纺织陶艺木雕等,8,"放生桥,课植园,城隍庙,大清邮局,圆津禅院,漕港河游船,涵大隆酱园,朱家角民俗博物馆,标志性建筑,江南园林,宗教场所,邮政博物馆,佛教寺庙,水乡风光,古建筑,民俗文化,传统手工艺",,,,,,,,,,,
朱家角在上海话里读音像zi ga gao于是取名叫阿滋水平有限设计了一个朱家角的ip形象家人们朋友们点点赞涨涨浏览量@朱家角古镇,7,"朱家角,上海话,zi ga gao,阿滋,IP形象,家人们,朋友们,点赞,浏览量,朱家角古镇",,,,,,,,,,,
回首看 江南水乡风犹在望过往 人间皆是烟火情是岁月柔情里的点点微光啊把古镇古村里的历史文化从过去贩卖到如今让我为之动容这十八处风景一眼万年 全是好光景-2023年我去过最美的古镇古村1南浔古镇南浔 南巡  简单不单调的水乡古镇-2书圣故里江南烟雨 纯朴风情满满的小桥流水人家-3溪上村许光汉同款秋千地 万安桥是绝佳机位-4安昌古镇特色乌篷船一定要坐 民土风情很浓厚-5西塘古镇夕阳西下里的西塘 美不胜收-6乌镇超有名气的古镇之一 乌镇戏剧节你肯定听过-7同里古镇古韵风很正的民风古镇_8廿八都古镇江湖感满满的古镇 在古镇的亭子上 能看到全景-9丽水松阳村子超级有年代感 非常宝藏 四季都非常适合去-10渔港古城充满文化创意的古渔小镇 玩的小景点很多-11葛仙村仙侠世界里的世外桃源 白天夜晚都好看-12婺女洲亭台楼阁的风姿卓越 不能错过的灯光秀与打铁花-13景德镇拥有瓷都之乡的美誉 艺术内涵浓厚-14阳产土楼金黄色包围的古老村落与晒秋人家 暖阳下的土楼显得格外有生机-15西津渡镇江市三山一渡中的一渡 可以一眼看万年-16瑶里古镇惬意斑斓的悠悠古镇 超级有诗情画意-17徽州古城中国四大古城之一 徽派建筑风格独特别致-18篁岭年代久远的古老文明 婺源里绝不能错过的景点-古镇古村的淳朴民风是古往今来一直在延续的经典待腻了车水马龙的城市 这些古村镇适合小住几天,1,,,,,,,,,,,,
从朱家角地铁站出来后一路走一路拍这次没有走祥凝浜路去朱家角古镇2号门而是先走珠溪路然后右向东走参考图6老夫妻的位置一路上经过福星桥与中和桥并在桥上拍照最后进入古镇景区内拍摄一些照片,6,"朱家角地铁站,祥凝浜路,朱家角古镇,珠溪路,福星桥,中和桥,古镇景区",,,,,,,,,,,
我是第一次去朱家角第一个感觉就是宁静的建筑和慢慢流淌的水拿着相机慢慢跟着水走这次没走完主要人还是很多的没办法拿着相机去挤人群也许也错过很多好看的照片但还有下次很喜欢这里的布局前面全都是古镇建筑走到底是现代商区不多但够用星巴克manner快餐当然前面古镇沿河都有餐厅微晴的天来这里的话如果你仔细找会有很多像电影的场景,8,宁静,建筑,水,相机,古镇建筑,现代商区,星巴克,manner,快餐,餐厅,微晴,电影场景
探寻上海朱家角古镇的历史文化宝藏还有创意无限的无名工作室 NONAME STUDIO 朱家角古镇历史悠久早在宋元时期就已形成集市它见证了岁月的变迁承载着无数的故事古镇的建筑风格独具特色白墙黑瓦的明清建筑错落有致地排列在河道两旁这些古老的房屋仿佛在诉说着过去的辉煌与繁荣纵横交错的河道是朱家角古镇的一大特色在古代这些河道是重要的交通枢纽连接着各地的商贸往来如今它们依然静静地流淌为古镇增添了一份灵动之美古镇还孕育了丰富的文化这里曾是文人墨客聚集之地留下了许多诗词佳作走在古镇的石板路上仿佛能感受到当年的文化氛围民间艺术在这里也得到了很好的传承剪纸刺绣竹编等传统手工艺让人惊叹于古人的智慧和创造力美食文化同样源远流长扎肉阿婆粽芡实糕等特色小吃不仅味道鲜美更是古镇历史文化的一部分作为最早入驻到朱家角古镇内工作室之一的无名工作室NONAME STUDIO我们把废弃的旧工厂改造成新的艺术中心这里充满了创意和艺术家的灵感通过都市艺魂我们把这些历史遗迹注入新的生命将它们改造成创意有趣的艺术社区中心来看看我们改造后的变化加入我们一起发掘更多隐藏宝地,10,"历史文化宝藏,创意无限,无名工作室 NONAME STUDIO,朱家角古镇,历史悠久,宋元时期,岁月的变迁,故事,建筑风格,白墙黑瓦,明清建筑,河道,交通枢纽,商贸往来,灵动之美,文化,文人墨客,诗词佳作,石板路,民间艺术,剪纸,刺绣,竹编,传统手工艺,智慧,创造力,美食文化,扎肉,阿婆粽,芡实糕,特色小吃,历史文化,废弃的旧工厂,艺术中心,创意,艺术家,灵感,都市艺魂,历史遗迹,生命,艺术社区中心",,,,,,,,,,,
国庆今天阳光明媚 适合闲逛发呆本是去青浦阿特麦文创园参观,6,"国庆,阳光明媚,适合,闲逛,发呆,青浦阿特麦文创园,参观",,,,,,,,,,,
地理位置中国上海上海城西的中国知名水乡古镇朱家角隶属品牌国内顶级度假酒店品牌安麓设计团队由国宝级古建匠人澳大利亚灯光设计团队The Flaming Beacon与马来西亚建筑及室内设计师冯智君先生进行设计整个酒店以被誉为明代江南第一官厅的五凤楼及晚清戏台为核心来布局进门后左手边是一座始建于晚清的古戏台戏台前的两棵宿根美女樱每年春天特别养眼古戏台梁柱之间的雀替均为精致的木雕蟠龙金柱如伞如盖的藻井使整个戏台富丽堂皇右手边则是经由数百名国宝级老工匠修复数年时间才得以修缮完成的五凤楼被誉为明代古建江南第一官厅是酒店大堂的所在地朱家角安麓的客房皆以阁命名有着雅致的中式人文情怀酒店客房共35套最小的面积都有120平方米之阔绰四种阁各具特色静矗于联排别墅中皆独门独户给人以尊贵感水疗房的走廊十分惊艳两侧分别以中国书法和中国画作为装饰处处彰显文化韵味酒店的水疗中心充斥着非常浓郁的泰式风情水疗手法传承自地道泰国芳疗在这里找到身心的契合,9,"地理位置,中国,上海,上海城西,水乡古镇,朱家角,国内顶级度假酒店品牌,安麓,国宝级古建匠人,澳大利亚灯光设计团队,The Flaming Beacon,马来西亚建筑及室内设计师,冯智君,五凤楼,晚清戏台,明代江南第一官厅,古戏台,宿根美女樱,春天,雀替,木雕蟠龙,金柱,藻井,富丽堂皇,数百名国宝级老工匠,修缮,酒店大堂,客房,阁,中式人文情怀,35套,120平方米,静矗,联排别墅,独门独户,尊贵感,水疗房,走廊,中国书法,中国画,文化韵味,水疗中心,泰式风情,水疗手法,地道泰国芳疗,身心的契合",,,,,,,,,,,
可能是小镇情节也可能是其独有的古镇烟火气看到朱家角的第一眼就击中了我小桥流水农家小宅也许每个沪漂都能在这里找到几分家乡的熟悉的气息才想起好久没回家了,9,"小镇情节,古镇烟火气,朱家角,小桥流水,农家小宅,家乡,熟悉的气息",,,,,,,,,,,
地点: |青溪古镇^地址: 上海奉贤区2675号门票: 免费上海古镇不少但青溪古镇不愠不火虽不收门票不过远离市区不通地铁且商业开发一般所以人流不多人少的好处是可以从容拍照拍照tips:1尽量挑晴天傍晚天色还没全黑深蓝色夜空与灯光互为映衬2 尽量在河边拍夜景建筑倒影在水面还有游船穿梭很有意境,7,"青溪古镇,不愠不火,人少,从容拍照,河边拍夜景,建筑倒影,水面,游船穿梭,意境",,,,,,,,,,,
街角不经意间的一盆绿植屋顶袅袅升起的炊烟阳台上随风摇曳的衣物还有街边让人垂涎欲滴的美食难怪连上海本地人都对它情有独钟-地址上海青浦区课植园路555号轻松get-交通攻略地铁17号线朱家角站1号出口下车走个1.5公里就到了或者5号出口出来搭个1510路旅游专线直达景区门口还可以从1号口出站后直接乘船进入古镇感受水乡的浪漫自驾路线导航至朱家角古镇1号口或2号口停车场等你来停下-门票信息无需门票全天免费开放哦不过景区内有些小景点要收费可以买60元的联票包含课植园和心园鹤龙美术馆超值-我的游玩路线从1号口出发一路走一路拍课植园的古色古香和心园的精致典雅放生桥的壮观宏伟泰安桥的陡峭独特圆津禅院的宁静致远北大街的繁华热闹廊桥的韵味十足朱家角城隍庙的神秘庄严还有朱家角大清邮局的复古风情每一处都让我流连忘返-手摇船体验古镇里多个码头等你上船感受水波荡漾的惬意-美食打卡说到朱家角怎能不提那些让人回味无穷的美食呢肉粽的香糯扎肉的鲜美螺丝的鲜辣酒酿的甘甜绿豆糕的细腻每一口都是上海的滋味,1,,,,,,,,,,,,
皇家郁金香酒店就在朱家角古镇旁边,5,,,,,,,,,,,,
第二届朱家角汉风奇妙夜正式开启汉服花船古楼........船在水上行人在画中游ADD朱家角古镇交通地铁17号线朱家角站,7,"汉服,花船,古楼,水上,画中游,朱家角古镇",,,,,,,,,,,
年初六决定带狗狗去朱家角玩一圈 要去的话建议能早就早点停车会方便一点今天早上十一点到景区已经需要去外面马路边上停车了刚开始人流量不算特别多走走停停天气蛮好悠闲舒适度拉满能充分感觉到水乡古镇的景致朱家角古镇是免预约免门票费在景区门口扫码去小程序上领一个电子门票就能扫码进园区了可能因为过年人流量太大了今天到闸机也不需要扫码直接让我们进了古镇挺大的一圈逛下来走走停停花了4个小时中途还在瑞幸买了两杯咖啡坐了20分钟店里暖气烘得狗子都睡着了[笑哭R]朱家角商业化特别严重走过一个转角放眼望去奈雪的茶星巴克瑞幸咖啡棒约翰麦当劳DQ里面还有两家撸猫馆猫猫都在门口晒太阳特别乖巧下午3点半出朱家角那个时候人流量已经爆多了走路只能一点一点慢慢挪出去出去路过一家朴素的面馆看了眼招牌河鲜面68一份默默选了猪肝面24r价格还行面也不错心满意足回家,8,"天气蛮好,悠闲舒适度拉满,水乡古镇的景致,免预约免门票费,电子门票,景区挺大,商业化特别严重,奈雪的茶,星巴克,瑞幸咖啡,棒约翰,麦当劳,DQ,撸猫馆,猫猫都在门口晒太阳,河鲜面,猪肝面,价格还行,面也不错",,,,,,,,,,,
晴天的古镇像单独开了滤镜,7,"晴天,古镇,滤镜",,,,,,,,,,,
同里位于苏州太湖之畔古运河之东属于江苏省苏州市吴江区建于宋代至今已有1000多年历史同里古名富土唐初称铜里宋建镇改为同里同里镇有三多名人多明清建筑多水桥多同里镇为江南六大著名水乡古镇周庄同里甪直西塘乌镇南浔之一为五个湖泊所环抱川字形的15条小河将镇区分割成七个小岛而49座古桥又将其连成一体形成水巷小桥多人家尽枕河的独特景观是江南典型的小桥流水人家的水乡古镇2003年同里古镇被列入第一批中国历史文化名镇名单2010年被国家旅游局评定为5A级旅游景区同里是个文化古镇出过很多名人自宋代至清末先后出过状元1名进士42名文武举人93人深厚的文化底蕴自然造就了丰富的文物古迹单是保存完好的明清建筑就达6.5万平方米占古镇总建筑面积的61%在街道之间弄堂较多如尤家弄仓场弄西弄等镇中至今还保留着不少明清建筑如退思园崇本堂嘉荫堂耕乐堂环翠山庄三谢堂侍御第卧云庵城隍庙尚义堂等园林和古建筑同里最出名的景点当属一园两堂三桥一园指退思园两堂指嘉荫堂和崇本堂三桥指太平桥吉利桥和长庆桥除此之外另外还有全国重点文物保护单位耕乐堂等也值得一看其门洞西侧上方刻有得返自然四个大字正是对耕乐园最好的诠释退思园位于同里镇东溪街建于清光绪十一年至十三年园主任兰生退思园是一座私家花园取左传中进思尽忠退思补过之意全园以水为主贴水而筑全园简朴淡雅水面过半景色宜人退思园集清代园林建筑之长园内的每一处建筑既可独自成景又与另一景观相对应具有步移景异之妙堪称江南古典园林中的经典之作2000年联合国教科文组织世界遗产委员会将退思园作为苏州古典园林扩展项目列入了世界遗产名录同里镇内街巷逶迤河道纵横因而也就留下了众多建于宋以后各个朝代的古桥40多座其中著名的成品字形架设在河道上的三桥太平桥吉利桥长庆桥是昔时同里婚嫁花轿必经之桥象征着吉祥和幸福同里人家添丁婚嫁做寿都有走三桥的习俗祈求太平美满吉利据说镇上凡逢老人六十六岁生日午餐后必定也去走三桥以图吉利,1,,,,,,,,,,,,
古色古香的井亭保留了原始的三进式宅院砖木结构镂空雕饰一步一景江南之美在这里被很好的诠释了这里还有自己的游船接送住客别院早餐围炉煮茶仿佛像古人一般的隐居生活.井亭民宿地址上海朱家角西井街56号,10,"古色古香,原始,三进式宅院,砖木结构,镂空雕饰,一步一景,江南之美,游船接送,住客别院,早餐,围炉煮茶,隐居生活",,,,,,,,,,,
做一个朱家角古镇的小小粗略版路线图放在了图9[打卡R]主要的功能就是可以不走回头路便能经过大部分的热门打卡点如课植园/放生桥/圆津禅院/城隍庙/大清邮局因为照片都是不同时期拍的只是做一个简单的参考所以风格不统一一般来游玩的话车子停在1号门游客中心停车场沿着西井街[种草R]走首先映入眼帘的是师傅们划着船从身边经过举办活动时能看到花船图1[打卡R]靠在岸边像从画中驶来船桨在水面掀起层层涟漪从这一刻小桥流水人家的意象得到了具象化到放生桥是观赏夕阳的最佳拍摄点图2[打卡R]站在桥上向远处眺望那温暖的橙红色光芒会有夕阳无限好的感慨以前桥脚下会有很多卖装在小袋子里的鱼的小贩们买来之后便直接将小鱼们放生回河里于是就会有一边放生一边又把鱼捞上来的诙谐场景下桥右拐进入北大街[种草R]最热闹的一条街本质是小吃小东西一条街我平时是不太会走的实在是太拥挤了所以会选择过桥到漕河街[种草R]向上是圆津禅院图3[打卡R]向下则是城隍庙城隍庙到大清邮局这段路上是咖啡喝茶一条街任意一家全是沿河观景位不太会有什么区别不过现在好像特别流行用宠物来吸引顾客所以一路走下来能rua好多只猫猫和狗狗鹦鹉也是数量繁多再往前就是居民区和一些民宿了返回的话按照我箭头指示的右拐过一座小桥开辟一条全新的路线也就是东湖街[种草R]很有文化氛围的地方有卖旧书和画肖像画的店也有不错的吃茶店又过一座桥左转后来到了大新街[种草R]某个小巷子里还有位婆婆会剪影从小时候看到长大再走啊走右转到美周路[种草R]就能看到有四百多年历史的银杏树了图4[打卡R]捡起一片落叶当作书签也是很浪漫的新角里[种草R]是后面新建的现代化区域了但融合在古镇里却没有那么的割裂大概是整体的装修基调很清新的原因我个人最喜欢傍晚时分的朱家角图5&6[打卡R]喝一杯咖啡坐在星巴克的室外或者靠在河边的栏杆上看向放生桥的位置万家灯火让内心十分的温暖和惬意一尺花园是建造在旧时的筒仓上的挺出片的而且有露台可以俯瞰整个古镇的景色时间充沛的话可以去绕一圈朱家角的人力三轮车也是独特的风景线已经很少还有古镇保留了虽然完全没有坐的必要而且也不太实惠但是以前坐的时候觉得还挺拉风的,1,,,,,,,,,,,,
"[看R]江浙沪周边游 [自拍R]我去逛了朱家角古镇[害羞R]个人觉得相对于乌镇[派对R]朱家角门票免费[偷笑R]商业气息相对少很多[吧唧R]有许多当地的居民在日常生活[飞吻R]左邻右舍就是一副生活画[哇R]有爷爷奶奶搬个小凳子[微笑R]在门口摇着扇子坐着[害羞R]有人在树下喝茶聊天 好惬意[派对R]让我忍不住多坐一会儿哈哈哈  我在想 [看R]这边的房价不知道有多贵[满月R][笑哭R]凭着我的三瓜两枣  [害羞R]想在这住下了[汗颜R]要搬多少年的砖[彩虹R]总结了游玩攻略[飞吻R]希望能帮到你[气球R]地址[星R]朱家角古镇游客中心青浦区课植园路555号[气球R]门票[星R]进古镇免费入口扫码就行[气球R]门票及活动预约[星R]公Z号""乐游朱家角""[星R]有部分收费景点可以买套票也可以单独购买[暗中观察R]不感兴趣就没必要买[气球R]交通[一R]地铁17号线朱家角站下[私信R]三种方式进古镇1步行18分钟2打车5分钟3坐船直接到放生桥40[钱袋R]人[二R]自驾有两个停车场 20[钱袋R]次[玫瑰R][玫瑰R][玫瑰R]推荐线路[满月R]朱家角属于上海ZUI大的古镇[哇R]要走很多路的[私信R]注意穿个舒适的鞋子[向右R]朱家角古镇游客中心课植园和心园过桥就是阿婆茶楼沿东井街走到放生桥沿北大街走江南第茶楼鹤龙美术馆酱园过桥圆津禅院城隍茶楼鹤龙美术馆酱园过桥圆津禅院城隍庙大清邮局[玫瑰R][玫瑰R][玫瑰R]美食[星R]FAN咖啡在青浦本地小有名气其他的咖啡点喝茶点拍照都很出片[耶R][拔草R]阿婆粽子我尝了水乡特色的昂刺鱼白米虾都还不错[拔草R]爆肥小酒馆五津菜馆大排档等本地人比较爱去[玫瑰R][玫瑰R][玫瑰R]值得打卡点[一R]圆津禅院这里视野相对开阔可以看来来往往的游船还有好多鸟盘旋着盯着水面准备抓鱼[二R]大清邮局院子很有感觉是文创中心可以盖章[三R]课植园原名马家花园 中西合璧的庄园式私家花园 看着好大气[四R]和心园小小一个门里面别有洞天  园林景致不输苏州[五R]放生桥上海地区现存ZUI大ZUI长的五孔石拱桥[doge]在码头处可以拍到全景[庆祝R][庆祝R][庆祝R]最好住两天[烟花R]夜晚也很好逛[太阳R]希望我的分享对你有用[樱花R]祝大家天天开心[樱花R]",9,"朱家角,门票免费,商业气息少,当地居民,日常生活,生活画,爷爷奶奶,小凳子,门口,扇子,树下喝茶聊天,惬意,房价,住下,游玩攻略,地址,游客中心,课植园路,门票,进古镇免费,扫码,公Z号,乐游朱家角,收费景点,套票,单独购买,交通,地铁17号线,朱家角站,步行,打车,坐船,放生桥,自驾,停车场,推荐线路,上海ZUI大古镇,舒适鞋子,朱家角古镇,课植园,心园,阿婆茶楼,东井街,北大街,江南第茶楼,鹤龙美术馆,酱园,城隍茶楼,圆津禅院,城隍庙,大清邮局,FAN咖啡,青浦本地,咖啡点,喝茶点,拍照,阿婆粽子,水乡特色,昂刺鱼,白米虾,爆肥小酒馆,五津菜馆,大排档,本地人,圆津禅院,视野开阔,游船,鸟,大清邮局,文创中心,盖章,课植园,马家花园,中西合璧,庄园式私家花园,和心园,园林景致,苏州,放生桥,五孔石拱桥,码头,全景,住两天,夜晚,分享,天天开心",,,,,,,,,,,
新场古镇始建于南宋至今已经有八百多年新场缘于当年的老盐场下沙盐场南迁至此形成的新盐场时至今日古镇依旧保持着相当完整的江南水乡风貌石板路石拱桥石牌坊随处可以感受到岁月的沉淀电影色戒叶问的取景地电视剧三十而已王曼妮的老家以三世二品坊为界北边全是各色小吃南边有历史文化陈列馆郑宅张宅崇修堂若想避开游客可以右转离开主街来到后面的临河小路别有一番风景图16都是在次拍摄,8,"古镇,江南水乡风貌,石板路,石拱桥,石牌坊,岁月,电影色戒,叶问,取景地,电视剧三十而已,王曼妮,三世二品坊,小吃,历史文化陈列馆,临河小路,风景",,,,,,,,,,,
上海周边游青浦淀山湖彩虹桥徒步看日落路线攻略淀山湖彩虹桥是一座超长的石拱观光桥彩虹桥走到底就是淀山湖生态园要步行蛮久的说有荷花池塘木栈道大约5点左右可以在彩虹桥上找个看日落的绝佳地点奔赴一场橘子日落阳光映射在波光粼粼的湖面透过云层洒下一片金黄静静地在湖边感受清风拂面等待日落时分便能够看到太阳从金黄到红日和日落一起沉沦在这片橘色的水面自驾导航至淀山湖彩虹桥停车场车多的话就停在路口的马路边走路进去交通地铁17号线朱家角站1号口出坐朱家角1路公交车到新华村下车步行700米到彩虹桥如果可以还是建议自驾[笑哭R]青浦淀山湖周边游玩附近有朱家角古镇歇马桥千灯古镇金泽古镇报国寺小渔村真爱码头等时间充裕的可以一起玩,1,,,,,,,,,,,,
国庆今天阳光明媚 适合闲逛发呆本是去青浦阿特麦文创园参观,6,"国庆,阳光明媚,适合,闲逛,发呆,青浦阿特麦文创园,参观",,,,,,,,,,,
Hi 小可爱们今天要跟你分享一次别开生面的上海定向拓展一日游我们将探索古镇魅力[探店R]感受古与今的交融一起来朱家角古镇度过一个难忘的一天吧[彩虹R] 地点上海青浦朱家角古镇 时间一天 日期适合春夏秋季 准备舒适的服装和鞋子水壶防晒霜相机地图/导航器 交通自驾或乘坐公交前往朱家角古镇 行程安排1上午古镇探秘[两颗心R]早上出发来到朱家角古镇我们首先会迷失在狭窄的青石小巷中感受古镇的历史气息穿梭于石板路之间探索历史悠久的古建筑品味古镇的独特韵味2定向拓展挑战进入定向拓展环节我们将分组进行挑战根据地图和线索寻找隐藏在古镇中的宝藏通过团队合作和智慧完成各种任务和挑战感受团队的力量和凝聚力3午餐时光中午我们将享用古镇特色美食品尝当地的小吃和美味佳肴在古色古香的餐厅或小店里一边品尝美食一边聊天笑语度过惬意的午餐时光4文化体验[放大镜R]午饭后我们可以参观一些古镇的文化景点比如博物馆古戏台等了解更多古镇的历史和文化内涵也可以体验一些传统手工艺品制作感受古镇的民俗风情5自由探索下午时分我们将有自由时间可以继续探索古镇的风光或者选择在江边漫步欣赏古镇的美景你也可以自由发挥按照自己的兴趣和喜好度过愉快的时光6回程漫步到傍晚我们结束这次愉快的古镇之旅返回家园回程的路上回味着今天的种种美好经历我们心中充满了满满的收获和感慨这就是我们的上海朱家角古镇定向拓展一日游攻略古镇的风情与定向拓展的挑战相结合[气球R]让我们在游玩中体验团队合作的乐趣[烟花R]感受古镇的独特魅力[庆祝R][庆祝R]快来加入我们一起探寻这片古老而又充满活力的古镇吧记得带上你的好心情和微笑哦,9,"古镇,历史气息,石板路,古建筑,独特韵味,定向拓展,团队合作,凝聚力,特色美食,小吃,美味佳肴,文化景点,博物馆,古戏台,手工艺品制作,民俗风情,美景,风情,挑战,乐趣",,,,,,,,,,,
课植园位于朱家角北首西井街环境幽静风光独好是镇上最大的庄园式园林建筑原园主马文卿故俗称马家花园园名定为课植乃寓课读之余不忘耕植之意故园内既建有书城又辟有稻香村以应园名据说园主马文卿为造这座园林曾游遍江南园林凡每见一处胜景决不放过必命人着意仿建如上海豫园风格的荷花池九曲桥苏州狮子林中的倒挂狮子弯等如此集江南园林精华于一园的马家花园现模恢宏风格各异在上海地区也实属罕见古镇上参观是免费的课植园要收费20元,1,,,,,,,,,,,,
上海朱家角古镇速写,5,,,,,,,,,,,,
朱家角+淀山湖两日游~淀山湖真滴很不错仿佛来到了海边哈哈哈哈,8,"淀山湖,很不错,仿佛,海边",,,,,,,,,,,
边走边画新场古镇这里并不推介古镇里的街懂的都懂往后面走港西街一尺花园附近人少景美好急啦工具:细纹封胶本水彩针管笔秀丽笔,7,"新场古镇,人少,景美",,,,,,,,,,,
中秋假期懒得出上海这12个免费古镇可以安排上啦地铁/公交就能到不出沪打卡江南古镇1朱家角古镇被誉为上海威尼斯漫步在青石板路上两边的古建筑仿佛穿回古代古镇特色的小吃也很多味道超赞青浦区课植园路555号地铁17号线朱家角站2新场古镇上海唯一入围联合申遗的古镇明清江南建筑风格摄影非常出片三十而已叶问都曾在这里取景浦东新区海泉街128号地铁16号线新场站3枫泾古镇地跨吴越两界被誉为吴越名镇河道蜿蜒石桥古朴古建筑也错落有致金山区枫泾镇亭枫公路8588弄地铁1号线转枫梅线4练塘古镇距今1000多年历史这里还以鱼米之乡和茭白之乡著称是上海较为原生态的古镇青浦区老朱枫公路3501号虹练定班线5金泽古镇古桥众多被誉为江南第一桥乡非遗阿婆茶也是这里的特色美食青浦区金泽镇迎祥街33号地铁17号线换乘青金线6泗泾古镇百年上海千年泗泾泗泾古镇的烟雨长廊和水巷老街很有特色现实版江南水乡的水墨画松江区开江中路地铁9号线泗泾站7南翔古镇闻名的南翔小笼包就来自这里除了美食南翔古镇的古建筑也值得细细品味嘉定区南翔镇解放街206号11号线南翔站8川沙古镇规模不大但市井长廊老城墙名人故居等都被完整保留适合静静观赏这里的古色古韵浦东新区川沙南市街新川路地铁2号线川沙站9仓城老街明清时期松江府漕运的始发地至今仍保留了旧街古貌松江区中山西路地铁9号线醉白池站青溪老街距今1400年历史保留了原生质朴的老街望海楼南园等古建都是中式美学的代表奉贤区青村镇南奉公路人民路沪塘专线青村站11州桥老街汇聚了从宋代到明清的历史古迹拥有一塔二河三街四桥的江南水乡景观小桥流水古韵十足嘉定区城中街88弄地铁11号线嘉定北站换乘嘉定12路12高桥古镇万里长江口千年高桥镇众多名人老宅古建筑记录了这里的历史变迁高桥松饼也是高桥镇特色点心之一浦东新区高桥西街地铁6号线外高桥保税区北站,12,"新场古镇,明清江南建筑风格,摄影非常出片,三十而已,叶问,取景,浦东新区海泉街128号,地铁16号线新场站",,,,,,,,,,,
春日的阳光温柔地洒在青石板路上我踩着细碎的暖意踏入上海青浦的朱家角古镇这座千年水乡如一幅被岁月浸润的水墨画粉墙黛瓦间流淌着江南独有的婉约与生机第一站放生桥揽胜作为沪上第一桥放生桥是古镇的灵魂清晨薄雾未散时桥身倒映在漕港河的柔波中仿佛连接着古今桥下常有游客买鱼虾放生祈福阳光穿透柳枝洒落随手一拍便是诗意的剪影烟火北大街舌尖江南穿过放生桥北大街的烟火气扑面而来扎肉的浓香阿婆粽的软糯糖藕的甜蜜交织成味蕾的盛宴推荐洞天食府人均30元便能尝遍地道风味转角偶遇老奶奶摆卖手编蒲扇砍价到15元瞬间解锁复古拍照道具园林雅韵与非遗风情课植园是必打卡的混搭美学空间中式园林的亭台楼阁与西洋风建筑碰撞出独特韵味园内还能邂逅实景昆曲表演水袖轻扬曲调悠长仿佛穿越回明清雅集若想深度体验非遗不妨参与青浦稻草编结或写一封时光邮件投递至大清邮局摇橹船上的春日私语午后乘一只摇橹船40元/人随船娘的木桨划开碧波两岸垂柳拂面白墙灰瓦的倒影被涟漪揉碎偶见岸边茶楼飘来评弹声此刻连风都带着吴侬软语的温柔赏花秘境与错峰指南3月末至4月初淀峰村的桃花与古镇的玉兰竞相绽放建议工作日清晨前往避开人流独享静谧返程前别忘了在茶言观色临窗品一壶碧螺春看船影斜阳将春色定格成油画这个春天不妨暂别都市喧嚣在朱家角的石桥流水间收藏一整个江南的温柔,10,"春日,阳光,青石板路,朱家角古镇,千年水乡,水墨画,粉墙黛瓦,江南,放生桥,漕港河,薄雾,游客,鱼虾放生祈福,柳枝,诗意,北大街,烟火气,扎肉,阿婆粽,糖藕,洞天食府,地道风味,老奶奶,手编蒲扇,砍价,复古拍照道具,课植园,混搭美学空间,中式园林,亭台楼阁,西洋风建筑,实景昆曲表演,水袖,曲调,青浦稻草编结,大清邮局,摇橹船,碧波,垂柳,白墙灰瓦,涟漪,评弹声,吴侬软语,淀峰村,桃花,玉兰,茶言观色,碧螺春,石桥流水,都市喧嚣,江南",,,,,,,,,,,
深蓝夜空配上华灯初上的古镇和花船,9,"深蓝夜空,华灯初上,古镇,花船",,,,,,,,,,,
朱家角的风景真的好美一路坐地铁过去感觉都特别治愈去旅游别只知道去外滩东方明珠啦,9,"风景,美,地铁,治愈,旅游,外滩,东方明珠",,,,,,,,,,,
朱家角淀山湖全家适用指南中午吃过午饭出发人少不堵车到了朱家角绕到后面地下停车很方便空位多定位2号门上来就是放生桥附近了不喜欢走太多路就找一家饮品店坐一下午银子够就带着老人去听评弹划划船人均100/元 临水有茶店时间下午两场 一场午后一场晚间 每次两个小时14-16 18-20游船 200一艘 1-6人基本1点去5点半就都能逛一圈了随后导航去淀山湖露营地半小时自驾车程吃吃喝喝看看落日回家,8,"人少,不堵车,地下停车,空位多,放生桥,饮品店,银子够,老人,听评弹,划船,临水茶店,时间下午两场,游船,露营地,吃吃喝喝,落日",,,,,,,,,,,
"上海郊区的朱家角水乡有着1700年历史这里有古老的石桥安静的水道还有传统建筑你可以走在小巷里或者坐船感受这里的古老魅力你去过朱家角或类似的水乡吗?Zhujiajiao, a 1,700-year-old water town near Shanghai, features stone bridges, peaceful canals, and traditional architecture. Stroll the alleys or take a boat ride to enjoy its charm. Have you visited Zhujiajiao or similar water towns?Zhujiajiao, un pueblo de agua de 1.700 aos cerca de Shanghi, tiene puentes de piedra, canales tranquilos y arquitectura tradicional. Pasea por sus callejones o da un paseo en barco para disfrutar de su encanto. Has visitado Zhujiajiao o algn pueblo similar? 上海市青浦区朱家角镇 / Zhujiajiao Town, Qingpu District, Shanghai, China 朱家角站17号/ Zhujiajiao Station (Line 17) 免费 / Free",8,"古老的石桥,安静的水道,传统建筑,小巷,船,古老魅力,1700年历史",,,,,,,,,,,
[一R]前世今生位于上海青浦重固一隅的章堰古镇始建于北宋据说苏东坡曾在这里居住2020年这里由中建操刀开始了整体改造遵循历史重新布局让千年小镇焕发了新生[二R]人少安静散步发呆两相宜赶上周末好天气这里游客却很少漫步半天在簇新舒适的建筑种品味水乡雅韵或坐在树下看看斑驳光影有种奇妙的时光穿越感[三R]古镇改造样板身为地产行业打工人对小镇整体设计建筑美学园林景观非常佩服值得一提的是获奖不少的章堰文化馆封面在章家老宅断壁残垣里搭出来一个内盒颇有破茧重生的效果小桥流水人家时光不老古桥古韵里蕴含着新生新相很值得前来待半天 直接导航章堰古村停车场现在都免费,1,,,,,,,,,,,,
第二届朱家角汉风奇妙夜正式开启汉服花船古楼........船在水上行人在画中游ADD朱家角古镇交通地铁17号线朱家角站,7,"汉服,花船,古楼,船在水上行,人在画中游,朱家角古镇",,,,,,,,,,,
男人的快乐就是这么简单,1,,,,,,,,,,,,
上海周边游青浦淀山湖彩虹桥徒步看日落路线攻略淀山湖彩虹桥是一座超长的石拱观光桥彩虹桥走到底就是淀山湖生态园要步行蛮久的说有荷花池塘木栈道大约5点左右可以在彩虹桥上找个看日落的绝佳地点奔赴一场橘子日落阳光映射在波光粼粼的湖面透过云层洒下一片金黄静静地在湖边感受清风拂面等待日落时分便能够看到太阳从金黄到红日和日落一起沉沦在这片橘色的水面自驾导航至淀山湖彩虹桥停车场车多的话就停在路口的马路边走路进去交通地铁17号线朱家角站1号口出坐朱家角1路公交车到新华村下车步行700米到彩虹桥如果可以还是建议自驾[笑哭R]青浦淀山湖周边游玩附近有朱家角古镇歇马桥千灯古镇金泽古镇报国寺小渔村真爱码头等时间充裕的可以一起玩,8,"彩虹桥,淀山湖生态园,荷花池塘,木栈道,日落,橘子日落,阳光,波光粼粼,湖面,云层,清风拂面,朱家角古镇,歇马桥,千灯古镇,金泽古镇,报国寺,小渔村,真爱码头",,,,,,,,,,,
终于打卡了朱家角这家有特殊仪式感的民宿住在这里仿佛穿越回到了古代走在古镇里一瞬间时光倒流~-中式风设计美到想哭一进门就被这古色古香的装修吸引住了每个细节都处理得超级到位房间里还准备了满满的水果和饮料连洗漱包也格外讲究简直完美-摇船接送服务仪式感满满最喜欢这里的摇船接送服务早晨坐船去别院吃早餐阳光洒在河面上简直是惬意爆表服务人员超级热情每次都亲切地打招呼-娱乐设施丰富到爆小院子不光漂亮还有各种娱乐设备小朋友们在院子里玩得不亦乐乎还有评弹表演简直是全家人的娱乐天堂-位置上海青浦区西井街图文已授权@自由旅行家 请不要误判,1,,,,,,,,,,,,
现在这个节气真是太适合出来游玩了朱家角欢迎您,9,"节气, 适合, 游玩, 朱家角, 欢迎",,,,,,,,,,,
朱家角+淀山湖两日游~淀山湖真滴很不错仿佛来到了海边哈哈哈哈,8,"淀山湖,很不错,仿佛,海边",,,,,,,,,,,
"[看R]江浙沪周边游 [自拍R]我去逛了朱家角古镇[害羞R]个人觉得相对于乌镇[派对R]朱家角门票免费[偷笑R]商业气息相对少很多[吧唧R]有许多当地的居民在日常生活[飞吻R]左邻右舍就是一副生活画[哇R]有爷爷奶奶搬个小凳子[微笑R]在门口摇着扇子坐着[害羞R]有人在树下喝茶聊天 好惬意[派对R]让我忍不住多坐一会儿哈哈哈  我在想 [看R]这边的房价不知道有多贵[满月R][笑哭R]凭着我的三瓜两枣  [害羞R]想在这住下了[汗颜R]要搬多少年的砖[彩虹R]总结了游玩攻略[飞吻R]希望能帮到你[气球R]地址[星R]朱家角古镇游客中心青浦区课植园路555号[气球R]门票[星R]进古镇免费入口扫码就行[气球R]门票及活动预约[星R]公Z号""乐游朱家角""[星R]有部分收费景点可以买套票也可以单独购买[暗中观察R]不感兴趣就没必要买[气球R]交通[一R]地铁17号线朱家角站下[私信R]三种方式进古镇1步行18分钟2打车5分钟3坐船直接到放生桥40[钱袋R]人[二R]自驾有两个停车场 20[钱袋R]次[玫瑰R][玫瑰R][玫瑰R]推荐线路[满月R]朱家角属于上海ZUI大的古镇[哇R]要走很多路的[私信R]注意穿个舒适的鞋子[向右R]朱家角古镇游客中心课植园和心园过桥就是阿婆茶楼沿东井街走到放生桥沿北大街走江南第茶楼鹤龙美术馆酱园过桥圆津禅院城隍茶楼鹤龙美术馆酱园过桥圆津禅院城隍庙大清邮局[玫瑰R][玫瑰R][玫瑰R]美食[星R]FAN咖啡在青浦本地小有名气其他的咖啡点喝茶点拍照都很出片[耶R][拔草R]阿婆粽子我尝了水乡特色的昂刺鱼白米虾都还不错[拔草R]爆肥小酒馆五津菜馆大排档等本地人比较爱去[玫瑰R][玫瑰R][玫瑰R]值得打卡点[一R]圆津禅院这里视野相对开阔可以看来来往往的游船还有好多鸟盘旋着盯着水面准备抓鱼[二R]大清邮局院子很有感觉是文创中心可以盖章[三R]课植园原名马家花园 中西合璧的庄园式私家花园 看着好大气[四R]和心园小小一个门里面别有洞天  园林景致不输苏州[五R]放生桥上海地区现存ZUI大ZUI长的五孔石拱桥[doge]在码头处可以拍到全景[庆祝R][庆祝R][庆祝R]最好住两天[烟花R]夜晚也很好逛[太阳R]希望我的分享对你有用[樱花R]祝大家天天开心[樱花R]",1,,,,,,,,,,,,
[打卡R]上海也可以拍梦华录同款宋制汉服水上婚纱照啦!每个女生都能体验凤冠霞帔的传统婚嫁仪式!江南水乡与宋制大婚仪式的相结合美绝了[派对R],10,"江南水乡,宋制大婚仪式,凤冠霞帔,传统婚嫁仪式,水上婚纱照",,,,,,,,,,,
Hi 小可爱们今天要跟你分享一次别开生面的上海定向拓展一日游我们将探索古镇魅力[探店R]感受古与今的交融一起来朱家角古镇度过一个难忘的一天吧[彩虹R] 地点上海青浦朱家角古镇 时间一天 日期适合春夏秋季 准备舒适的服装和鞋子水壶防晒霜相机地图/导航器 交通自驾或乘坐公交前往朱家角古镇 行程安排1上午古镇探秘[两颗心R]早上出发来到朱家角古镇我们首先会迷失在狭窄的青石小巷中感受古镇的历史气息穿梭于石板路之间探索历史悠久的古建筑品味古镇的独特韵味2定向拓展挑战进入定向拓展环节我们将分组进行挑战根据地图和线索寻找隐藏在古镇中的宝藏通过团队合作和智慧完成各种任务和挑战感受团队的力量和凝聚力3午餐时光中午我们将享用古镇特色美食品尝当地的小吃和美味佳肴在古色古香的餐厅或小店里一边品尝美食一边聊天笑语度过惬意的午餐时光4文化体验[放大镜R]午饭后我们可以参观一些古镇的文化景点比如博物馆古戏台等了解更多古镇的历史和文化内涵也可以体验一些传统手工艺品制作感受古镇的民俗风情5自由探索下午时分我们将有自由时间可以继续探索古镇的风光或者选择在江边漫步欣赏古镇的美景你也可以自由发挥按照自己的兴趣和喜好度过愉快的时光6回程漫步到傍晚我们结束这次愉快的古镇之旅返回家园回程的路上回味着今天的种种美好经历我们心中充满了满满的收获和感慨这就是我们的上海朱家角古镇定向拓展一日游攻略古镇的风情与定向拓展的挑战相结合[气球R]让我们在游玩中体验团队合作的乐趣[烟花R]感受古镇的独特魅力[庆祝R][庆祝R]快来加入我们一起探寻这片古老而又充满活力的古镇吧记得带上你的好心情和微笑哦,9,"古镇,历史气息,石板路,古建筑,独特韵味,定向拓展,团队合作,凝聚力,特色美食,小吃,美味佳肴,文化景点,博物馆,古戏台,传统手工艺品,民俗风情,自由探索,美景,风情,挑战,乐趣,魅力",,,,,,,,,,,
在上海朱家角古镇里面大概有3家猫咖馆其中的一家猫咖馆老板的行为不仅让猫过得不舒服更是让来来往往的游客和周边的人感到不舒服老板大概是一个50多岁的男的本地人他的店里有很多只品种猫还有一只博美小狗他家所有的猫和狗都是用绳捆住脖子的一部分是放在外面的凳子上让它们坐在上面招揽生意它们的活动空间只有一个小小凳子坐在上面不能下来下来会被老板呵斥或者被打一般像猫咖里的狗是比较亲人的但是他家的狗已经出现了应激反应对游客都比较凶看上去是长时间被人打后出现的自我保护行为胆子小就这样了那个老板还是让它坐在外面凳子上招揽游客对钱的渴望都写在眼睛里了还有那个老板家的猫猫们他家的猫对他是很凶的那个老板只要跟猫说话或者上手猫都会哈他但是我去跟猫玩的时候它们真的很乖很亲人为什么它们会对养它们的主人那么凶呢是因为那个所谓的主人只是在利用这些小生命赚钱啊不管天气有多冷风吹的多刺骨又或者是天气多热多闷那个老板还是毫无爱心的把它们放在外面看到它们冷的缩成一团看到它们热的吐舌头看到它们被那个老板骂被打真的很无力它们就像是被坏蛋控制的妓女挣脱不出那个牢笼普通人又无力去解救看着只觉得它们的可怜自己的无能老板的残忍我路过很多次只是在外面跟猫猫们说说话没有进去消费因为我知道如果他生意好的话还会有更多的猫猫被带到那个牢笼希望大家看到一些无良商家的猫咖馆合作狗咖馆不要进去消费,1,,,,,,,,,,,,
没有商业气息的良心江南古镇你们会愿意来玩吗,8,"没有商业气息,良心江南古镇",,,,,,,,,,,
反正我今天第一次去过啦开了两个小时斜跨大半个上海今天天气也很给力付费逛的课植园风景很不错哦很多专业的工人在养护水清鱼肥时间原因只逛了一个园子还有一个以后有机会再去吧暴走1.2W步运动量也达标,1,,,,,,,,,,,,
一尺花园的选址一向很赞朱家角店是粮仓改造 很别出心裁坐楼上可以俯瞰整个朱家角古镇出品超越很多只适合拍照不好吃的氛围感餐厅花园重芝士披萨很美味 超薄披萨底饼皮酥脆 芝士浓郁拉丝烤鸡翅也很juicy周末好去处,1,,,,,,,,,,,,
年初六决定带狗狗去朱家角玩一圈 要去的话建议能早就早点停车会方便一点今天早上十一点到景区已经需要去外面马路边上停车了刚开始人流量不算特别多走走停停天气蛮好悠闲舒适度拉满能充分感觉到水乡古镇的景致朱家角古镇是免预约免门票费在景区门口扫码去小程序上领一个电子门票就能扫码进园区了可能因为过年人流量太大了今天到闸机也不需要扫码直接让我们进了古镇挺大的一圈逛下来走走停停花了4个小时中途还在瑞幸买了两杯咖啡坐了20分钟店里暖气烘得狗子都睡着了[笑哭R]朱家角商业化特别严重走过一个转角放眼望去奈雪的茶星巴克瑞幸咖啡棒约翰麦当劳DQ里面还有两家撸猫馆猫猫都在门口晒太阳特别乖巧下午3点半出朱家角那个时候人流量已经爆多了走路只能一点一点慢慢挪出去出去路过一家朴素的面馆看了眼招牌河鲜面68一份默默选了猪肝面24r价格还行面也不错心满意足回家,8,"天气蛮好,悠闲舒适度拉满,水乡古镇的景致,免预约免门票费,电子门票,商业化特别严重,奈雪的茶,星巴克,瑞幸咖啡,棒约翰,麦当劳,DQ,撸猫馆,猫猫都在门口晒太阳,朴素的面馆,价格还行,面也不错",,,,,,,,,,,
朱家角古镇不只有拍不完的放生桥买不完的粽子还有我们的原创插画艺术商店我们在古老的建筑里开着最ins风的商店[喝奶茶R][喝奶茶R][喝奶茶R]在离自然很近的地方讲述着我和她还有它的故事我们的猫小店包括原创文创手作陶瓷地址朱家角古镇美周路56号,9,"放生桥,粽子,原创插画艺术商店,古老建筑,ins风,自然,猫小店,原创文创手作陶瓷",,,,,,,,,,,
根据五一期间用户搜索查询等情况评估得出的各热门古镇情况具体如[向右R]TOP5乌镇凤凰古城平遥古城南浔古镇西递宏村[向右R]TOP10古北水镇西塘古镇周庄古镇镇远古城阆中古城[向右R]TOP15青州古城三河古镇同里古镇朱家角古镇台儿庄古城[向右R]TOP20甪直古镇丽江古城西江千户苗寨青岩古镇徽州古城ps大理古城是热度不太行了吗[叹气R]乌镇遥遥领先而北方非常规的古镇古北水镇居然也这么火去过两次感觉很一般呀[扯脸H][扯脸H],1,,,,,,,,,,,,
逛完朱家角古镇来入口的渔水之家吃本帮菜了店内蛮干净的食客也很多大众点评上他家的评分很好小虾好吃小酥肉肉味很足爆炒田螺我很喜欢才10元一份白切鸡太好吃了好嫩老板人也很热情吃完还给我们打折了,10,"渔水之家,本帮菜,干净,食客多,评分好,小虾,小酥肉,爆炒田螺,白切鸡,老板热情,打折",,,,,,,,,,,
周庄古镇位于苏州市昆山市是江南六大古镇之一兴盛于北宋四面环水依水成街桥街相连井字型河道上完好保存着富安桥双桥太平桥等14座建于元明清各代的古石桥800多户原住民枕河而居60%以上的民居依旧保存着明清时期的建筑风貌主要景点步行线路太平桥逸飞之家双桥古戏台张厅沈厅富安桥澄虚道院迷楼全福讲寺周庄博物馆双桥建于明万历年间由一座石拱桥世德桥和一座石梁桥永安桥组成桥面一横一竖桥洞一方一圆样子很像是古时候人们使用的钥匙当地人便称之为钥匙桥张厅是周庄镇仅存的少量明代建筑之一原名怡顺堂相传为明代中山王徐达之弟徐逵后裔于明正统年间所建清初卖给张姓人家改名玉燕堂俗称张厅张厅前后七进正厅玉燕堂有幅对联轿从门前进船自家中过来张厅可以直接把船划到家中来张厅后花园有小河箸径直通南湖花园中还有水池是用来给船只掉头的沈厅原名敬业堂清末改为松茂堂由沈万三后裔沈本仁于清乾隆七年(公元1742年)建成共有七进五门楼由三部分组成前部是水墙门河埠供停靠船只洗涤之用中部是墙门楼茶厅正厅为接送宾客办理婚丧大事及议事之处后部是大堂楼小堂楼后厅为生活起居之处其有大小一百多间房屋是典型的前厅后堂的建筑格局沈厅的第五进中安放着江南豪富沈万三的坐像他的面前有金光闪闪的聚宝盆走进沈厅的每一个人都会对沈万三这个传奇人物产生浓厚的兴趣富安桥旧集市的中心桥系花岗石质地单孔拱桥拱券分节并列砌置是江南水乡仅存的立体型桥楼合壁建筑门票1003天内自由进出 开放时间全年全天早上730之前晚上2100之后免费地址江苏省苏州市昆山市周庄镇交通昆山南站到周庄古镇约36公里55分钟,7,"古镇原貌,商业水平不高,童年的梦",,,,,,,,,,,
上海是一座国际化的大都市真的可以去玩一下看看夜景分享一份本人做到详细旅游攻略建议大家看看再出发哦行李准备证件类身份证学生证电器手机充电器耳机充电宝照相机等生活用品洗漱用品防晒霜保湿护肤品毛巾等其他双肩包水杯去上海可以做的事情 外滩感受魔都繁华迪士尼乐园看烟花武康路拍照打卡上海海昌海洋公园看海豚上海野生动物园看看火烈鸟喂长颈鹿浦东美术馆看展览朱家角古镇感受繁华都市里的古香古色乘坐磁悬浮列车感受速度与激情静安寺看金碧辉煌的寺庙建筑云朵书店俯瞰黄浦江好吃的美食嗲嗲的椰子鸡上海首店太琼糟粕醋龙之梦店沈大成舒蔡记生煎菜饭老半斋,9,"朱家角古镇,古香古色",,,,,,,,,,,
工作日来几乎包场随便逛逛服务人员也都很nice,8,"工作日,包场,随便逛逛,服务人员,nice",,,,,,,,,,,
求而不得未必是一件坏事记得几年前为了能去趟上海跟同事搭着绿皮火车十几个小时也美滋滋求得只是个能与新客户见面的机会疫情过后内卷加剧为了保持健康的客户基础扩大客户基数与体量我们获得了更多走出去寻找客户的机会但是却没有了求而得之的欢喜相反更加焦虑因为你发现根本卷不动尽管如此生活还得继续还得在忙碌过后去走走看看促进情绪价值的提升酒点邻近地铁17号线临时决定收工后去朱家角走走地铁17号线东方绿舟方向朱家角站出入口1号口步行至对面公交站台乘坐1510大巴或者直接步行穿过2个红绿灯过条小桥右转走小道入景区.5号口左转直行3-5分钟至1510朱家角旅游大巴绿色终点站即为景区服务中心.饭店植物园饭店蔬菜丝瓜毛豆米茜很新鲜老板娘服务态度也不错呛炒鳝鱼丝甜口不是很喜欢景点放生桥城隍庙圆津寺院天气凉爽早晚慢慢的走走看看风景是很不错感觉跟荷兰的羊角村有点相似但是几乎现在的古镇都有一个相同的问题商业化过于严重,1,,,,,,,,,,,,
上海团建|朱家角古镇|古镇团建上海团建不知道去哪务必体验一番这个梦华录取景古镇沪版威尼斯风情复古元宝船摇曳雅致秋日茶话会再加上跑男同款活动古镇探秘寻宝团建绝配上海HR们看这里心动即刻启程部门团建/秋游/家庭日/高管团建都适合筹备上海团建的宝子此方案不容错过心动理由沉醉江南水乡深秋韵味十足领略千年文化沉淀搭乘古朴手摇船穿梭古镇间体验画中漫游的诗意逃离都市喧嚣古镇漫步尽享悠然自得释放压力跑男经典游戏再现团队协作激发团队凝聚力团建信息活动地点朱家角古镇活动时间全天候一日游参与人数20人及以上专属定制服务交通指南从市区出发仅需1小时车程特色体验茶会|手作团扇|书法|插花美食打卡阿婆粽子|扎肉|肘子|绿豆糕|昂刺鱼|白米虾景点打卡圆津禅院|大清邮局|课植园|和心园|放生桥古镇专属团建玩法.古镇寻宝 玩法亮点古镇实景融入+全员古风换装+专业角色扮演NPC打造极致沉浸体验双轨互动模式分组竞技PK寓教于乐中增进团队默契定点任务挑战+惊喜神秘拍卖多元化游戏环节趣味无穷团建行程09:00 | 集合出发10:00 | 手摇元宝船11:00 | 茶会古镇特色体验12:00 | 午餐14:00 | 古镇寻宝17:30 | 寻味古镇18:30 | 夜游古镇19:30 | 返程更多团建玩法可搭配猫鼠游戏古风版线下躲猫猫新体验三国风云实景穿越沉浸式探案体验长安三万里原创国风剧情沉浸式剧本杀私信我获得团建方案或评论区留下人数需求关 方糖团建带你打卡更多团建好去处,9,"梦华录取景,沪版威尼斯,复古元宝船,秋日茶话会,跑男同款活动,古镇探秘寻宝,江南水乡,深秋韵味,千年文化沉淀,古朴手摇船,画中漫游,诗意,逃离都市喧嚣,古镇漫步,悠然自得,释放压力,团队协作,团队凝聚力,阿婆粽子,扎肉,肘子,绿豆糕,昂刺鱼,白米虾,圆津禅院,大清邮局,课植园,和心园,放生桥,古镇实景融入,全员古风换装,专业角色扮演NPC,极致沉浸体验,双轨互动模式,分组竞技PK,寓教于乐,定点任务挑战,惊喜神秘拍卖,多元化游戏环节,趣味无穷",,,,,,,,,,,
是谁买了水韵江苏旅游卡天天想着去刷景点今日行程上海周庄同里朱家角回家[一R]周庄4小时含吃饭看戏跟着导航到富贵园停车场据说免费但是没有车位了然后停在旁边的东庄停车场4小时内10元封顶20但是不是正门路过大片居民楼第一次去走了好久才摸索到还是建议走正门去游客中心拿个导览图不然感觉贼荒凉然而进了景区也感觉很不好到处都是吃饭的在门口拉客店里基本没人然后浓浓的油烟味[石化R]反正我只敢吃连锁店比较幸运的就是在古戏台看了场戏[二R]同里2小时同里体验感稍微好点不过人文景点都要单独检票有点麻烦反正就逛逛园子吧不要有太高的期待就还行[三R]朱家角1小时晚上5点多到的游客中心已经关门了从居民路走进去的完全没有逛的欲望风景和店铺都没意思大概天下的古镇都一样再也不想逛古镇了[笑哭R],1,,,,,,,,,,,,
朱家角古镇 环境很好奶茶和冰淇淋都很好吃[哇R][哇R][赞R],9,"环境,奶茶,冰淇淋",,,,,,,,,,,
最近天气太好了今年上海的4月就开始很舒服了一直持续下来踏踏青真的很舒服朱家角古镇好久没来了带撸撸毛来看看水乡古镇坐坐水摇船外国游客蛮多的到了下午就人挤人了不过天气好心情就会好放松很多,8,"天气好,上海,4月,舒服,踏踏青,朱家角古镇,水乡,水摇船,外国游客,心情好,放松",,,,,,,,,,,
已经实行单向通道,7,单向通道,,,,,,,,,,,
位于上海市青浦区练塘镇人非常少的小众上海江南古镇与北面热门的朱家角古镇人挤人相比这里人烟稀少体验感绝对比朱家角棒没有千篇一律的商业街有小桥流水人家也有评弹珠算等博物馆和纪念馆可逛[红书R]练塘建镇已有1000多年练塘老街宁静安详青青市河犹如一条玉带蜿蜒曲折贯穿古镇东西10多座古桥掩映在垂柳之间古镇老街集中于市河两侧素墙碧瓦幽巷曲径具有鲜明的民族特色练塘名称的由来传说三国东吴在此地修建了操练水军的池塘所以得名又有人说因为五代时有壮举的高州刺史章仔钧及夫人练夫人曾经居住在这里得名,9,"人非常少,小众,人烟稀少,体验感,没有千篇一律的商业街,小桥流水人家,评弹珠算等博物馆和纪念馆,建镇已有1000多年,老街宁静安详,青青市河,古桥掩映,垂柳,古镇老街,素墙碧瓦幽巷曲径,民族特色,传说,三国东吴,操练水军的池塘,五代,高州刺史章仔钧及夫人练夫人",,,,,,,,,,,
有没有人知道这个猫猫是家养的还是被弃了呢很小一只身体后半段有比较严重的溃烂与伤口身上的毛乱七八糟的像是被剪过很亲人一直找人蹭蹭后腿看着走路比较吃力位置在朱家角古镇里大淀湖村这边具体地址就不放出来了可以私我有没有好心人救救她,4,,,,,,,,,,,,
[打卡R]上海也可以拍梦华录同款宋制汉服水上婚纱照啦!每个女生都能体验凤冠霞帔的传统婚嫁仪式!江南水乡与宋制大婚仪式的相结合美绝了[派对R],10,"打卡,上海,梦华录,宋制汉服,水上婚纱照,女生,凤冠霞帔,传统婚嫁仪式,江南水乡,宋制大婚仪式",,,,,,,,,,,
"不愧是中国第一水乡这里四面环山因河成镇傍水而街名副其实的""君到姑苏见人家尽枕河""游客也比乌镇多更适合慢游",8,"中国第一水乡,四面环山,因河成镇,傍水而街,君到姑苏见人家尽枕河,更适合慢游",,,,,,,,,,,
