"蟠龙天地??地址：青浦区蟠鼎路123弄8号??公共交通：地铁17号线蟠龙路站3号口出??停车：5个停车场，8R/小时?时间：逛3-4小时左右，最好下午4点左右到，既可以感受白天的喧嚣，傍晚的日暮霞光，还可以看到绝美的夜景???蟠龙天地围绕“Culture(文化唤醒)，Nature(自然融合)、Future(城市焕新)三大主题打造了一个现代商业邂逅江南古镇的商业群，吃喝玩乐，拍照，遛娃，带宠物撒欢等都很适合	Culture(文化唤醒)Part??蟠龙新十景古寺鸣钟，十字街，香花桥影，溪桥渔泊，烟雨廊桥，程祠故里，龙江古渡，曲水萦居，蟠龙湾，艺海听竹其中龙江古渡，50R/人，单程15分钟，200R/船(最多坐6人)??余德耀美术馆自然与传统、现代融为一体会定期呈现高品质的艺术展览	Nature(自然融合)Part??儿童乐园：有大型的亲子乐园，包含蹦床、滑滑梯、攀爬，滑板公园，马术公园，法布尔花园，喷泉广场等??宠物乐园：有撸猫馆，撸狗馆，动物乐园等??户外探索：夏山营地，洛克公园，四季花谷等	Future(城市焕新)Part??蟠龙水集：各种小玩意，小吃摊 ，夜景氛围感满满??沿河咖啡：沿河很多咖啡馆，坐在河边，喝着咖啡 吹着晓风，松弛感拉满??各色美食：西餐，中餐选择性很多，露天小酒吧驻场歌手的歌声很美，帐篷营地烤肉很香??品茶：作为中国的传统饮料，这边茶铺也很多，加上古建加持，真的有种在古代茶馆里喝茶的惬意"
酷暑终于要过去了~ 本街溜子又开始出没了hhh.蟠龙已经没有去年刚开业时那么人山人海了，但周末还是比较火的，不过呢也还好，倒也不至于没地儿停车～.我觉得这里不是传统古镇，而是一个古镇style的现代商场，感觉特别适合周边居住的住户来吃吃喝喝和遛弯遛娃遛宠～ 特意大老远专程过来可能会失望哦[吧唧R].[皱眉R]这个商圈最大的亮点是对遛宠物、遛娃的人非常友好！基本上每家店都是可以进宠物的，而且宠物主人们都看上去很体面很有素质～ 还可以租借婴儿车～ 还有不少专门的遛娃、遛宠的场地（见图8）.???停车：我习惯停PL1，因为这个入口在街边，不大需要在蟠龙天地里面绕啊绕。进去可以停C区，离吃吃喝喝的地方比较近～[喝奶茶R]蟠龙天地吃喝消费送的积分还算大方，1块钱对应1积分。拿着结账单或者消费截图到指示牌指示的“i”的服务台去兑换积分，然后在“i天地”小程序里积分兑换停车券：??工作日200积分免停2小时，周末是400积分2小时～还可以和新天地的积分通用～.吃吃喝喝的选择也很多~ 已经吃了好几家，都没踩雷~.之后估计搬到这附近后还会经常来的~
出差逛了一圈蟠龙天地，工作日的中午绕了15分钟才找到一个停车位。总体感觉它既是古镇，又是区域商业。保留了古镇的格局、古镇建筑的体量、主路空间用的是大块青石板老料和新材料的拼接，还有一些小栋的建筑保留了原有的外立面，这些都是现代商业街区模仿不出来的韵味。沿河岸的餐厅咖啡店都有景观位，坐在河边吹吹风，看看小桥流水，放空一下真的非常舒服。宠物友好，好多带狗子去玩儿的，对于爱狗人士，好感度简直拉满～总之，吃喝玩乐，遛弯遛娃遛宠都很适合。
"做文化生产者，用创意去激发场景；再做文化运营者，将商业带入社区日常。	蟠龙天地，造出了一个自己的文化品牌，也因此实现了一场人造江南水镇的新城市叙事、给消费者提供一个更具有生命力的社区氛围、呈现了有吸引力的城市微度假商业面貌。[自拍R]	从现象反推策略，文化对于商业项目的赋能论证也就有了具像化。	"
"我赶在烟雨朦胧中，到访了位于青浦的蟠龙天地。正值雨季，又不是周未，整个街区人气略显一般。这里开业至今有一年了，已成了上海周边区域型消费度假的又一场所。	整个街区以河为界分为南市和北市，蟠龙天地是在1400多年的蟠龙古镇的旧址上进行改建，23万方的公园绿地是占地面积最大的，因此，也被称之为公园式商业。你不能当它是一个古镇，从案名上来讲，它就是瑞安集团“天地系列”的一个商业项目，从英译的案名（XINTIANDI）便可以看出。	守旧中创新的并不是在物业形态上，严格意义来讲蟠龙天地没有脱离传统江南古镇的影子，除了余德耀美术馆、COCO-MAT酒店之外没有那种特别出跳的建筑，它还是在原来的江南古镇的雏形上进行了空间、材料、景观等方面的焕新。	江浙沪太多古镇了，江南六大古镇便足以让古镇这种景区式的商业同质化，更别说周边还有朱家角、枫泾古镇、新场古场、南翔古镇等。这也是项目规划之初必须要面对的课题。	作为“城中村”改造项目，瑞安在开发过程中，必须考虑到整体项目盈利点，又要考虑作为配套的商业部分能够运营起来，权衡这种关系，势必需要利用自身的优势进行考良。可凭借新天地强大的商业IP，在招商过程发挥强大的优势。因此，商业部分以自持的方式运营，也保证了商业操盘中最核心的部分，统一运营管理，这确保了不受小业主干扰，更不会涉及返租、包租、免租等售后问题。通过商业价值的提升、服务管理来带动区域版块价值，进而拉升住宅部分的溢价。	这一点和万科良渚文化村类似，万科通过自持商业部分玉鸟流苏、食街（玉鸟集前身），匹配了君澜度假酒店、大屋顶艺术中心、教堂、养老社区、茶语公园等来带动了文化村整体版块的价值提升。而且这两个项目都提出了同一个定位：微度假社区模式。两者具备了地理属性、操盘思路、商业运营等诸多的类似之处。	回到商业的业态上，那么问题来了，设想更新改造后的商业街区，如果还卖臭豆腐、还卖土特产、还卖腊肉腊肠，这个商业街区不就成了和其它古镇一样的商业了吗？这对于瑞安这样具备强大商业操盘能力的开发企业来讲肯定不是选择，因此，我们现在所看到的商业业态的选择是必然中的必然。用现代场景商业反哺周边社区配套。	因此，它不是景区，它是区域商业。如果把蟠龙天地当成旅游景区，大致会有一些失落感的。"
"没想到在上海市区的高楼大厦旁，也能找到这样一座“江南水乡”。蟠龙天地实际上是一座由老村镇改建的综合商业市集，离虹桥机场仅10分钟车程，非常适合周末来半日吃喝玩乐[喝奶茶R]	整个市集既保有了原本水乡古镇的小桥流水，白墙青瓦，也拥有各类餐厅和工艺小店，而且还宠物友好??。在小巷里穿行，经常会在某个转角遇到有意思的店铺。而在夜幕降临后，平静的河面上倒映临水建筑与树木上的光影，搭配市集内各类小摊前的烟火气，让整体氛围更显松弛。傍晚在水边走走，正好可以避避暑	??打车/开车可以直接导航蟠龙天地，停车???可以从P1进，一定要记好上去的楼梯门位置，不然晚上走的时候很容易找不到车	[薯券R]蟠龙天地里有几个比较好玩/出片的地方，详见【图2】的地图	??【晚上临河的餐位】在Galla R的门口有两个河边的位置，坐在河边一边吃饭，一边欣赏古镇夜景非常惬意	??【烟雨廊桥】无论是白天还是晚上，这作为整个古镇位置最高的桥，可以顺着河拍到过往的木船	??【蟠龙水集】烟雨廊桥一段的一片集市，里面有几十个各类小摊，有玩小游戏，卖小吃，也有做彩扇和乐器。个人感觉晚上更好看一些	??【宠物公园草坪】在游客中心附近的骑马场对面，有一片大草坪可供宠物们奔跑。天气好的下午，这里能看到十几只各类狗狗??	??【水曲桥】这里是整个古镇横纵两条河道的交叉点，拍人拍景的最佳机位之一??	??【广场看鸽子】很多白鸽聚集，不仅可以喂鸽子，还可以拍鸽子集体起飞	"
解密全球100个典型低碳案例31-上海蟠龙天地?
"这是我逛过非常特别的古镇，虽然商业化程度较高，但却巧妙地融合了商业与文化，虽然网红人家也能长红，集合“微度假、文旅、城市更新、非标商业”等标签于一身，蟠龙天地简直就是古镇里的“海底捞”，你真的学不来。	蟠龙天地拥有现代人渴望的日常“Gap感”，但它与西岸梦中心的气质又有所不同。这里既松弛却又不完全放松。古镇内的小巷子和转角，总是能勾起我们的探索和发现欲望，逛一天蟠龙天地下来，你别说还挺累的。但正是这种微妙的平衡，让蟠龙天地成为了一个充满趣味，让人想要再次探索的目的地。	"
"周末遛娃，一天竟然溜了三个古镇，妈咪最喜欢歇马桥因为很悠闲，小可乐最喜欢还是蟠龙天地，又好看 又好玩 又好逛 还好吃，玩到不肯回家 [哭惹R][哭惹R][哭惹R]	位于上海市虹桥商务区，瑞安集团打造的UrbanRetreat城市微度假目的地，商业 住宅 酒店 绿地于一体，延续新天地开放式街区形态，打造的“公园里的新天地”概念。所以蟠龙天地并不是那种传统意义上的文化景点，它虽然有一些历史元素，元代石桥香花桥，百年程祠故里，但更多的还是仿古商业街区的氛围，比较更适合朋友聚会的休闲地。	[有R]交通便利：??上海市青浦区双联路161号，自驾导航“蟠龙天地古镇”即可，有三个地下停车场??? 我们停在P3停车场，出来即是花园草坪，小朋友就不肯走了，一定要在这里晒太阳[哭惹R][哭惹R]。??地铁也很方便，17号线蟠龙路站2号出口站，左转过马路既能看到。	[彩虹R]游玩场地：围绕着“阉市-南市-北市”三个街区，我们带娃就是随意闲逛，蓝瓶咖啡、宁波特产、糕点坊、中式蛋糕…..等等等快乐的游逛吧！	"
"??No.1 M+马利 （P3-41??坐标：静安区新丰路西康路交叉口2??mamafufu集市有颜料店、书店、衣服、手工艺等，装修五彩斑斓，蛮出片3??酒吧邂逅火塘有好听的民谣??	??No.2苏河湾万象天地 （P51??坐标：静安区福建北路100号2??沿苏州河向东直达外白渡桥、外滩那块，全程2公里，夜景强推，白天也???，苏州河沿线很chill	??No.3M+黑石（P61??坐标：徐汇区复兴中路1331号2??幸福集荟书店很大，值得逛3?? 推荐两家餐厅和一家清吧，如有需要，见M+黑石那篇笔记，这里写不下啦	??No.4蟠龙天地（P7-81??坐标：青浦区蟠鼎路123弄2??非常经典的江南水乡风情的商业街巷3??这里很大，可以游船，???逛的超多，旁边还有一个童心乐园，遛娃一下午妥	??No.5 EKA・天物（P91??坐标：浦东新区金桥路535号2??年轻化且艺术感十足的园区，阳光明媚的时候太出片啦，临水的餐厅外摆区氛围超好，园区挺大，遛一下午没问题3??园区不远江对岸的上海国际时尚中心有奥特莱斯逛哦	??No.6上生新所（P101??坐标：长宁区番禺路60号2??市区年轻时尚街区代表，一二期都开了，还蛮大，很多潮牌店，舒适的餐饮店3??3处历史建筑：1924年的茑屋书店和海军俱乐部（泳池出片??）、1931年的孙科别墅4??附近新华路很多老洋房，梧桐夹道，推荐一起逛	??No.7龙华会（p11-121??坐标：徐汇区龙华路2778号2??周边有龙华塔、龙华寺、烈士陵园，适合一日Citywalk，一些好玩店铺推荐见龙华会那篇笔记	??No.8陕康里（P13-141??坐标：静安区康定路358号2??园区很chill，两座百年建筑值得逛，原印度锡克教堂现在是画廊，原英租界巡捕房现在是设计共和，一个创意家居集合店，餐饮推荐见陕康里那篇笔记	??No.9鸿寿坊（P15-161??坐标：普陀区长寿路261号2??一个有烟火气的石库门海派街巷，鸿寿坊市集两层，很多品类可逛"
上个月的某日，我去蟠龙天地逛了逛！蟠龙天地的商业氛围到是给我一种闲散的感觉。市区有的咖啡馆、甜点店和餐厅，蟠龙天地几乎也都有。临河而座的咖啡馆和茶馆也不少，走累了可以坐着休息，再看个日落。佛系的在蟠龙天地过个周末还算比较舒服！
漾应的火塘蟠龙天地店是继南京老门东、无锡运河汇之后实在建筑设计工作室设计的第三家店，也是火塘在上海的首店。蟠龙天地由瑞安地产开发，历经五年打造，承载了1400余年的深厚历史，也融合了江南水乡与海派文化的独特韵味，成为上海的时尚新地标。整体建构以张弦作为主题，在顶部形成一个三角张弦木梁体系，上弦刚性构件与下弦柔性索的组合，通过撑杆连接形成自平衡受力体系，使整个结构显得既坚固又轻盈。这种轻盈感不仅提升了建筑的空间感，还使得建筑更加灵动和富有变化?。在木梁的中间采取了第二种结构体系：张拉膜结构。膜材料具有良好的透光性，能为建筑带来自然光，同时保持轻盈的外观。这种结构不仅让建筑看起来更加灵动和优雅，还能创造出通透感。这两种“刚柔并济”的受力方式不仅提高了结构的承载能力，还赋予了建筑一种动态的美感。三角梁的几何直线与圆形弧线墙体的对比也使得空间更具戏剧性和感染力。用餐区域设置在西侧室内舞台及东侧室外火塘中间，这样无论在任何时段都能随时观赏演出，也可以携带饮品去舞台位置。整体内部材料选择使用同款灰色水洗石与水磨石作为底色，尽量弱化视觉装饰效果以凸显出张弦结构与舞台，营造出自然有机感的庇护场所。东侧室外区域作为外摆篝火表演区，围绕着火塘用红砖垒砌出高低双层座位及花池。同时也利用了场地现有的二层户外连廊，形成了一个天然的露天小剧场。每当夜晚降临的时候，火塘成为一个聚会的场所，音乐和篝火让人们聚在一起分享彼此的故事和经历，于无形中缔结深厚而真挚的友谊和情感纽带?，这使篝火不仅仅是一个物理存在，更是一种精神的寄托和情感的共鸣?。?
"??上海的春天真的太治愈了！??周末发现一个宝藏赏春地??坠值得逛的地方――蟠龙天地??	??除了赏花，还有花船花坞等众多春日活动和装饰！??拍照氛围感十足～	――――――	?推荐几个出片点位：	【梦呓花船】沪上独一份，很梦幻！	【水岸花坞】巨型樱花装置好可爱！	【水岸花瀑布】被惊艳到了，很唯美！	【樱花径】好浪漫的一条步道！	【涵春鸟亭】很有老街烟火气！	【花街】春日意境满满！…	??真的好好逛～??建议下午后去玩，阳光柔和，不晒！??拍照也出片～	"
"上海蟠龙天地是瑞安房地产开发的大型城市改造项目。项目以”文化唤醒、自然融合、城市焕新""为核心理念，匠筑“上海前门院，江南新天地”，打造一张面向世界的“江南文化名片”。项目总占地面积752亩，规划三大功能空间，包含约23万方公共公园绿地―-蟠龙公园、约5万方水乡古镇商业―蟠龙天地，以及约25万方摩登江南人居范本―-蟠龙国际住区。Studio Su 担任蟠龙天地导向标识系统的设计顾问工作。	Located at Hongqiao Central Business District, Shanghai, Panlong Tiandi is an urban retreat destination developed by Shui On Group that integrates commercial, residence, hotel & green space. Evolving the XINTIANDI brand, Panlong Tiandi has a master-planning community of more than 500,000 sqm, including a 53,000 sqm commercial space and a 230,000 sqm green & public space. It will build a new XINTIANDI surrounded by green parks celebrating urban retreat concept.	"
趁今天是本周最后一个好天气出发前往青浦蟠龙天地city walk一下。杨浦出发，坐地铁8号―2号―17号，耗时约1.5小时。蟠龙天地有停车场???，但是建议平日前往，节假日和周末人一定很多。因为景区有江南水乡的风景，却没有猪蹄和烤肠，在古镇中独树一帜，充满个性。景区内餐饮很多，中餐西餐简餐都有，非常全面！总体而言，去对了时间，那体验值就很好了。
"上一篇写了上海蟠龙天地的导视这一篇继续写蟠龙天地的公共空间街区以明清的蟠龙古镇为原型，打造了新的蟠龙十景建筑手法上传承了古韵，又营造了现代诗画意境摄影师在这里毫不费力就可出片	沿湖亭台楼阁相互借景，重重透视建筑用了青黑，褐，不施粉黛，质雅朴素公区植物常绿，点缀各色鲜花，春天气息扑面而来非标商业，公园商业，古镇文旅，国际街区这里有多个标签，可以轻松地浪费大半天美好时间美丽无需多言，美图看见所有愉悦??蜂友觉得内容对你有帮助，请点赞收藏支持??―只聊 跟 商业｜旅行｜读书 有关的话题欢迎来到我的主页我是无锡商业小蜜蜂	"
趁今天是本周最后一个好天气出发前往青浦蟠龙天地city walk一下。杨浦出发，坐地铁8号―2号―17号，耗时约1.5小时。蟠龙天地有停车场???，但是建议平日前往，节假日和周末人一定很多。因为景区有江南水乡的风景，却没有猪蹄和烤肠，在古镇中独树一帜，充满个性。景区内餐饮很多，中餐西餐简餐都有，非常全面！总体而言，去对了时间，那体验值就很好了。
一个城中村，一个古镇改造为何超过了很多传统古镇，不到二年获得超过四千万客流量……@设计观察家 
作为一个街区商业项目，其复杂的动线设计与简单直接的盒子型商业相比，优缺点十分明显。它的优点在于为消费者带来「乐趣」、「游览的体验」和「自然随意」的感觉，这恰好符合目前无目的放空的城市漫步（citywalk）潮流。然而，这些优点的背后同样隐藏着缺点。许多顾客抱怨：“我不知道这里有多少品牌，逛得头晕眼花，无从找到想去的店铺”，而商管团队也面临“虽然有客流，但转化率低、进店率不高”等困扰。针对这一“只逛不买”的现象，其实不必频繁开展大量的促销活动或发放优惠券，关键在于「将商家及其核心产品和服务充分展现给前来游逛的消费者」。蟠龙天地在每个主要通道、交叉口及通向二楼的楼梯位置，统一设置商家导视系统，充分为各个品牌引流和曝光。这不仅可以防止商家变成“隐身的小透明”，也能让消费者更清晰地了解到有哪些品牌和产品，从而激发他们的消费欲望。 
"周末遛娃，一天竟然溜了三个古镇，妈咪最喜欢歇马桥因为很悠闲，小可乐最喜欢还是蟠龙天地，又好看 又好玩 又好逛 还好吃，玩到不肯回家 [哭惹R][哭惹R][哭惹R]	位于上海市虹桥商务区，瑞安集团打造的UrbanRetreat城市微度假目的地，商业 住宅 酒店 绿地于一体，延续新天地开放式街区形态，打造的“公园里的新天地”概念。所以蟠龙天地并不是那种传统意义上的文化景点，它虽然有一些历史元素，元代石桥香花桥，百年程祠故里，但更多的还是仿古商业街区的氛围，比较更适合朋友聚会的休闲地。	[有R]交通便利：??上海市青浦区双联路161号，自驾导航“蟠龙天地古镇”即可，有三个地下停车场??? 我们停在P3停车场，出来即是花园草坪，小朋友就不肯走了，一定要在这里晒太阳[哭惹R][哭惹R]。??地铁也很方便，17号线蟠龙路站2号出口站，左转过马路既能看到。	[彩虹R]游玩场地：围绕着“阉市-南市-北市”三个街区，我们带娃就是随意闲逛，蓝瓶咖啡、宁波特产、糕点坊、中式蛋糕…..等等等快乐的游逛吧！	"
"??上海的春天真的太治愈了！??周末发现一个宝藏赏春地??坠值得逛的地方――蟠龙天地??	??除了赏花，还有花船花坞等众多春日活动和装饰！??拍照氛围感十足～	――――――	?推荐几个出片点位：	【梦呓花船】沪上独一份，很梦幻！	【水岸花坞】巨型樱花装置好可爱！	【水岸花瀑布】被惊艳到了，很唯美！	【樱花径】好浪漫的一条步道！	【涵春鸟亭】很有老街烟火气！	【花街】春日意境满满！…	??真的好好逛～??建议下午后去玩，阳光柔和，不晒！??拍照也出片～	"
原始现场，原址?? SZ-建筑师我们以木吉他箱体作为空间原型，用一个正圆形空间衍生出的墙体包裹门面正中的混凝土柱，统一了入口的视觉整体性，同时圆与矩形的内切角空间作为店铺的灰空间区域形成外摆区域，吸引沿街来往人流驻足观赏。吉他箱体内部，吉他琴身内部?受木制吉他身形状的启发，我们使用了一个圆形空间来包围立面中央的混凝土柱，从而恢复入口的视觉统一性。圆形和矩形的交汇所创造的空隙空间作为店铺的过渡区，提供一个户外座椅区，吸引路人停下来留意。开窗尺寸店铺内部正圆形空间布局重叠西侧区域的挑高空间则形成了天然的环形演出剧场。在经过声学计算及测试后，在声波反射较为集中的位置开设了6个不同高度及不同尺寸的窗洞，在声学上有效降低了室内混响时间以满足演出要求。如同弦类乐器琴身的音孔一样，将室内演出的声音有指向性地传到室外，同时街上的行人也可以通过这些窗洞听到室内的演出。视觉上我们将其中两个较大的窗洞设置成了不同高度的吧台饮酒区。而其余的洞口则作为内部采光的补充将阳光引入室内。在店里，圆形布局与西侧的双层区域重叠，自然形成了一个圆形表演剧场。经过声学计算和测试，六个不同高度和大小的窗户开口被战略性地放置在声波反射更明显的地方。这种设计在声学上减少了室内的混响时间，以满足表演的要求。就像弦乐器的声音孔一样，这些开口将室内表演的声音向外引导，让街上的人也能欣赏音乐。视觉上，两个较大的开口设计为不同高度的高架酒吧和饮水区。其余的开口用于补充自然光线，将阳光带入室内空间。不同高度及不同尺寸的窗洞? 大川玛塔临街座位? 马塔・奥卡瓦吉他，小提琴，钢琴，古筝这些演出乐器都属于弦类乐器，是众多乐器种的一个重要分类之一。弦类乐器的发声原理是通过机械的力量使得琴弦发出振动而发出声音。这些乐器都需要演奏者通过弓和弦的相互作用来发出声音，弓和弦发出的声音是通过二者之间相互滑动摩擦力而产生的。通过将弦两头绷紧形成了张力，张力的大小决定了弦的音高。吉他、小提琴、钢琴和古筝都是弦乐器家族的一部分，这是广泛乐器中的一个主要群体。弦乐器发出声音的方式是通过机械力引起的弦的振动。这些乐器需要演奏者使用弓和弦来产生声音，声音来自两者之间的滑动摩擦。当弦的两端拉伸时，会产生张力，张力的大小决定了弦的音高。因此我们探寻整体建构美感的过程中，以张弦作为主题，在顶部形成一个三角张弦木梁体系，上弦刚性构件与下弦柔性索的组合
项目名称：集z坊地点：上海原创：如恩设计研究室原创设计\2020年，如恩为天然生活方式品牌集z坊设计了其在上海的首家旗舰店。如今，如恩与集z坊再度合作，为其打造蟠龙天地的两家门店：一间是形似原始木屋的“集z坊”，另一间则是由混凝土打造的庇护所“Woven?Moonlight”。两个空间毗邻彼此，各自独立又相互对望。如恩根据两个空间不同品牌的定位和需求，制定了不同的设计策略。“集z坊”设计灵感来源于法国建筑理论家劳吉尔（Marc-Antoine Laugier）所提出的“所有建筑的基础原型都是原始木屋 (primitive hut)”。这种剥离了装饰与风格的原始木屋建立了人与自然最基本的关系。它为人类提供了庇护场所，并与自然互相连接。这与集z坊想要传达的理念相契合――天然纤维材质是生活与自然的纽带。置入式的木屋结构，塑造了融合居住与生活的精神空间，为产品提供了展示平台。
位于青蒲的蟠龙天地不得不说还是值得一去的停车:停车位充足 每小时8元 在里面消费可以积分兑换停车费 记得问商家要小票哦～市集:集市整体还不错 挺多商家独创品牌网上没有 价格也不贵 东西别出心裁 看看逛逛心情都很好喝:饮品店很多 咖啡 奶茶 港式 围炉煮茶各式各样基本啥都有 店铺都很干净 挺小咨的吃:吃的话里面云南菜 :麦麦山云南菜 元古境湘菜:芙蓉霄 这家店我们去吃了 看点评好多差评 不过还是去吃了哈哈 菜很新鲜鱼头还是现杀的 其他菜也都是现炒现做的 爱吃辣的可以去试试 还可以打卡送豆花挺好吃的还有很多意式餐厅??年轻人还挺多的拍照打卡景点也很多 庭院休息夏天还会开雾冰 不会很热还有一个蟠龙庙很舒胜我们是下午去的吃好晚上都没逛完，周末五一推荐交通出行，逛上一天没问题。
"我赶在烟雨朦胧中，到访了位于青浦的蟠龙天地。正值雨季，又不是周未，整个街区人气略显一般。这里开业至今有一年了，已成了上海周边区域型消费度假的又一场所。	整个街区以河为界分为南市和北市，蟠龙天地是在1400多年的蟠龙古镇的旧址上进行改建，23万方的公园绿地是占地面积最大的，因此，也被称之为公园式商业。你不能当它是一个古镇，从案名上来讲，它就是瑞安集团“天地系列”的一个商业项目，从英译的案名（XINTIANDI）便可以看出。	守旧中创新的并不是在物业形态上，严格意义来讲蟠龙天地没有脱离传统江南古镇的影子，除了余德耀美术馆、COCO-MAT酒店之外没有那种特别出跳的建筑，它还是在原来的江南古镇的雏形上进行了空间、材料、景观等方面的焕新。	江浙沪太多古镇了，江南六大古镇便足以让古镇这种景区式的商业同质化，更别说周边还有朱家角、枫泾古镇、新场古场、南翔古镇等。这也是项目规划之初必须要面对的课题。	作为“城中村”改造项目，瑞安在开发过程中，必须考虑到整体项目盈利点，又要考虑作为配套的商业部分能够运营起来，权衡这种关系，势必需要利用自身的优势进行考良。可凭借新天地强大的商业IP，在招商过程发挥强大的优势。因此，商业部分以自持的方式运营，也保证了商业操盘中最核心的部分，统一运营管理，这确保了不受小业主干扰，更不会涉及返租、包租、免租等售后问题。通过商业价值的提升、服务管理来带动区域版块价值，进而拉升住宅部分的溢价。	这一点和万科良渚文化村类似，万科通过自持商业部分玉鸟流苏、食街（玉鸟集前身），匹配了君澜度假酒店、大屋顶艺术中心、教堂、养老社区、茶语公园等来带动了文化村整体版块的价值提升。而且这两个项目都提出了同一个定位：微度假社区模式。两者具备了地理属性、操盘思路、商业运营等诸多的类似之处。	回到商业的业态上，那么问题来了，设想更新改造后的商业街区，如果还卖臭豆腐、还卖土特产、还卖腊肉腊肠，这个商业街区不就成了和其它古镇一样的商业了吗？这对于瑞安这样具备强大商业操盘能力的开发企业来讲肯定不是选择，因此，我们现在所看到的商业业态的选择是必然中的必然。用现代场景商业反哺周边社区配套。	因此，它不是景区，它是区域商业。如果把蟠龙天地当成旅游景区，大致会有一些失落感的。"
上海市内的“江南水乡”徐泾～蟠龙天地在上海市区的高楼大厦旁，也能找到这样一座“江南水乡”。有水乡古镇的小桥流水，白墙青瓦，也拥有各类餐厅和工艺小店，而且还宠物友好，搭配市集内各类小摊前的烟火气，让整体氛围更显松弛。
"Hi大家好！我是Jason周末去了??蟠龙天地直接被春日限定的美景拿捏住体验感超绝迫不及待想分享给大家??	??【打卡攻略】?今年蟠龙天地着力打造了6大装置景点：1??梦呓花船：装满繁花的梦中小船（图1?图5、图6）??位置：位于主河道?时间：每天11:00-20:00	2??樱花径：樱花已经盛开，适合拍照（图2）??位置：庵市樱花径（近CAMP.33）	3??水岸花坞：水曲桥和映月桥上樱花装饰，傍晚亮灯以后很漂亮（图7、图8）	4??南市花街：由彩色巨型花瓣铺装的商业街，很有创意，亮灯后更美（图15、图16）??位置：庵市近moreprk、南市近gaga	5??蟠龙水集. 花鸟鱼市：以花鸟鱼虫主题的小摊点。走走逛逛，可以发现很多小惊喜和美好（图9～图13）??位置：程祠草坪?时间：每天11:00-20:00	6??涵春鸟亭：一个充满花香鸟语的美地（图17）??位置：涵春广场（近foodietempo）	7??春日牧场：这里的小动物太可爱了，还可近距离接触，大人小孩都喜欢，亲子游不要错过（图18）??位置：童心乐园	?建议游览顺序：樱花径??春日牧场??蟠龙水集. 花鸟鱼市??梦呓花船??涵春鸟亭??水岸花坞??南市花街	??【出行交通】??定位：蟠龙天地??交通：蟠龙天地地下停车场，8R/H??交通：蟠龙路地铁站2号口出,步行800米	??Tips?白天和傍晚景色都很美，尤其是傍晚蓝调（18:00-18:30）亮灯的时候时刻（图7、图8），很梦幻，不要错过?樱花主要位于樱花径，主河边以及南市街也有不少樱花（图3、图4），目前正在盛花期?上午人会少一些，方便拍照?详细攻略图见??留言区置顶??有疑问或希望我去哪里打卡，欢迎留言??订阅、点赞，Jason带你去看更多魔都攻略	"
“水韵蟠龙，脉动千年”，蟠龙天地将江南水乡的温婉与现代都市的活力相融合，绝对是上海周边游的绝佳去处～想去打卡的小姐妹攻略请查收?????停车指南?开车的姐妹直接导航 “蟠龙天地停车场”，有 5 个停车场，出入都很方便。停车八元每小时，某??有券自己搜，能便宜一些。要是停车场满了，靠近主入口的马路边也能停，但对车技有点考验。另外，5 分钟路程外的进博会停车场，20 块钱一天，也是个不错的选择，就是过来要走点路。???打卡点推荐?烟雨廊桥：融合了东方石拱桥古典美与西方廊桥创新形态，夜晚灯光亮起，氛围感直接拉满，穿旗袍来拍照超美！?程家祠堂：清乾隆年间的杰作，在这里能了解古镇的历史文化，完整呈现了蟠龙天地开发的 10 年记。?蟠龙水集：江南古风集市，各种有意思的摊位和复古游戏，蹴鞠、风筝、飞镖等，带娃来玩再合适不过。?溪桥应泊：近处的树，远处的桥，伴着夜晚灯光倒映在水面，朦胧又梦幻，超级出片。?十字街：特色商业街，粉墙黛瓦，诗意盎然，很适合约会、散步。???餐厅推荐 ―― 坠入 Bistro 贵州创意菜?逛累了就来尝尝这家超有特色的贵州创意菜！他家在河边有景观位，一般需要早点去才抢得到。这个天气边欣赏江南水乡美景边品尝美食，惬意十足～?菜品姐妹们都觉得不错，不止有景观而已，味道也杠杠的，强烈推荐?????贵州红酸汤鱼或者牛肉：汤汁酸辣开胃，鱼肉牛肉都很鲜嫩，酸汤最近太合我胃口了??。???怪噜饭：各种食材与米饭完美融合，口感丰富，味道独特。???芝麻冰淇淋：香甜芝麻与冰凉冰淇淋结合，口感丝滑，甜而不腻，超赞的饭后甜品。?这里的酒水也很有特色，有自然葡萄酒，还有来自贵州大山深处酒厂的精酿啤酒。店里装修复古，氛围感十足，说不定还能听到帅气员工小哥唱歌哦?????游玩小贴士?可以下午 3、4 点左右到蟠龙天地，既能感受白天的热闹，逛逛古镇建筑，又能等待傍晚落日余晖和晚上的灯光夜景。?拍照??非常出片，好的景致只是人也很多。周末节假日人可能会比较多，建议错峰出行～?
第一次往青浦蟠龙天地去，逛了一圈很有意思，整个商圈设计成古镇，还有各种传统手工艺品摊位，花鸟鱼虫市场，吃吃喝喝都有，而且是宠物友好型[害羞R]在草坪上看了好久的小狗，很适合假日去闲逛～
镜头使用七工匠AF24F1.8FE 到此一游七工匠最新发布的一款广角(也有人把24mm定义超广角)镜头，全画幅！！！自动对焦！！！全金属材质！！！[一R]24mm风光黄金焦段 没有夸张变形 适合接片[二R]f1.8大光圈 星空摄影 婚礼室内人像也没问题[三R]自动对焦 视频对焦也ok 非常快 不跑焦[四R]3片ED超低色散镜片 有效降低色散紫边[五R]2片非球面镜片 有效降低畸变 提升边缘画质[六R]2片高折射镜片 有效提升综合画质 减少镜片数量 减轻镜头重量体积[七R]AF/MF切换按钮 非常紧实 不容易误操作[八R]FN自定义按钮 可注册功能[九R]无级可调光圈环[一R][零R] 全金属材质，结实耐用[一R][一R]重量约420g[一R][二R]滤镜尺寸62mm[一R][三R]最近对焦0.32m[一R][四R]镜头长度92mm 直径72mm[一R][五R]光圈11片[一R][六R]慧差控制很不错[一R][七R]全开 边缘画质也很棒[一R][八R]紫边小[一R][九R]畸变控制好[二R][零R] 售价1860  首发1790
项目 |?余德耀美术馆新馆类型 |?博览类建筑体量 |?S-1868.5O位置 |?中国上海市蟠龙天地设计 |?山水秀建筑事务所设计者提取“山墙”和“双坡顶”这两个基本元素，进行新的解构和重组――起结构支撑作用的山墙被中分为二，成为“半山墙”；双坡顶则变向为反内坡，用两片桁架折板组成外向的“双飞檐”，雨水沿中间的槽链流下。它们的组合生成了新的建筑形制，成为构成廊道的基本语言。由半墙左右交替支撑的双飞檐廊，用互承结构的方式交织成整个廊院系统。 北临河滨，南接绿地，东倚竹屏，在最紧要的西侧与市镇之间有意疏离，运用庭院和廊道来编织空间漫游，将通常明晰的建筑里外关系模糊化，让喧嚣和沉静在各得其所后得以遥相互望。场地中，西、南、北三向均有客来，一组风车状的廊道――西接小镇，南通绿地，北抵河桥，东连水岸。这组廊道将场地划为四个象限――西南水稻田，西北草坪场，东北河埠头、东南美术馆。四向错位廊道在交汇处形成一个庭院，成为美术馆的半室外玄关。室内空间和室外廊院是美术馆不可分割的一体两翼。为了营造两者的完整性和连续性，设计者进一步融合了里外的界限，不仅在内部空间的坡顶和外部廊院的坡顶采用了相同的几何模数和桁架折板结构，坡顶表面的材料也完全相同。在主展厅外围的小展厅和咖啡厅，设计者在西、北两面通过落地窗引入了更多自然光和外部的风景。更多案例请关注：ARCHNOTES 筑释?
"??3月带娃遛老神仙去处，附亲测红榜避坑推荐！?谁说江南古镇千篇一律？魔都蟠龙天地美出圈了！小桥流水+时髦街区+遛娃天堂，附赠人均50吃撑攻略！周末带全家解锁水墨江南的正确打开方式~??【5大必打卡亮点】? 烟雨长廊神仙机位??推荐「程家祠堂」前石拱桥，清晨薄雾时get周杰伦同款《青花瓷》意境??穿汉服/浅色系超出片！古镇提供免费油纸伞道具? 非遗文化沉浸体验??龙凤楼定期有苏绣/盘扣手作课（提前公号预约）??带娃必看皮影戏：14:00/16:00两场，童趣版《西游记》? 宠物友好天堂??划重点！可带毛孩子坐摇橹船（30元/人）??宠物驿站提供免费拾便袋+饮水点? 儿童乐园秘境??古镇深处的「童趣岛」藏着实木攀爬架+沙坑??露天茶座有围炉煮茶，老人喝茶看娃两不误? 夜樱限定浪漫??3月中下旬沿河樱花全开！18点后灯笼亮起秒穿京都??最佳观赏点：蟠龙庵前「渡月桥」??【美食红黑榜】??红榜（闭眼冲系列）：-teastone一人一壶一茶新中式茶饮	-Enchante安上烘焙，抹茶千层一口惊艳	-香港宝林糖水铺，翡翠开心果糊好好食	- 糯叽叽星人必买：【年之糕】当季青团，大米年糕/年糕海棠糕/桂花酒酿米糕??【游玩Tips】??自驾导航：蟠龙天地P 12停车场（全天20块一次性收费）??地铁：17号线蟠龙路站2号口??推荐时段：工作日9-11点人最少，周末建议赶早，饭点排队预警，宁可早点去！??带娃必备：推车友好！石板路有防滑设计三月微风正好，快带上全家老小，在蟠龙古镇遇见诗意的春天吧！记得收藏这篇，解锁99%人不知道的隐藏玩法~"
上海市内的“江南水乡”徐泾～蟠龙天地在上海市区的高楼大厦旁，也能找到这样一座“江南水乡”。有水乡古镇的小桥流水，白墙青瓦，也拥有各类餐厅和工艺小店，而且还宠物友好，搭配市集内各类小摊前的烟火气，让整体氛围更显松弛。
第一次往青浦蟠龙天地去，逛了一圈很有意思，整个商圈设计成古镇，还有各种传统手工艺品摊位，花鸟鱼虫市场，吃吃喝喝都有，而且是宠物友好型[害羞R]在草坪上看了好久的小狗，很适合假日去闲逛～
"走走逛逛极度舒服瑞安功力深厚	对比起来杭州同风格的吉祥里非常汗颜[捂脸R]	"
"上海蟠龙天地，据说是新天地的续集，是青浦的古镇。和朋友半信半疑地来此兜了一圈。	古镇位于上海虹桥商务区，是城市微度假目的地，集商业、住宅、酒店、绿地于一体。	延续了新天地的开放式街区的商业形态，打造“公园里的新天地”，探索“生活的另一种写法”。	蟠龙天地以“文化唤醒、自然融合、城市焕新”为理念，升级打造了一座江南千年古镇“蟠龙镇”，携手余德耀美术馆、COCO-MATHotel、BlueBottle Coffee蓝瓶咖啡等品牌，带来了文化与自然融合的都市理想生活。	从市区坐上17号地铁线至蟠龙站仅2站，下车步行5分钟左右就到了。	花园型的古镇，小桥流水穿越石拱桥，小渡船载着游人悠然漫行，水岸两边是餐厅??咖啡??奶茶铺??，各种餐饮云集在古镇上，应有尽有。	午间我们在安徽菜皖荟餐厅停留，久违的徽菜的确不凡，特别是黄山臭Z鱼的浓汁和蒙城烤烧饼的松脆，和江浙沪菜肴相比，它的重口味能让你过把瘾！"
使用七工匠AF24F1.8FE@七工匠 @七工匠-刘文杰 @七工匠7Artisans七工匠最新发布的一款广角(也有人把24mm定义超广角)镜头，全画幅！！！自动对焦！！！全金属材质！！！[一R]24mm风光黄金焦段 没有夸张变形 适合接片[二R]f1.8大光圈 星空摄影 婚礼室内人像也没问题[三R]自动对焦 视频对焦也ok 非常快 不跑焦[四R]3片ED超低色散镜片 有效降低色散紫边[五R]2片非球面镜片 有效降低畸变 提升边缘画质[六R]2片高折射镜片 有效提升综合画质 减少镜片数量 减轻镜头重量体积[七R]AF/MF切换按钮 非常紧实 不容易误操作[八R]FN自定义按钮 可注册功能[九R]无级可调光圈环[一R][零R] 全金属材质，结实耐用[一R][一R]重量约420g[一R][二R]滤镜尺寸62mm[一R][三R]最近对焦0.32m[一R][四R]镜头长度92mm 直径72mm[一R][五R]光圈11片[一R][六R]慧差控制很不错[一R][七R]全开 边缘画质也很棒[一R][八R]紫边小[一R][九R]畸变控制好
"上海5大代表性非标商业1??EKA?天物（城市创变先行者）●商业面积：6.7万O●开业时间：2024年5月??EKA・天物，上海航海仪器总厂改造而来的开放式街区，集办公、商业、酒店、艺术等于一体，建筑美学与潮流时尚深度融合的商业典范。EKA代表E（逆势探新）、K（匠?造诣）、A（美学聚落）。近40栋建筑，汇聚创意零售、咖啡餐酒、生活美学、艺术展陈、休闲体验和音乐戏剧等业态。	2??蟠龙天地（Urban Retreat城市微度假目的地）●商业面积：4.8万O●开业时间：2023年4月??现代都市与江南水乡融合融合的美丽范本，依托古镇文化、3公里天然水系及23万平米公园绿地，围绕“Culture文化唤醒”“Nature自然融合”核心理念，引入宠物友好、设计家居、户外生活、美学零售、情调美食等品牌。吸引80+首店，余德耀美术馆、蓝瓶咖啡、LOKAL、Camp .33、木墨、PUYEE、MINI MARS、COCO-MAT Hotel品牌在列。	3??张园（上海城市会客厅）●商业面积：6.2万O●开业时间：2022年12月??新旧潮流碰撞的海上名园，上海石库门建筑群肌理完美利用、中西合璧，兼容文化、艺术、时尚等元素强调重奢品牌引入。安垲第俱乐部、蓝瓶咖啡、宝格丽香氛、BY FAR、迪奥、古驰、路易威登等品牌在列。	4??鸿寿坊（上海生活的精致烟火）●商业面积：1.5万O●开业时间：2023年9月?? “美食链接邻里社区+万物皆可市集+沪上精致烟火” 是鸿寿坊传达的核心理念，商业街区+开放中庭格局，二层靠连廊相通，开合有致。首批60余个富有情调、美食主的品牌汇聚在此，瑞安孵化的第三代Foodie Social， 是美食区的典范。室外打造“日咖夜酒”成年轻人的青睐地。	5??龙华会（沪上首座对望千年古刹的街区商业）●商业面积：8.8万O●开业时间：2023年9月??依托千年古刹龙华寺，以“龙华街巷、妙会横生”为核心，成为品牌共创的理想街区集结地，成都太古里的设计团队主导，采用“开放市集+店铺内退+半开放空间”的构建形式，无缝链接11、12号线地铁。业态涵盖特色美食、咖啡茶饮、主理人品牌、潮流运动、宠物生活方式等类型，龙华妙会更是点睛之笔。??你们认为谁才是上海非标商业之王？"
"有多少人此前听过蟠龙古镇呢？好在它身在大上海，身在大虹桥，自有大能见度，有大开发商青睐，有大胆的实践机会。	当摇橹船照旧穿过石桥的桥洞，再抬头，岸上的酱园、染坊、绸缎庄，已经变成蓝瓶咖啡。再好的设计，都不如延续原有的自然走势，继承原有的活动尺度，遵循原有的运行逻辑――这是一条此前少有人走的捷径。古镇本来就因商贸而兴，蟠龙天地放大并更新了这一属性。以一种商业上悖时的面貌，呈现出古镇先锋的形式，也许代表了某种趋势和方向。一如二十年前的新天地，一样超前的手笔。	古镇难做，怎么做都会有人批评。商业难做，怎么做都要面对下行压力。或许蟠龙天地没有达成高预期，但至少给我们展示了古镇保护、商业开发的另一种可能。在这个存量为主的时代，古镇项目不但不会是增量，反而是引人叹息的“减量”。拖动时间与地域的比例尺，古镇古村每天都在大量消失。批量化的复制粘贴？已然成为过去式。	-	?? 蟠龙天地是2014年上海首批启动的“城中村”改造标杆项目之一，包括公共绿地、水乡古镇商业空间和居住区等三大功能空间。	?? 蟠龙的历史，最早可以追溯到距今 1400年前的隋朝时期，是青浦乃至江南地区较早形成的市镇之一。因水而兴的蟠龙旧时商业繁盛，是一个典型的江南富庶水乡。	?? 地铁17号线“蟠龙路”站。	"
白天的蟠龙天地太太太好逛了！真的做到宠物友好会握手的帅气德文穿Lululemon和各式小裙子的狐B超级可爱会微笑的柴犬啾啾/JoJo
漾应的火塘蟠龙天地店是继南京老门东、无锡运河汇之后我们受邀设计的第三家店，也是火塘在上海的首店。蟠龙天地由瑞安地产开发，历经五年打造，承载了1400余年的深厚历史，也融合了江南水乡与海派文化的独特韵味，成为上海的时尚新地标。YOUNG INN’S FIRE PUB盘龙天地店是继南京老门洞和无锡运河码头之后，上海首家FIRE PUB店的设计。盘龙天地由水安陆公司开发，历时5年，历时1400多年。它将江南水乡的独特魅力与上海的文化和谐地融合在一起，确立了自己作为上海新时尚地标的地位。立面，facade?? Mata Okawa漾应的火塘诞生于疫情期间，火塘的核心是音乐与篝火。音乐是全世界共同的语言，没有任何语言能像音乐一样诗意地吟唱出人类的历史和文化。它能够跨越社会经济与身份的差异，将所有不同年龄段和不同文化背景的人联系在一起。点燃篝火如同在寒冬的夜晚点燃光明与希望，成为了很多年轻人心灵的港湾。剖透视，剖面透视?? SZ-建筑师青年旅馆的篝火PUB在疫情期间出现，其核心围绕音乐和篝火。音乐是一种人人都能理解的语言，没有其他形式的表达能像它一样诗意地传达人类的历史和文化。它具有弥合社会经济和身份差距的能力，将不同年龄和不同文化背景的人团结在一起。点燃篝火就像为寒冷的夜晚带来光明和希望，为众多年轻人的精神提供庇护。立面概览，立面概述?? 马塔・奥卡瓦我们力求避免传统商业演出空间的繁复装饰与夜店属性，通过声学空间的原型探索及自然材料的使用，增强火塘特有的文艺性和精神性，使其成为供人疗愈心灵的场所及精神文化空间。我们的目标是避开传统商业表演场所的精致装饰和夜总会特色。通过对声学空间原型的探索和自然材料的使用，我们寻求提升FIRE PUB独特的艺术和精神属性，从而将其转变为疗愈的避风港和精神文化充实的空间。立面中间的混凝土柱，一个位于中心位置的混凝土柱?? Mata Okawa店铺为一个东西向两开间的矩形空间，而南北向的门面居中位置被一根混凝土柱一分为二，整体性被破坏，对于开业后客人视觉体验有较大影响。店面采用从东向西延伸的长方形布局，设有两个海湾，其南北立面被位于中心的混凝土柱分隔开来，这破坏了整体视觉的凝聚力，极大地影响了顾客进入店内时的初始印象。
蟠龙天地爆改春日限定江南｜人潮退散版
"东风夜放花千树更吹落，星如雨	新年的气氛如期而至江南百景，万家灯火愿这世界赠与我们从容与感恩祝大家过个好年好运连连	The spirit of the Chinese New Year has arrived，Hundreds of lanterns light up the Jiangnan‘s skyWishing the world give us more grace & gratitudeand wish you all a good year and good luck	??上海蟠龙天地	"
休闲遛狗喝茶好去处
"???地址：青浦区蟠鼎路123弄（近地铁17号线蟠龙路站）??推荐时间：周末10:00-20:00（夜景超美！）??交通：地铁17号线蟠龙路站3号口步行5分钟??停车：P1/P2停车场免费3小时（周末建议10点前到）	??【必拍打卡点】1??烟雨长廊：建议穿新中式/浅色系，下午4点光影最佳2??蟠龙十景：香花桥、程祠故里超出片，夜景灯光超梦幻3??余德耀美术馆：二楼露台拍全景，近期有《山水与科技》特展（门票50）4?? 萌宠乐园→狗狗社交场：超大草坪+宠物饮水机，铲屎官必带毛孩子来撒欢，偶遇网红柯基团！	?? 吃货指南??「Blue Bottle蓝瓶咖啡」古镇里的极简风咖啡馆，推荐拿铁+华夫饼，二楼窗边座位秒出ins风大片！??「平成屋」日式烧鸟灯笼墙+榻榻米，仿佛穿越到京都，《我的前半生》同款，提灯和明太子西葫芦必点！??「菽水小馆」素食主义禅意庭院风，菌菇汤面鲜掉眉毛，人均30+性价比超高!?「弗兰克西餐厅?Galla R by Ribone」花园Brunch，沿河坐落河景超赞，来杯咖啡惬意享受下午茶时光；	?? 小众购物清单??「猫的天空之城」：限定蟠龙明信片+撸猫??「木墨」：手工木质家居，香薰蜡烛控必入??「江南百景图」POP-UP：游戏周边限量发售！??「布兰兔」：少女心爆棚的伴手礼清单！??	?? 小贴士：? 周末人多，建议早到or工作日傍晚来? 穿平底鞋！石板路走久会累? 关注官方号，经常有汉服体验/手作活动	还不知道周末去哪儿？？快快收藏，周末说走就走！ ?????♀"
数屋檐滴落的雨??看游船在窗框里划出涟漪??
奥乐齐蟠龙天地，这卫生？也没人打扫，环境真差。差评，[石化R][石化R][石化R] 垃圾满天飞，坐在这里半个多小时没看到一个工作人员或者保洁出来打扫。
这里就像是一个充满惊喜的宝藏盒子?? 历史悠久的古建筑与现代的潮流元素完美融合，既有传统江南水乡的温婉，又有大都市的时尚气息。
"上海蟠龙天地位于青浦区，是瑞安集团打造的城市微度假目的地，集商业、住宅、酒店、绿地于一体，总占地面积为752亩，自2023年4月正式开业。这次选择工作日前去蟠龙古镇，有了比较全面的体验。	??蟠龙古镇有多大：网上的攻略有些说足够玩半天，有些说1小时都嫌多。主要原因在于其宣传的752亩地其实包括了商业、住宅、酒店、绿地所有这些，但真正的蟠龙古镇商业街区估计只有100亩左右。街区本身改建得相当出色，走走看看，2-3个小时还是很悠闲的。	??蟠龙古镇几点开门：网上查询显示10点开门，但是蟠龙古镇本身不收门票，一早去当然可以进，只不过古镇里的店铺大多都没有开。麦当劳是7点开门，是整个景区最早的；其次是Manner和Seesaw在7:30开门；再之后是几家简餐店稍早些开门。景区内大部分商店和餐厅是10点至11点开门。	??过早到景区可以做什么：10点之前的景区里没什么人气，店也没开，要么看看景区没有苏醒的样子，要么去周边闲逛了解民生。这段时间会感觉得到远处高架的声音，可能是景区比较安静。随着10点后店铺开始运营，游客络绎不绝，整个景区也进入了状态，也更容易让人感受到蟠龙古镇的美。景区的水很清很绿，维护得很用心！	??景区的美食：蟠龙古镇的美食和其他古镇完全不同，并不是传统印象中的那套。近20家上海首店、超过60家区域首店汇聚在这里，这里的环境虽是古镇，但店铺都很时尚，是能代表各国各地的特色菜系，并且几乎不重复！查询大众点评发现很多餐厅都在该区域排名数一数二，选品非常优秀！这种业态相比传统古镇，其实和EKA天物更相似，一个是老厂房改建，一个是古镇古建筑改建。	??景区的停车：蟠龙古镇本身就有多个停车场，8元一小时，P1、P2离商业街区入口最近。用餐积分满100元可以兑换一个小时，一天最多兑换两个小时加赠送一个小时免费停车，消费200元就可以停车三小时。	古镇翻新着实不易，一开始以为有750多亩，心中预期很高，到了后发现商业街区要小很多有点落差。调整好预期后再次参观，就觉得蟠龙古镇确实有它的一招鲜，能在目前上海第几个古镇中独树一帜有它的道理[赞R] 古镇需要有点人气，在又不是人山人海的时候，最为美妙～	"
休闲遛狗喝茶好去处
"上海蟠龙天地位于青浦区，是瑞安集团打造的城市微度假目的地，集商业、住宅、酒店、绿地于一体，总占地面积为752亩，自2023年4月正式开业。这次选择工作日前去蟠龙古镇，有了比较全面的体验。	??蟠龙古镇有多大：网上的攻略有些说足够玩半天，有些说1小时都嫌多。主要原因在于其宣传的752亩地其实包括了商业、住宅、酒店、绿地所有这些，但真正的蟠龙古镇商业街区估计只有100亩左右。街区本身改建得相当出色，走走看看，2-3个小时还是很悠闲的。	??蟠龙古镇几点开门：网上查询显示10点开门，但是蟠龙古镇本身不收门票，一早去当然可以进，只不过古镇里的店铺大多都没有开。麦当劳是7点开门，是整个景区最早的；其次是Manner和Seesaw在7:30开门；再之后是几家简餐店稍早些开门。景区内大部分商店和餐厅是10点至11点开门。	??过早到景区可以做什么：10点之前的景区里没什么人气，店也没开，要么看看景区没有苏醒的样子，要么去周边闲逛了解民生。这段时间会感觉得到远处高架的声音，可能是景区比较安静。随着10点后店铺开始运营，游客络绎不绝，整个景区也进入了状态，也更容易让人感受到蟠龙古镇的美。景区的水很清很绿，维护得很用心！	??景区的美食：蟠龙古镇的美食和其他古镇完全不同，并不是传统印象中的那套。近20家上海首店、超过60家区域首店汇聚在这里，这里的环境虽是古镇，但店铺都很时尚，是能代表各国各地的特色菜系，并且几乎不重复！查询大众点评发现很多餐厅都在该区域排名数一数二，选品非常优秀！这种业态相比传统古镇，其实和EKA天物更相似，一个是老厂房改建，一个是古镇古建筑改建。	??景区的停车：蟠龙古镇本身就有多个停车场，8元一小时，P1、P2离商业街区入口最近。用餐积分满100元可以兑换一个小时，一天最多兑换两个小时加赠送一个小时免费停车，消费200元就可以停车三小时。	古镇翻新着实不易，一开始以为有750多亩，心中预期很高，到了后发现商业街区要小很多有点落差。调整好预期后再次参观，就觉得蟠龙古镇确实有它的一招鲜，能在目前上海第几个古镇中独树一帜有它的道理[赞R] 古镇需要有点人气，在又不是人山人海的时候，最为美妙～	"
五一假期不想挤热闹去蟠龙天地看“江南风物季”，错峰去看一看蟠龙的石桥、牌坊、戏台怎样被非遗盘扣包裹，看看10米的巨型盘扣龙船，廊桥下的市集…微风徐徐，坐在开满蔷薇花的河边喝杯咖啡看船来人往，惬意时光。・??4.26-6.10・江南风物季?织造篇・
"听两脚兽们说今天毛孩子都玩的超开心??坐小车??荡秋千??走红毯???本周末必须C位出道安排！	迫不及待康康毛孩子的今日美照啦?? 欢迎大家明天继续嗨皮继续来玩儿！！！	?4.19-4.20 11:00-18:00??高地广场/萌宠乐园	"
6年前来蟠龙路和诸光路地铁站的时候，这里到处都是破破烂烂的地方和空地，连个便利店都很难找到的那种，现在突然多了好多写字楼住宅楼，甚至还有一个新的景点-蟠龙古镇[哭惹R][哭惹R][哭惹R] 人山人海，而且特别漂亮，这里以前明明就是一块空地[惊恐R][惊恐R][惊恐R]我全程震惊脸[石化R][石化R][石化R]怀疑自己进入了平行时空
"瑞安首个“城市微度假”项目―-蟠龙天地将23万方绿地和江南水乡文化浸润出“古镇里的新天地”把mall搬进古镇，让现代邂逅历史，打造了新中式江南古镇商圈[清单R]地点：蟠龙天地??地址：青浦区 蟠鼎路123弄8号??交通：地铁17号线 蟠龙路站 2号口 过天桥就到???停车：有5个停车场，8元/小时?时间：10:00 -22:00??门票：无需门票	[彩虹R]古韵蟠龙新十景【Culture Walk】古寺鸣钟 [向右R]十字街 [向右R]香花桥影 [向右R]溪桥渔泊 [向右R]烟雨廊桥 [向右R]程祠故里 [向右R]龙江古渡 [向右R]曲水萦居 [向右R]蟠龙湾 [向右R]艺海听竹[烟花R]推荐：龙江古渡，50元/人，单程15分钟，200元/船（最多容纳6人）	[彩虹R]文艺余德耀美术馆将自然与传统、现代融为一体定期会呈现高品质的艺术展览有本馆和古镇中的分馆：雪竹轩	[彩虹R]亲子[气球R]童心乐园：超大亲子乐园，蹦床、滑梯、攀爬，附近还有滑板公园[气球R]法布尔花园：观察昆虫标本，还能亲手做一个自然花园标本[气球R]喷泉广场：夏天适合小朋友们嬉水[气球R]骑乐马术：可以体验马术课，以及童趣互动的马房课	[彩虹R]休闲[咖啡R]沿河咖啡馆：BLUE BOTTLE、SEESAW、BOBOLEE、LOKAL、申井冰室[咖啡R]今日宜喝茶：TEA' STONE、IDT'EA、 宋明客厅[咖啡R]周末有热闹的蟠龙水集	[彩虹R]美食[太阳R]中餐厅：潮桔桔、西塔老太太、苏小柳、如一鲍鱼鸡、平成屋，肥汁米兰、丰和日丽等[太阳R]西餐厅：兰巴赫、粉红汉堡、TapaTapa、BAKER & SPICE	"
工作日人不是特别多天气也很好走走逛逛吃个午餐开了很多店挺有意思的居然还有话梅
"怎么没有刷到别人发啊[生气R][生气R][生气R]开始我以为是古镇呢结果除了外观像古镇其他完全不搭嘎啊真的又好逛又好吃停车或者坐地铁都巨方便啊啊啊[哇R][哇R][哇R]去了还想再去吃吃喝喝湖边吹吹风真的太舒服啦！！！..最初是因为想吃麻六记，顺便可以逛逛，后面发现实在太宝藏了[暗中观察R][暗中观察R][暗中观察R]随机买的霓裳茶舞，出奇的清爽l椿的食材更是爆打苏州人均一千多的日料晚上吃完妥妥的意满离??????	..??：上海蟠龙新天地??：17号线 蟠龙路"
时尚和古镇融合的很完美，花园里的商场！这个商场很多餐厅都对宠物友好，最近有点喜欢上了泰国菜，这家露台餐厅【MUM LIKES 】风景很好，环境也不错，东西也好吃，虽然很多感觉都是预制菜，服务员都是年轻的小哥哥，临走还问我要不要虾片给我装一袋打包带走，真的是有点受宠若惊，里面餐厅巨多，夜景也是真的好美，对了，里面有一个集市可以逛逛，有卖水果，小吃，点心，饰品等等，还有一个马场，记得吃东西或者买东西的发票去马场斜对面的服务中心让她给你积分，可以停车使用哦～
漫无目的地闲逛 seize the moment
我的快乐又回来了，就在蟠龙天地不过早上10:00就有人排队了[抓狂R]我的快乐只配在工作日有！周末人太多，拍是挤不进去。
"“刚发现上海这个神仙地方！蟠龙天地真的太太太适合周末放松了～?? 推荐理由：??江南水乡+现代美学：小桥流水、白墙黛瓦，但又有超多艺术装置和网红店，古今碰撞超有feel！??人少景美：比起外滩、武康路，这里真的清净很多，拍照不用抢机位！??逛吃天堂：从%Arabica到本地小吃，还有文艺手作店，根本停不下来～??遛娃/宠友好：超大草坪、儿童乐园，带娃放电一整天没问题！?? 必打卡点：??烟雨廊桥：傍晚灯亮时绝美，仿佛穿越回古代！??滨河咖啡店：点杯咖啡坐看游船，氛围感直接拉满！?? 穿搭建议：浅色系/新中式，和景超配！?? 地址：青浦区蟠鼎路123弄?? 交通：17号线蟠龙路站步行10分钟姐妹们快冲！这里真的能待一整天～	"
"说到上海蟠龙天地的中式生活美学，那可真是把老祖宗的优雅和年轻人的潮玩结合得超有感觉！比如你逛着逛着，前一秒还在明清老宅改建的茶馆里捧着青花瓷杯喝茶，下一秒拐个弯就能撞见网红咖啡店玻璃房子外头就是小桥流水。[流汗R]	最绝的是他们把江南水乡的“烟火气”玩出了新花样――早上去非遗工坊学做蓝印花布，中午在“蟠龙市集”啃着青浦本地阿婆现蒸的定胜糕，下午还能带娃去马场骑马，晚上直接坐在百年香花桥边看水幕光影秀，一天过得像在古镇剧本杀里打卡不同副本！[哇R]	为啥专门挑蟠龙天地当案例呢？就因为它根本不像普通商场啊！别的商业项目可能塞满连锁品牌，但这里直接把50万平米土地搞成了“文化主题乐园”【本期CM＋带大家深入了解上海蟠龙天地如何文化焕新呈现极致中式美学！】[仙女R]上海蟠龙天地项目背景介绍[仙女R]千年蟠龙古镇的历史底蕴[仙女R]历史古镇的现代化再生[仙女R]艺术性装置与现代元素[仙女R]江南非遗与市井文化的复兴[仙女R]活动IP新集打造[仙女R]夜间文化消费场景[仙女R]小众品牌与首店经济的聚集地[仙女R]原住民与社区记忆的延续	说白了，蟠龙天地就像个会赚钱的博物馆，让你掏钱消费时还觉得自己在传承文化，这波中式美学生意经，不服不行～"
挺美一小镇，晴天的景很出片
"剥离了装饰和风格，一座建筑会呈现怎样的状态？	??装饰就是罪恶――阿道夫・路斯	相比于西方过去各种柱式、拱券以及中国古代的斗拱、脊兽、彩画等，当下的极简风格建筑，充斥着玻璃幕墙、极简风格，乍一看装饰好像真的变少了。但是事实真的是这样吗？	―――――――――――――――――――――――――	本篇，不妨我们将视角落位到――上海蟠龙天地的“集z坊”。	它的设计灵感来源于法国建筑理论家劳吉尔（Marc-Antoine Laugier）所提出的“所有建筑的基础原型都是原始木屋 (primitive hut)”。这种剥离了装饰与风格的原始木屋建立了人与自然最基本的关系。它为人类提供了庇护场所，并与自然互相连接。这与集z坊想要传达的理念相契合――天然纤维材质是生活与自然的纽带。置入式的木屋结构，塑造了融合居住与生活的精神空间，为产品提供了展示平台。	那么，正在关注此贴的建筑师和正在学设计的你我，关于这一话题你有什么看法？	室内设计：如恩设计研究室项目地点：上海青浦完成时间：2023年4月建筑面积：200平方米（Woven Moonlight店）；110平方米（集z坊蟠龙天地店）	"
"??Blue Bottle Coffee（蓝瓶咖啡）创立于 2002 年，以“只卖出炉不超过 48 小时的咖啡”闻名，也被誉为“咖啡界Apple“	??自2022年进入中国内地市场后，蓝瓶咖啡陆续在上海开设7家正式门店和1家Pop-up Cafe. 作为“第三代咖啡浪潮”的主导者，每家店的设计也都各有特色。下面就让我们一起来看看吧	1??裕通开业时间：2022年??内地首店位于建造于上个世纪20年代的裕通面粉厂高级职工宿舍。清水砖墙与格架门窗承载着时代的印记，新旧交融，焕然一新。	2??静安嘉里中心开业时间：2022年??第二家门店位于繁华的南京西路商圈，以石库门建筑为灵感，打造“建筑中的建筑”。一共使用了一万三千余块手工烧制的陶土砖	3??张园开业时间：2022年??第三家门店位于“沪上第一名园”――张园。设计师在室内置入一个原始的屋舍，作为动线的交汇之处、空间的视觉焦点，也是咖啡师调制饮品的吧台区域	4??蟠龙天地开业时间：2023年??蟠龙天地店在旧宅与新居之间，构造出传统与现代的层次交叠，比照江南“留白”之美，打造出回溯江南文化诗性以及水乡生活的咖啡体验	5??前滩开业时间：2023年??前滩店的选址位于现代化的建筑空间。植栽布满屋顶，自然之意从户外延伸至室内，在楼宇森林中为顾客带来开放通透、亲近自然的咖啡体验	6??港汇恒隆广场 pop-up cafe开业时间：2023年??该店整体空间配置的灵感来自位于美国旧金山海耶斯谷社区小巷里的创始门店,构造出一个内街的小花园	7??浦东机场T2航站楼开业时间：2024年??设计师采用了极简的白色来回应机场的纷扰与嘈杂。建筑分为两部分：上半部用涂料勾勒出表面的细腻肌理；下半部则使用了特别定制的手工弧形砖，雕琢出弧形吧台以适应场地	8??上生・新所开业时间：2024年??上生・新所店以无形“屋舍” 下的“家宅印记”为中心，邀请访客参与到日常生活之中，领略不期而遇的惊喜。	你最喜欢哪一家呢？快来评论区一起聊聊吧[偷笑R]	"
[太阳R]春和景明，适合出门溜达。                                                    [两颗心R]蟠龙天地是个难得的可以逛，可以吃，还可以喝茶的地方…里面有很多小资小调的服装店，奶茶店，咖啡店，西餐厅……里面还有一个花鸟市场，pop mart也有店！[害羞R]非常适合去躺一下午。河边喝喝茶，晒晒太阳，掏个耳朵，聊聊天，吃吃饭，觉得生活又美好了！[偷笑R]
乘船小码头
"本薯可是来得巧了，今天蟠龙天地的吧唧树下好生热闹啊！	不仅有正式被确诊为安小鸟的鸟妃报道，还迎来了一波狗帧⒚帧⒚鄞鼯只毓，纷纷开启大型吧唧许愿现场，解锁自己的逆风如解意~	4.19-4.20上海蟠龙天地高地广场宠物巡游展大型宠物甄执持续上演中欢迎宠物娘娘们来解锁自己的逆风如解意！	"
"几天的阴雨让今年的樱花季变得格外的短抓住这个周末再去一趟蟠龙天地	樱花大道的樱花都开了主街两侧的樱花也都开得正盛有些树枝已经开始冒绿叶横跨河岸的桥上，也都装点了春意不时有花船从桥洞中来回花期将晚，尽情欣赏吧~	??：富士XT50 / 18－55II f2.8・胶片模拟：CC・颗粒效果：弱 小・色彩效果：弱・彩色FX蓝色：关・白平衡：自动・动态范围：DR400・色调曲线：H－1,S0・色彩：+3・锐度：+2・清晰度：0・高ISO降噪：0	??调色：VSCO・滤镜A6+10 | 曝光度+0.5 | 对比度-0.5 | 锐化+1.5 | 饱和度+0.8 | 色温+1 | 色调+0.5"
漾应的火塘蟠龙天地店，上海 / 上海实在建筑设计工作室漾应的火塘蟠龙天地店是继南京老门东、无锡运河汇之后我们受邀设计的第三家店，也是火塘在上海的首店。蟠龙天地由瑞安地产开发，历经五年打造，承载了1400余年的深厚历史，也融合了江南水乡与海派文化的独特韵味，成为上海的时尚新地标。
"来了蟠龙天地闲逛???♂????1小时的地铁值了[doge]江南水乡的味道拉满[暗中观察R][暗中观察R]景色宜人，吃的多、很惬意??想想??拍照、遛娃、遛狗，也太舒服了[赞R]	[向右R]位置：上海蟠龙天地（??导航、停车场???）地铁17号线蟠龙路2.3口"
"去之后，谁说这地方土啊，这地方可太好了。	特别喜欢这里的蓝瓶咖啡（p2-4），咖啡店所在一栋比较老式的建筑里，但空间打通比较开阔，角落里摆放着禅意十足的盆景。隔着石板小路，是一栋新式的沿河小楼。去的时候是周二，咖啡买一送一??	这个季节有樱花季限定活动（p7-8），桥上的樱花装置很可爱，粉嫩得不行，超适合拍照。还有花船，水集，到处都是fafa。水集就是水边廊亭里的花鸟市场，这个市集概念真的很棒！穿越到古代的小资生活大概就是这个感觉吧～水集清明假期过完就结束了。	这里引进的餐饮很多是baker & spice、Lokal、哈根达斯、Tims等都市品牌。也有一些老字号和高档中餐，元古云境、皖荟、越稽等。服装店知名的有maia active、蕉内，还有买手店。别的商店也都很有趣，爱丽丝漫游仙境风的瓷器店、昆虫&爬行类动物标本店、非遗秤砣店，自助花店、河边小亭子里的开放式花鸟店…总之，绝对都不白来。	最喜欢的是这里的“软装”，虽然是古镇，但不太种柳树，绿化风格更偏现代都市，一看就是精心设计过，比起古色古香，更多了时尚的氛围感。灯笼和鱼灯也都不是大红大绿，用的是很宋代美学的“马卡龙色”。灯光打得偏暗，更像古代用烛火照明的氛围感，入夜后也很美！	"
"??「花间市・过春天」3.7-4.20限时绽放	??""江南无醉意，春风十里香""的浪漫具象化	?五大沉浸体验??? 幻梦花船巡游｜魔都首个水上花瀑秘境?? 3D立体花路｜千米水岸变身鲜花长廊?? 水坞悠游剧场｜古桥边的流动花艺展?? 水上灵感市集｜鲜花/手作/咖啡香气交织?? 萌宠社交场｜鹦鹉互动+绵羊牧场投喂	??小贴士??建议上午10点前到达 承包空镜拍摄??蓝调时刻（17:30-18:30）花船亮灯绝美	??交通攻略??导航：蟠龙天地P1或者P5停车场较近??地铁：17号线蟠龙路站2号/3号口?推荐时段：周末建议早点去，上午10点	"
感觉现在艺术的东西根本没有受众美术馆里很冷清。整个蟠龙天地非常的出片，最近又增加了中秋的专属装饰，晚上亮了灯会更漂亮。本次拍摄涉及到夜景，镜头选用了适马最新的2470二代，以及神牛的860闪光灯。
圣诞假期第一次拜访，小巧的一座圣堂。
"上海蟠龙天地是瑞安房地产开发的大型城市改造项目。项目以”文化唤醒、自然融合、城市焕新""为核心理念，匠筑“上海前门院，江南新天地”，打造一张面向世界的“江南文化名片”。项目总占地面积752亩，规划三大功能空间，包含约23万方公共公园绿地―-蟠龙公园、约5万方水乡古镇商业―蟠龙天地，以及约25万方摩登江南人居范本―-蟠龙国际住区。Studio Su 担任蟠龙天地导向标识系统的设计顾问工作。	Located at Hongqiao Central Business District, Shanghai, Panlong Tiandi is an urban retreat destination developed by Shui On Group that integrates commercial, residence, hotel & green space. Evolving the XINTIANDI brand, Panlong Tiandi has a master-planning community of more than 500,000 sqm, including a 53,000 sqm commercial space and a 230,000 sqm green & public space. It will build a new XINTIANDI surrounded by green parks celebrating urban retreat concept.	"
湖中映月，桥边花月，夜色下格外迷人。
"上海人都给我去！过年足不出沪，我选择来蟠龙天地逛gai看鱼灯，人流量不大，不用门票??就可以看美美的灯会啦！晚上超美，我这次主要拍了烟雨长街，北市街，戏台广场，全部逛下来游玩时间需要3小时	惠山古镇人多到走不动，在上海也能吃好逛好，MUMO，复兴面馆，元古云境等等购物???美食??选择超多，而且过年??(注意营业时间）	?营业时间：10:00-22:00	??地址：地铁17号线蟠龙路站出站步行600米"
位置:蟠龙水集交通:17号线2号口镜头:35gm
??上海市区常去的古镇：七宝太小，召稼楼在翻新，新场风光又不太秀丽。唯独这个人造古镇蟠龙天地，为了售卖楼盘打造的地方却别有一番风味：河水蜿蜒、小桥横卧，亭台楼阁、柳绿花红，人群熙攘、车水马龙……
拍摄于除夕蟠龙天地富士xt5｜cc/nc@摄影薯 
"在水乡的当下，遇见往日的江南。	百年前，诗人冯淮迁居蟠龙。因寄意雪竹，别筑书斋，称「雪竹轩」。	我们栖身此处，俯身拾起砖瓦，修葺书房。	承袭文人风骨，许下一林修竹，撑起老宅脊梁。自此推开任一扇窗，都有竹风绕怀，四时起兴。	如此，便在上海落成一处新家，邀你怀竹待雪，一同唤回百年前的风雅平常。	"
"??蟠龙天地五月的周末有水集，一整个大开眼界真实的江南百景图，还可以偶遇NPC！	??Olympus EP7可玩性太高啦！最近一直在用的是色轮模式这次用的是仿CC配方，感觉有个70%相似	"
"蟠龙天地每一季都很好看，怎么拍都好看，在河边清闲的吃个漂亮饭，非常惬意。吃完饭直接夜景散步，真的是泗泾人的后花园，不知道吃什么，来蟠龙天地就可以了。	"
"上海的春天真的太治愈了！发现了一个宝藏赏春地，正逢赏樱的时间，这里的樱花还开的很旺盛，还有一大片油菜花田。除了赏花，还有花鸟集市、花坞花船等众多春日活动和装饰！拍照氛围感十足，很适合亲子情侣春日citywalk.???地点：青浦区蟠龙天地??交通：地铁17号线2/3号口 步行5分钟??自驾：导航至蟠鼎路P1-P2停车场.??【推荐打卡点】?梦呓花船铺满鲜花的小船在河中穿梭，很治愈！?水岸花坞桥上装扮的巨型樱花，很适合当背景拍摄，夜景也很好看?花鸟鱼市最近的一场4.4-4.6 11.00-20.00，众多鲜花绿植，文创零售，还有非遗体验，太好逛了！?樱花径靠近童心乐园，一排的樱花很适合拍人像。街区巷子里也分散着很多樱花，可以和建筑结合拍照??图18：游览地图	"
"五一假期又该把蟠龙天地列入假期打卡目的地啦！目前，上海蟠龙天地“江南风物季”已启动	首届“江南风物季”期间蟠龙天地将聚焦江南在地文化以与蟠龙历史渊源颇深的“织造”为题邀请织造领域创意机构与艺术家共同解构江南织物	作为江南水乡的蟠龙旧时以种植棉花为盛是江南闻名的扣布产地镇上布行、布市兴盛	此次蟠龙天地邀请致力于焕新地方手工艺的“叁喜意文化”聚焦江南织物中的上海非物质文化遗产“盘扣”工艺解构江南十二镂花纹样式并结合春日花朵以大型公共艺术装置的形式全新呈现	蟠龙天地与艺术家共创长达10米的巨型“盘扣龙船”活动期间龙船将在蟠龙湾航行邀请消费者登船体验船宴及龙船下午茶	蟠龙天地的戏台、牌坊、石桥、街巷等空间也将由盘扣“装点”在江南织物的细腻演绎里蟠龙天地焕新迎来一周年	此外，上海纺织博物馆将馆藏展品带到蟠龙天地在“诗经演・天工织物美学体验快闪空间”观众能近距离观赏清代的云肩、马面裙等了解中华织物的美学源流	“江南风物季”期间蟠龙天地还为市民和游客提供多样化的文化与消费体验	在蟠龙街巷内，消费者可体验多场古代江南职业情境互动也可参与“天选打工人”线上小游戏，了解江南风物的背后故事	在蟠龙天地原创打造的“蟠龙MIAO语”民众可体验赛博请福，收获福气和礼品	在“蟠小龙的店”收集“江南风物季”定制印章成为社交平台集章达人	亦可在多场手作沙龙亲身体验江南风物制作过程	此外，沪剧非遗传承人茅善玉青年国风音乐文化社群“氧音映社”等将带来多场演出让蟠龙的微度假之旅更有声色	同时，活动期间正值上海“五五购物节”蟠龙天地也推出众多互动演出和福利	蟠龙天地的原创IP市集“蟠龙水集”全面升级五一假期邀请100+名摊主参与既有与“织物”相关的东方美学体验亦有户外自然趣味的后备箱市集	ps:蟠龙天地目前已入驻160余家品牌，其中各级首店占比达75%，全国及上海首店达20%.	自2023年4月29日开业以来，蟠龙天地持续挖掘在地内容，共举办420余场活动和演出、近百场社群社区活动，打造差异化场景以联结消费者，吸引共计2500万客流，成为沪上市民“城市微度假”首选目的地之一。(来源：绿色青浦)"
??一个充满诗意与古韵的新天地――上海蟠龙天地！????位置与交通：?地址：位于上海虹桥商务区核心区域，具体地址是青浦区鼎誉路123号8弄。???地铁：地铁17号线直达，从地铁站出来步行即可到达，交通十分便捷。???自驾：导航至“进博会P12停车场（出入口）”，入场时收费20元/次/天，如果游玩时间比较长，这里停车比较划算。/??历史与文化：蟠龙天地的起源可以追溯到1400多年前的隋朝，这里曾是商贸云集、人才辈出的繁华之地。??在现代都市的喧嚣中，它宛如一颗璀璨的明珠，将古镇遗韵与现代生活完美融合。?/??商业特色：商业面积虽然不大（约5.3万平米），但拥有超23万平米的绿地和丰沛的自然水系，为游客提供了独特的购物体验。??这里汇聚了近20家上海及全国首店、60+家区域首店，无论是品牌选择还是商品种类都极为丰富。??精心打造的“蟠龙新十景”连接着蟠龙的过去与未来，让人们在购物的同时也能感受到江南水乡的韵味。??/?美食与休闲：不仅有Blue Bottle Coffee等知名品牌入驻，还有在地美食品牌“年之糕”，为大家带来记忆中的“江南味道”。??余德耀美术馆、“燃冉”青年艺术家孵化计划等文化活动也为游客提供了丰富的精神食粮。??近800平方米的宠物公园更是爱宠人士的天堂，可以带着毛孩子来一场愉快的聚会。??/?总结：上海蟠龙天地是一个集历史、文化、商业、休闲于一体的综合性项目，无论你是喜欢购物的时尚达人，还是喜欢寻找历史文化痕迹的探索者，都能在这里找到属于自己的乐趣。??
"从历史上看蟠龙最早可以追溯到距今1400年前的隋朝时期因水而兴的蟠龙旧时商业繁盛是一个典型的江南富庶水乡然而21世纪以来蟠龙风貌不再成为了一个典型的“城中村”	经过多轮沟通和公开遴选瑞安的改造方案脱颖而出最终成为了蟠龙“城中村”改造的实施主体	随着虹桥国际开放枢纽建设的推进距离国家会展中心（上海）只有一站地铁的蟠龙古镇不仅具有历史保护意义也有很好的文商旅开发价值	改造后的蟠龙天地于2023年4月29日开业迎客~	蟠龙古镇在保留着江南特色的基础上庵市、南市、北市及十字街精心打造“蟠龙新十景”打破千镇一面的刻板印象沉浸式感受另一种江南	2023年4月29开业以来蟠龙天地以“Culture文化唤醒、Nature自然融合、Future城市焕新”为理念关注江南在地文化新生以“蟠龙水集”“张灯结彩”“天地世界音乐节・水乐蟠龙”“光影上海・光予蟠龙”等众多活动打造独特的城市微度假体验~	"
"蟠龙天地真的太赞了[赞R][赞R]专属的宠物公园可以带狗随便撒野阳光好的时候，太治愈了没有狗狗去围观一下，也很有趣[哇R][哇R]	"
"听两脚兽们说今天毛孩子都玩的超开心??坐小车??荡秋千??走红毯???本周末必须C位出道安排！	迫不及待康康毛孩子的今日美照啦?? 欢迎大家明天继续嗨皮继续来玩儿！！！	?4.19-4.20 11:00-18:00??高地广场/萌宠乐园	"
在这个春日暖阳下蟠龙天地迎来了 1??周岁的盛典今年也迎来了首届江南风物季将江南的织造艺术融入海派都市的日常生活-超壮观的水上巨型装置??苏式盘扣江南龙船荡漾在湖面上香花桥、蟠龙牌坊、北市教堂附近油纸伞??每一处都展现着江南织造的独特魅力在诗经演・天工织物美学体验快闪空间里也领略到了江南织造的精髓-??宠物友好！有专属的宠物公园? 游玩建议：游玩2-3小时 想看夜景建议下午到-?? 地点：蟠龙天地（蟠鼎路123弄8号）?? 交通：地铁17号线―蟠龙路 3号口出 步行983m 自驾停车???? 门票：??-?? 马上到五一，正好迎来蟠龙天地首届风物季，这里是春天就要上春山的绝佳去处！快来蟠龙天地，感受城市微度假的轻松惬意，享受假日的悠闲时光吧！
"春天来了！快去踏青吧！	??蟠龙天地-蟠鼎路123弄8号，地铁17号线蟠龙路站2号口出步行大概600米，地下停车场8r/小时，交通超方便。	必打卡点位：1?? 香花桥：粉色龙蛇盘踞在桥上，桥身、桥下都能找到超棒机位，和龙蛇同框，浪漫又喜庆，分分钟出大片！2?? 蟠小龙的店：香花桥下的一家小店，窗景超美，粉色蛇灯映衬下，氛围感拉满，出片率超高！3?? 元古云境：紫色灯笼街，白墙黑瓦，国风意境十足，漫步其中，仿佛穿越回古代，随便一拍都是古风大片。4?? 程祠广场：蟠龙水集就在这里，各种鱼灯、年宵花、手工艺品，琳琅满目，好吃好玩好逛好拍，白天阳光加持已经很美了，晚上亮灯更是绝美，宝子们一定要来感受一下！5?? 涵春广场：两条巨型大红锦鲤，晚上会亮灯，喜庆度直接拉满，拍照超有氛围感！6?? 烟雨廊桥：江南风味十足，挂了两排大彩灯，16:00到22:00点亮，夜景超美，宝子们一定要来打卡！	不走回头路游玩路线：市街广场 → 香花桥 → 涵春广场 → 映月桥 → 北市街十字北街 → 元古云境 → 烟雨廊桥 → 蟠龙水集	"
??：要是我划这个船我要开心了??：感觉这个划船的老爷爷也没有很开心??：唉 毕竟是在上班
作为街区商业项目，四通八达的动线，相比于盒子型商业的简单明了，优缺点都非常明显。优点，当然是「乐趣」「游逛感」「自然自在」等体验，对消费者来说，符合当下无目的放空citywalk的趋势。缺点，恰恰也在优点的反面。消费者经常吐槽：“不知道有什么品牌、逛得晕头转向找不着北、找不到想去的商家位置”，商管团队内部也苦于“有客流却没有转化率，进店率低”等等问题。应对这个“只逛不买”的问题，其实未必要大量的SP活动、发券，而是，「让商家及其核心亮点的产品与服务，充分曝光给游逛的消费者」。蟠龙天地，在几乎所有位置的主干道、交叉口、通往二楼的楼梯处……各个位置，用统一的商家导视，充分地给各个商家引流、曝光，对商家而言，不会变成「藏在次动线或冷区的小透明」，对消费者而言，又能充分地了解有哪些品牌门店和产品，激发消费欲望。
?? 在标准化商业体泛滥的今天，上海蟠龙天地以“非标”姿态杀出重围――开业首月客流量超400万，节假日单日最高达20万人次，成为全国首个将“城市更新”与“微度假”深度绑定的现象级文旅地标。以下将从三个维度拆解这场“非标逆袭”背后的商业密码。1? 历史肌理与当代需求的“非标缝合” 不同于简单复刻青砖黛瓦的古镇改造模式，蟠龙天地首创“城市针灸术”：? 空间缝合：完整保留隋唐时期形成的“十字街巷”肌理，通过2-3米窄巷、0.46-0.7街墙比复刻江南水乡尺度，却在细节处植入现代工艺――70%屋面采用回收旧青瓦，空调设备藏于坡顶夹层，实现“形古而质新”。? 功能缝合：将23万O公共绿地切割为“古镇遗址区+亲子乐园+马术场+湿地公园”，让游客在200米步行半径内切换“逛展/遛娃/露营/看戏”多元场景。2? 文化资产运营的“非标范式” 项目团队深谙“文化不是展品，而是生产要素”：? 历史IP再造：挖掘《蟠龙镇志》中的“十景”传说，打造“新蟠龙十景”，如将废弃粮仓改造为余德耀美术馆，让乾隆年间的香花桥成为蓝瓶咖啡门店结构支撑，实现文化记忆的消费转化。? 非遗活态实验：引入普天同秤民艺馆、汉服工坊等非遗体验业态，配合二十四节气市集，形成“可触摸的文化供应链”。3? 微度假商业的“非标方程式 蟠龙天地破解了文旅项目“周末爆满、平日冷清”的魔咒：? 精准客群切割：瞄准“城市新中产”构建“5+2”生活圈――5公里内虹桥商务区白领解决日常消费，50公里半径家庭客群实现周末微度假。通过宠物友好设施、露天冰场等场景，将日均停留时长拉升至4.2小时。? 反传统招商逻辑：拒绝“连锁店大满贯”，引入50%区域首店，如将LADURéE马卡龙旗舰店植入清代木构民居，用“法式甜品+东方建筑”制造传播爆点。?? 数据背后的冷思考尽管年营业额预估突破50亿，但项目仍需警惕：过度商业化稀释文化浓度（现存7栋保护建筑仅占商业面积12%）节假日超载影响体验（国庆单日客流过7万）在地居民参与度不足（原住民回迁率低于15%）?? 当多数文旅项目还在“仿古建筑+小吃街”的泥潭挣扎，蟠龙天地用“非标”证明：真正的城市更新，是让历史成为流动的盛宴。这场实验的价值，或许不在于再造一个“网红”，而是为全国2000余个等待重生的古镇，提供了可复制的“活化样本”。
如果你问我上海哪里能够感受儿时年味，那我肯定首先给你推荐蟠龙天地～??。??江南百景 万家灯火，千盏巳物灯盏绚烂点亮，盏盏鱼灯随风起舞迎八方来客，打造乙巳蛇年美好江南灯会。更有巨型灵蛇彩灯盘绕千年香花桥上，传承非遗元素栩栩如生 萌态十足。??我觉得这是本命年最爱的一条萌蛇，你觉的呢？无论在那个方位，只要能和这灵蛇合影，绝对能收获属于乙巳蛇年的年度大片。??漫步桥畔水榭间一抹火红抓人眼球，非遗工艺打造的中国红鲤鱼花灯活灵活现随风游弋，与江南古镇的亭台楼阁，千盏蛇影灯一起点亮烟火人间，重现盛世江南年味灯会??。?????在古镇热闹的的小巷里随着人流串行，河边的廊桥旁突然传来了美妙的音乐声，闻声而至居然看到了水岸光影秀，水幕投影蟠龙十景，光影流转间讲诉老上海的人间百味故事，极致的中式浪漫在这光影间有了具象化。??温馨提示：过年期间人流众多，建议错开白天高峰期，晚上五点左右到达古镇，避开人从众??[捂脸]??美食提示：春节期间古镇每家饭店基本客满，吃饭建议先去拿号，然后附近逛逛或者先喝个咖啡奶茶用好心情等待美食??。??交通指南：地铁17号线蟠龙路站2号口出步行五分钟??自驾停车：建议停在麻六记旁边的P2停车场，八块钱一个小时，但是车位相对好找些。其他停车场春节期间白天基本都要等待半小时起步。
"从虹桥站乘车的时候如果足够时间宽裕17号线两站地铁就可以到达蟠龙天地夏夜走走也挺舒适整体很干净	"
"今天麻麻带我去蟠龙天地咯～又是工作日中午～又没想到还是有很多小朋狗[偷笑R]	"
"最近小龙又有好消息和大家分享啦！蟠龙天地近日入选文化和旅游部新一批“国家级旅游休闲街区”欢迎大家多来蟠龙走走，我们每天都有新鲜事~~！	走进“公园里的新天地”感受“人文的江南”在这里，每一个日常，都不寻常。URBAN RETREAT城市微度假目的地	We have a good news to share with you today！Panlong Tiandi has recently been selected as a new batch of ""National Tourism Leisure Street Blocks"" by the Ministry of Culture and TourismWelcome everyone to come and take a stroll around Panlong,We have new things every day~~!	Walk around  ""Xintiandi in the Park""Experience the 'Humanities of Jiangnan‘Everyday is unusual here.	Urban Retreat  Staycation Destination in Shanghai～	"
"?? 春日暴走实录 | 闯入江南的粉色结界在魔都，竟藏着一座被樱花与花船点亮的千年水乡！当手摇船载着花瀑划过涟漪，我才懂什么是「春和景明」的极致浪漫。青砖黛瓦的檐角轻托着千年时光，而香花桥头的巨型樱花装置正以每秒五厘米的速度坠落花瓣――那是江南写给春天的十四行诗。	?? 交通指南 | 地铁自驾双攻略?? ?地铁党福音：17号线蟠龙路站3号口出，过天桥步行5分钟直达核心区?? ?自驾党贴士：导航至蟠鼎路停车场?（P1-P5），8元/小时，推荐P1-2停车场出来即刻拥有樱花和大草坪！	?? 春日必拍打卡点 | 坐标直出1?? 梦呓花船・南墅泾码头（瑭所旁）?抓拍老爷爷摇橹载花船的瞬间，木质桥体与樱花同框，宛如《梦华录》剧照用长焦压缩河道纵深，拍出“花船入画”的奇幻感	2?? 水岸花坞・水曲桥/映月桥以桥上巨型樱花装置为背景，蹲低视角拍桥面樱花倒影，手机也能拍出“镜花水月”大片	3?? 蟠龙水集・程祠草坪（11:00-20:00）?俯拍花鸟鱼市全景，金鱼缸折射的光斑与人群形成天然滤镜	4?? 涵春鸟亭・涵春广场用广角镜头框住古亭飞檐与灵鸟群，瞬间穿越《知否》片场	"
蟠龙天地里的世外桃源
耐泶旱较幔梅雨季Y的江南水l雨朦V。避_了周末@Y的人潮ィ工作日享受幽o下午茶??r光。@期片子Y合了好多次眢待天地打卡的齑婕糨而成，K於可以放出砹恕
景观行18  ｜ 蟠龙天地：空间氛围非常的舒服松弛，尤其是晚上，一定要去逛逛
"Blue bottle 在内地的第四家门店空间是美的 坐在水边是舒服的看跨河的石桥旁边是船舶停靠的码头可以在玻璃移门构成的立面享受通透的视野仿佛在现代和历史当中穿行环境：??????????出品：??????晚餐是皖荟新徽菜出品：????????服务：??????????	"
"蟠龙天地又放大招啦??这里除了盛开的樱花，有趣的集市还有这艘吸睛的小船，满载繁花白天浪漫，入夜梦幻快来蟠龙天地 赴一场春天的花花世界之约	??"
"本来第一个想写瑞虹写“成片开发”也是因为朋友想买瑞虹但是自己一直对那一片有偏见怕开头没开好，还是先写蟠龙吧	蟠龙天地是瑞安在上海市的第五个”天地”系列项目也是在上海第二个成片的开发项目（第一个是瑞虹天地）蟠龙成片开发的信息还是挺杂的，就说说：1、生态2、商业3、住宅4、交通	生态环境是蟠龙先天优势蟠龙项目周边以城市绿地为主最终呈现的是“商业+生态”的产品这个也比较符合当下“POD”趋势（Park-Oriented Development）新杨思桃浦横沔北蔡楔形绿地等都强调生态均配套大量公园、水系、生态绿地	对于蟠龙商业，其硬件建筑本身是被弱化的（建筑有点粗糙[笑哭R]细节处理的不好）但运营、招商、物业等与人相关软实力会在这个新的空间内则会被放大目前来看，商业还是风风火火瑞安也是花了很大心思在活动策划上哪怕夏季炎热，人流量一直都很高	不过深扒之下，大多还是连锁商业为主商业氛围跟市区知名街区有差距还需要时间，慢慢沉淀	住宅，就不展开了新商品房比市区市区非豪宅舒适度提升了	最后聊聊，交通这个片区交通主要依靠地铁和自驾自驾体验，日常在非高峰期是没有问题的节假日的话人流量高体验一般整体驾车感受肯定是优于市区堵车的	地铁方面，从地铁站到片区核心区这个步行距离在夏季应该是让人很难接受的如果是老人或者是带孩子家长地铁交通这块其实是大大减分的（地铁的事规划开发很难干涉）（只能说一句“理解万岁”）	总结，蟠龙的成片开发，是“瑕不掩瑜”虽然说很多细节都让人觉得遗憾但是，确实是受到了大范围的认可目前周边资金价格还是远超预期的	这个项目，也是成了古镇“模版”经常就是xxxx版的“蟠龙天地”	后面，机缘巧合的类似产品迪士尼旁金茂申迪合作的“横沔玖境”跟横沔同时期传出的“召家楼天地”以及这两年没什么声音的前滩南（只出现在三林楼盘广告里的“筠溪小镇”）都免不得，把蟠龙天地作为案例研究了	"
"手摇船载着一船春意划过涟漪在瑭所的窗边，隔岸赏花敲碎透明的糖晶，切开粉色玉兰蛋糕待天色渐晚，食一桌元古的时令春鲜夜幕里点燃烛火，谨庆祝普通一日	春不止可以赏，可触、可闻、也可尝在上海的江南小镇，过了一个浪漫春天	"
"春节南下准备回京的上午无意间看到一张粉蛇花灯的图片打车去了蟠龙天地一处依托在古镇的新商圈粉蛇盘在一处古石桥上头身在桥一侧尾在桥另一处	古镇并不大所幸依旧能看到江南小桥流水的景致蟠龙天地离市区不近没有值不值去看到自己心心念念的风景就值"
在上海短暂的适宜季节，在微风阵阵的傍晚，在夜色撩人，风景如画的古镇水乡，坐在露天餐厅用餐，是怎样的感受？[得意]打造上海新天地的瑞安集团，在青浦蟠龙天地打造了一个古镇江南水乡的商业街区，整个街区囊括了大部分商业形态，主要为餐饮，且很多餐厅都为半开放式或有露天座位[调皮]上海适宜的季节短暂而珍贵，在古色古香的街区逛一逛，在露天餐厅能坐一坐，品尝点美食，看着撩人夜色，看着人来人往，用心发现生活的简单美好[愉快]
试着回答，纯个人感受与体验～觉得一是在地化改造，有历史有人文，谁不爱江南的小桥流水人家。二是是古镇也是现代商业，没有臭豆腐味[笑哭R]有干净的??。餐饮虽然本地化特色不明显，但选择丰富相对比较放心。又因为丰富的业态可以让游客停下来走进去呆一会儿，不至于让狭窄的街道摩肩接踵人挤人。三是运营运营运营。一年四季有主题，就比如春天的花船，囊括一切春日元素的市集，真的是太懂了。而这些拍照点并不是集中一处，处处皆景处处可拍。
春天来了 趁周六天气好和男朋友约着去附近的古镇转了转有好几家卖花的小摊五颜六色 各种各样的花真的好美这里风景和建筑很好看今天太阳好大 晒的人懒洋洋的喝了茉酸奶 吃了芝士牛肉卷明天又是加班打工的一天加油??
上海青浦徐泾 
吃了午饭散步到蟠龙天地看到这里搭建了一个没见过的装置，似乎是宠物的游乐园，蛮有意思的！好多小狗在里面玩，秋千看得我也想进去荡一下呜呜但我已经是大人了，不仅坐不下，周末大小周还要上班！这玩意好像周六正式对外营业，还看到有些装置可以走红毯什么的，狗的命比我好明天我要悄咪咪的来摸狗释放一下工作压力！
"岁岁有风，风拂岁岁慢慢即漫漫期盼以年年有余的从容消融尘世所有的匆忙奔波愿旧梦皆已圆，新岁有新盼愿山高路可行，水深舟可渡―――――――――――――――――――??｜蟠龙水集|乙巳庙会?｜1.17-1.19/1.30-2.4/2.12-2.16 (11:00-21:00)??｜上海蟠龙天地??｜R6II+RF70200f2.8???｜Lightroom	"
现在那些靠着复制粘贴的古镇正在慢慢消失，可上海蟠龙天地这个带着浓浓“商业味”的古镇，却在春节期间，单周销售额直接超过3000万，客流更是突破了百万大关，它到底做对了什么？咱们今天就拆开来看看。视频来源?@李晨晨｜商业更新观察?，已授权。?
"【年古镇“活”了！一条灵蛇灯点亮魔都最惊艳的江南年】“当非遗彩灯遇上千年水乡，连空气都浸透了年味。”站在蟠龙天地的香花桥上，一条由国家级非遗传承人手工打造的巨型灵蛇灯蜿蜒于古桥与流水间，蛇身披鳞、祥云缭绕，仿佛下一秒便要化龙腾空。夜幕降临，千盏蛇影灯随风轻晃，灯笼上的蛇纹暗藏玄机，水榭旁的红色鲤鱼灯与灵蛇遥相呼应――这里没有豫园的摩肩接踵，却能独享一场“非遗版”的沉浸式春节。谁说上海年味淡了？蟠龙天地用一场“巳物影・江南年”告诉你：儿时的烟火气，从未走远。	??地址：上海蟠龙天地1??新春市集??蟠龙水集?・乙巳庙会??1.17-1.19 / 1.30-2.4 / 2.12-2.16??11:00-21:00??程祠草坪2??蛇年灯会??巳物影・江南年??即日起2025.2??香花桥、涵春水榭、北市街、映月桥3??春节活动??非遗舞龙舞狮演出??活动时间2025.2.2（初五）10:00-11:002025.2.5（初八）10:00-11:002025.2.12（元宵）17:00-18:00??祈福广场??非遗皮影戏演出??1.29-1.31（初一至初三）??每日17:00、18:00、19:00、20:00整点（每场演出15分钟）??蟠龙天地戏台	??门票：免费??富士XT5	"
位置:蟠龙水集交通:17号线2号口镜头:35gm
上海，一座造公园上瘾的城市，前些年满大街冒“口袋公园”，去年开始连公园围墙都给拆了，24小时大门敞开。更绝的是商场也在跟着魔改，让商业更自然，更社区，也更像公园。造丛林造院落，还原古镇气质，给城市铺上公园地毯，既老钱又玩自然艺术，这次，我们来一起沉浸式聊聊上海的公园商业。 
挺美一小镇，晴天的景很出片
??一个充满诗意与古韵的新天地――上海蟠龙天地！????位置与交通：?地址：位于上海虹桥商务区核心区域，具体地址是青浦区鼎誉路123号8弄。???地铁：地铁17号线直达，从地铁站出来步行即可到达，交通十分便捷。???自驾：导航至“进博会P12停车场（出入口）”，入场时收费20元/次/天，如果游玩时间比较长，这里停车比较划算。/??历史与文化：蟠龙天地的起源可以追溯到1400多年前的隋朝，这里曾是商贸云集、人才辈出的繁华之地。??在现代都市的喧嚣中，它宛如一颗璀璨的明珠，将古镇遗韵与现代生活完美融合。?/??商业特色：商业面积虽然不大（约5.3万平米），但拥有超23万平米的绿地和丰沛的自然水系，为游客提供了独特的购物体验。??这里汇聚了近20家上海及全国首店、60+家区域首店，无论是品牌选择还是商品种类都极为丰富。??精心打造的“蟠龙新十景”连接着蟠龙的过去与未来，让人们在购物的同时也能感受到江南水乡的韵味。??/?美食与休闲：不仅有Blue Bottle Coffee等知名品牌入驻，还有在地美食品牌“年之糕”，为大家带来记忆中的“江南味道”。??余德耀美术馆、“燃冉”青年艺术家孵化计划等文化活动也为游客提供了丰富的精神食粮。??近800平方米的宠物公园更是爱宠人士的天堂，可以带着毛孩子来一场愉快的聚会。??/?总结：上海蟠龙天地是一个集历史、文化、商业、休闲于一体的综合性项目，无论你是喜欢购物的时尚达人，还是喜欢寻找历史文化痕迹的探索者，都能在这里找到属于自己的乐趣。??
在这个春日暖阳下蟠龙天地迎来了 1??周岁的盛典今年也迎来了首届江南风物季将江南的织造艺术融入海派都市的日常生活-超壮观的水上巨型装置??苏式盘扣江南龙船荡漾在湖面上香花桥、蟠龙牌坊、北市教堂附近油纸伞??每一处都展现着江南织造的独特魅力在诗经演・天工织物美学体验快闪空间里也领略到了江南织造的精髓-??宠物友好！有专属的宠物公园? 游玩建议：游玩2-3小时 想看夜景建议下午到-?? 地点：蟠龙天地（蟠鼎路123弄8号）?? 交通：地铁17号线―蟠龙路 3号口出 步行983m 自驾停车???? 门票：??-?? 马上到五一，正好迎来蟠龙天地首届风物季，这里是春天就要上春山的绝佳去处！快来蟠龙天地，感受城市微度假的轻松惬意，享受假日的悠闲时光吧！
可可爱爱，心情愉快??????大家可以去逛上海蟠龙天地的HARMAY话梅店铺，是面包工坊主题店，里面有TYAKASHA的店中店，有许多专属定制的产品可以买到[色色R][大笑R][派对R]
・设计师力求避免传统商业演出空间的繁复装饰与夜店属性通过声学空间的原型探索及自然材料的使用增强火塘特有的文艺性和精神性使其成为供人疗愈心灵的场所及精神文化空间・项目名称：漾应的火塘蟠龙天地店项目地点：中国上海???????????? ????：上海实在建筑设计工作室.
蕞近都开了，特意来蟠龙拍照游玩，还解锁了一家潮汕融合餐厅??！工作日点晚上居然满坐，一定很好吃??！春季上新香椿豆腐，将香椿芽与白水洋豆腐搭配，口味清淡清爽、满是春天的气息。半煎煮海鱼，保留海鱼鲜味，尽显潮汕菜对食材本味的追求。砂锅妙龄乳鸽，非常有特色，肉质鲜嫩多汁，在外面没吃到过这种口味的，hin推荐，如果头一回来这边吃饭一定要试试！冰皮抹茶糕、桂花酒酿米浆，口感清甜，为味蕾带来别样享受。就餐时特意点了潮汕比较有代表的凤凰单枞，聊天品茗，尝着美味，惬意十足。无论是菜品还是环境，这里都是朋友聚会的不二之选，透过窗外樱花一览无余开的正旺，此刻，沉浸式感受这份春色！！??
"这是离虹桥枢纽最近的一个小镇，是上海首批城中村改造项目之一，也是老东家的项目，总体感觉它既是古镇又是区域商业；说起蛇年将近，谁能拒绝这满满少女心的粉龙蛇呢！整体小镇新老建筑错落有致，怎么看都不会腻！重点是沿河岸的餐厅咖啡店都有景观位，坐在河边吹吹风，看看小桥流水，放空一下！真非常舒服，也是冬季晒晒太阳的好去处！	蟠龙天地位于上海虹桥商务区，是瑞安房地产Urban Retreat城市微度假产品线的首个项目，其前身蟠龙镇始于隋、建于宋、兴于明清，拥有1400余年历史?。小镇以“文化唤醒、自然融合、城市焕新”为理念，保留了传统十字街的空间肌理，修缮了20多处历史建筑，如程家祠堂、香花桥和凤来桥等?。在建筑风貌上，承袭江南水乡“粉墙黛瓦”的特色，并融合现代设计，形成了新老建筑错落有致的布局?。	PS：近期还有新春庙会蟠龙水集，年味氛围拉满！小镇宠物友好，不用担心“娃”一个人在家！特别点赞17号地铁线上海话方言报站！这应该是我继广东，香港，乌鲁木齐第四个听到地铁方言报站的城市！	??地址：蟠龙天地（青浦区蟠鼎路123弄8号）??公共交通：地铁17号线蟠龙路站2号口，出地铁沿着指示牌走天桥步行12分钟??：蟠龙天地PL1停车场C区，离小镇方便，出来就可以吃吃喝喝逛逛??：FUJIFILM XS-20 /XF16-80??富士相机参数：｜滤镜：CC｜颗粒效果：关｜色彩效果：强｜ 彩色FX蓝色：强｜白平衡：AUTO白色优先 R-2B-2｜色调曲线：H-2 S0｜色彩：+1｜锐度：+2 ｜高ISO降噪：0｜清晰度：0??富士相机参数（暖调）：｜滤镜：CC｜颗粒效果：关｜色彩效果：强｜ 彩色FX蓝色：强｜白平衡：AUTO白色优先 R+2B-2｜色调曲线：H-2 S+1｜色彩：+1｜锐度：+2 ｜高ISO降噪：-4｜清晰度：0	"
?? **「魔都新爆款出片圣地！蟠龙天地24小时胶片感攻略请收好」** ??? **【一半水墨江南，一半摩登幻境】**白墙青瓦摇橹船，玻璃幕墙映晚霞谁说古镇只能穿汉服？西装牛仔裙和百年石桥同框竟也毫无违和感！?? **??必拍机位**? 古戏台转角处・绿竹与钢筋的几何切割? 水巷咖啡馆・把夕阳装进鎏金拿铁? 程家祠堂光影墙・树影斑驳泼墨成诗? 石板桥俯拍・游船划开天空之镜?? **【追光时刻表】**??15:00-17:00｜玻璃廊桥的「克莱因蓝」倒影??17:30-18:30｜金色潮汐漫过马头墙（带反光板！）??19:00后｜灯笼亮起时穿越千年的电影感??Tips：穿素色更高级！广角拍建筑张力，长焦抓屋檐与云对话九宫格根本塞不下这里的层次感，手机调色往「青橙撞色」拉满！**你更爱哪个时刻的蟠龙？**????评论区蹲调色教程/机位导航
"来上海游玩不一定非要去市中心人挤人推荐??虹桥机场附近的三处绝美拍照地可以沉浸式感受魔都独有的海派文化气息	??闵行区博物馆共有三个主题的陈列展厅，一定要去看二楼的《上海县七百年展》，诉说了从古至今的上海发展，追根溯源的同时还复原了许多曾经的场景，土著看了也大受震撼！旁边还有一个宝龙美术馆可以一起参观	???蟠龙古镇1400多年前就已存在的水乡古镇，千年后被改造修复成了蟠龙天地商场，但依旧保留了“江南会客厅”般的复古原貌，建议傍晚时刻来，刚亮起灯的古镇建筑真的绝美！	???虹桥凤颐酒店以“一城一境”的理念，用魔都南洋旧梦作为主题完美展现了传统海派?时尚摩登的交织感??整个公区一步一景，每一处都很出片??坐上八角亭里的黄包车穿越回老上海??走进后花园感受户外泳池和绿意盎然??感受中式茶艺室与西式壁炉的雪茄吧???42平米起，3种主题房型宽敞又舒适??雅致的用餐环境，高颜值与美味并存	"
蟠龙天地花鸟水集，是春天的气息呀[扯脸H]
2023年11月蟠龙天地～鲜牛腩砂锅煲
昨天我们导盲犬狗狗小队去了位于青浦的上海蟠龙天地游玩，狗狗们在草坪上玩得可开心了。
现在那些靠着复制粘贴的古镇正在慢慢消失，可上海蟠龙天地这个带着浓浓“商业味”的古镇，却在春节期间，单周销售额直接超过3000万，客流更是突破了百万大关，它到底做对了什么？咱们今天就拆开来看看。视频来源?@李晨晨｜商业更新观察?，已授权。?
天空飘着细雨，在光影映衬下，蟠龙天地美出了新高度！
玩了一年皮划艇（也就划过5次[笑哭R]）第一次参加比赛 @跳岛 举办的 船@MRS先是手划船抢鸭子 一群成年人瞬间比小孩还疯[笑哭R]然后单艇赛和团队赛超好玩 二拖一也第八名有奖品 有粽子吃 还有超敬业的工作人员 大家都很享受也可以按时间租船感受一下?@上海蟠龙天地 水很干净 商业发达 很多可以逛 吃的喝的玩的 遛娃很好。晚上灯光好看，还有灯光秀三岁的娃今天超给力 也享受到了 居然也要自己划不一样的端午[大笑R]
??地址：青浦区蟠鼎路123弄8号??交通：地铁17号线蟠龙路站3号出口??停车：5个停车场，8R/小时?时间：3-4小时逛完，喜欢打卡美食的集美们可以下午过去，晚上在看个夜景，晚上7点钟左右人流量比较少。??美食百年龙袍蟹黄汤包馆环境古色古香，大众点评上面点了全家福双人套餐实际上是三个女生吃刚好合适的量，我们两个人吃不完，黄金蟹粉板面/鲜虾小馄饨这两个挺不错的。香港林糖水环境复古港风，点了一份香芒雪糕拉面，两个人尝一尝份量很足，点评说一般糖水铺子水准，我个人觉得还不错的，看自己口味吧。Tapa Tapa环境在沿河二楼，可以看到湖景和古镇风光，适合拍照和用餐，我们没有吃他们套餐，三个人的话就吃套餐比较划算，量很足，点了三个菜只有海鲜塔不是很满意，品质一般北娥螺有点腥。总体逛下来感觉还不错的，吃吃喝喝，边逛边休息，有靠河的咖啡店和差馆，很喜欢这种有很多可以坐着休息的地方，逛累了休息下接着走，我们过去没有赶上水集，以后有机会再过去吧??
第一次带小崽子打卡线下好朋??好朋??的大趴体??地点：上海蟠龙天地逆子出门秒变菜猫，全程哈或被哈个不停??天气真热呀，不光爆炸头墨镜造型没用上，衣服都当场剥掉了[满月R]姨姨们才是小崽子的舒适圈，古镇风建筑超搭的，最后依旧在一声声“好帅”“好可爱”中迷失自我[种草R]吧唧和社交贴贴都get啦[种草R]感谢@德文卷??社牛喵俱乐部 提供的伴手礼小崽子当场开动，吃完又可以??????啦
"48H上海咖啡日记3 蓝瓶咖啡 BLUE BOTTLE 蟠龙天地	村里没有，到了上海必喝。	平时举铁没白练，为了对齐颗粒度，两只手要断了，废片率99%。	这家蓝瓶店面设计感并不强，利用了原有古建筑。	关山樱花拿铁，糖浆太甜。	最后喝这一杯，飞回北京。	牛马有自己的“快捷通道”和“头等舱”[笑哭R]	"
挺美一小镇，晴天的景很出片
"蟠龙天地每一季都很好看，怎么拍都好看，在河边清闲的吃个漂亮饭，非常惬意。吃完饭直接夜景散步，真的是泗泾人的后花园，不知道吃什么，来蟠龙天地就可以了。	"
"最近带家人又去逛了蟠龙天地人很多很热闹感叹为何蟠龙天地好像越来越火比我上次来人还要多～个人觉得大概有如下原因吧????地下停车场，停车位充足????离市区近，但又有“乌镇”风光，很适合周末staycation????宠物友好，可以遛狗????有免费的儿童乐园，周末超多小朋友在玩????有好逛的市集，甚至可以买到花花草草和农家产品????有很多环境不错味道也不错的餐厅（不像很多景点都是千篇一律的臭豆腐和烤串），就是排队有点久～～建议去之前提前在美团预约好！	我带老妈去的是Foodie Tempo美 ・ 时（蟠龙天地店），差不多提前三个小时团好套餐然后预约到店时间的，到店可以直接就餐！她家一楼有河边的景观位，不过我更推荐二楼的户外景观位！很安静惬意，可以避开人群嘈杂～我们在美团团了一个双人餐，再单点了几个菜，酱烤猪肋排和鹅肝蘑菇烩饭很好吃！大家可以上美团??【美时888】抢尝鲜包，花小钱体验隐藏吃法，美团独享限时尝鲜优惠	"
"[红色心形R]【蟠龙天地｜花间市，过春天】原本以为要错过魔都的樱花季了，心里满是遗憾。没想到，在蟠龙天地遇上了春天最后的浪漫。穿梭在亭台楼阁间，遇见几树樱花开的正盛。坐在树下，花瓣零落下来，洒在台阶上、肩头，甚至有几瓣调皮地飘到水杯里，似乎要酿一杯樱花饮给我......此间乐，不思蜀。――――――――――――――――[蓝色心形R]【春日打卡点】今年是D1次来看蟠龙赏樱花。在蟠龙庵旁有一片樱花径，仿古建筑之间也点缀了一些，还挺搭。此外，蟠龙还精心打造了多处春日主题装置，正是赏花好时候。[一R]梦呓花船：装满繁花的梦中小船[种草R]位置：南墅泾码头	[二R]樱花径：小河两岸盛开的樱花[种草R]位置：蟠龙庵旁	[三R]水岸花坞：水曲桥和映月桥上巨型樱花装饰[种草R]位置：水曲桥	[四R]水岸花瀑布∶蟠龙市河两岸花开如瀑[种草R]位置∶香花桥旁	[五R]南市花街：彩色花瓣铺装的商业街[种草R]位置：南市近gaga	[六R]蟠龙水集：以花鸟鱼虫主题集市[种草R]位置：程祠草坪	[七R]涵春鸟亭：鸟语花香[种草R]位置：涵春广场	[八R]余德耀美术馆∶油菜花田[种草R]位置：余德耀美术馆――――――――――――――――――[紫色心形R]【游览路线】樱花径(蟠龙庵旁)->蟠龙水集(程祠草坪)->梦呓花船(近香花桥)->水岸花瀑布->涵春鸟亭->水岸花坞(瑭所)->南市花街->余德耀美术馆油菜花."
“一半素心以清简，一半寂静许清欢”
最后半天去蟠龙天地走一走，下一站淮安
"周末驱车25km去蟠龙玩啦以下是攻略1. 交通：自驾:导航至“上海蟠龙天地”，古镇设有停车场。公共交通:地铁17号线蟠龙路站下车2号口，步行约10分钟即可到达2. 游玩路线：核心游览区：蟠龙庵、程家祠堂、天主教堂、香花桥、凤来桥等。特色体验：乘坐摇橹船游览古镇水系，感受江南水乡的独特魅力。美食推荐：大虾泰泰 好吃3. 住宿推荐：古镇周边：选择古镇周边的酒店，性价比更高。建议游玩时间：半天。	在快节奏的都市生活中，来蟠龙古镇寻找心中的诗和远方。在这里，你可以放慢脚步，感受生活的美好，找回内心的平静。"
看到上海蟠龙天地近日有春日限定花鸟鱼市，便在周末驱车前往，晒晒太阳踏春去~在这真切感受和期待，春天生命力已经压按捺住啦~??偶遇一支花船，阳光洒在上面，花瓣闪烁着微光，这一刻，所有的烦恼都被治愈了~「涵春鸟亭」：笼子里许多小鸟在春日阳光下跳跃，寓意生机勃勃，超有春日氛围！天呐噜终于知道樱花季要和朋友去哪玩了??实在太好玩了快带你好闺闺来，真的hin好丸~??
清明打卡蟠龙天地，虽然是纯粹人造古镇，但感觉还不错，里面引进的商户个人觉得还是可以逛一逛的
"??：xt50+23f1.4坐标：上海蟠龙天地！！青浦人气最旺的商场真的建议大家真的要来看看[哇R]	"
"哈喽，友友们～[害羞R]哪怕辞职了也不要在家emo哦～――――――――――――自己一个人撸了个妆容，去蟠龙天地逛逛啦～	?总结：这里其实就是一个古镇化的商场[笑哭R]，里面很多河边吃烛光晚餐的西餐厅，拿个小夜灯～氛围感十足！下次约会选这里～（ps：价格略微昂贵）也有很多没那么贵的米线，奶茶，云南菜～	?很适合和朋友来约会拍照	?养狗人必去是个带狗狗散步的好地方！	――――――――――――――最近科目三kuku练车ing～终于上路了～好兴奋	"
"上海不仅是摩登都市，更是诗意江南。今天，我们推出三个中式城市更新项目，将传统与现代完美融合，在春日感受诗意江南，快收下这份打卡指南??	1. 广富林文化遗址：水下博物馆里的“上海之根”?? 特点：4000年历史的文明遗址，被称为“上海之根”！标志性水上金字塔博物馆悬浮湖面，水下展区展示先民生活场景，还有古寺、书院、稻田，一秒坠入历史长河。?? 打卡点：水下博物馆：穿越时空看崧泽文化到近代的文物，玻璃幕墙外是碧波游鱼，科幻感拉满。富林塔与红墙：唐风建筑搭配春天的樱花，仿佛京都小景。朵云书院：明代徽派老宅改造的书店，庭院竹林喝茶超治愈25。?? Tips：穿素色衣服更出片，适合一日游！P1-5	2.蟠龙天地：摩登江南的“公园商业综合体”?? 特点：千年古镇变身“公园里的新天地”，保留十字街、古桥水系，融合艺术展览、户外运动、网红餐饮，年轻人扎堆的微度假胜地！?? 打卡点：余德耀美术馆：老粮仓改造的艺术空间，定期有先锋展览。Blue Bottle咖啡：百年老宅里的蓝瓶咖啡，坐在天井看小桥流水。户外马场与皮划艇：上海首座户外马场，体验骑马划船，野趣十足39。月见蟠龙光影秀：夜间灯光点亮水乡，游船穿行如画中游。?? Tips：地铁17号线直达，宠物友好！周末市集和汉服活动超多，记得尝非遗叶榭软糕P6-11。	3. 世博文化公园・申园：浦江畔的古典光影秘境?? 特点：藏在世博文化公园里的江南园林，以“城市山林”为理念，复刻传统园林的叠山理水、亭台楼榭，夜晚还有沪上首场古典园林光影秀“申园满庭芳”，十二花神主题的沉浸式演出，笛声、戏曲与光影交织，一秒穿越千年！?? 打卡点：光影秀：杜鹃绽、梅花引等八大主题场景，脚下繁花盛放，水幕倒映圆月，超梦幻！园林八景：古柯晚渡、荷风鱼乐…纯木榫卯建筑细节满分，穿汉服拍古风写真绝配！?? Tips：19点后入园看光影秀，门票需小程序预约。P12-16	?? 交通指南：申园：地铁13号线世博大道站，步行10分钟。广富林：地铁9号线松江大学城站，打车10分钟。蟠龙天地：地铁17号线蟠龙路站，出站即达。	?? 穿搭建议：新中式穿搭、汉服或简约纯色系，搭配折扇、油纸伞更出片！上海的城市更新，不止于建筑，更是一场文化与生活的复兴。快来这三个地方，感受传统与现代碰撞的“中国式浪漫”吧！??"
"果然是上海～夏天除了博物馆还真有好玩又凉快的地方????你以为是商场，其实是依水而建的古镇，你以为是江南古镇，其实是商场，还自带市集的那种??上海的后花园，不用跨市。随处可见的凉亭，3分种喷一波水汽真的凉快??巨型大冰块，随地大小摸??还有冰推车的汽水饮料，比冰箱更凉快，赶水集还是很有意思的，每一处都值得打卡??蟠龙天地，你是真懂年轻人啊，在这里吃点东西，逛个街，赶个集，听听草地音乐??喝一杯，太惬意啦	"
"就在上海蟠龙天地的「花鸟水集」???，带你穿越花海，玩转春日啦！	趁着休息和朋友浅玩一下，这些地方真的巨美巨划算~	??梦呓花船――满载鲜花的小船，把春天全装了进去！氛围感超绝 光影?照下来整个画面酝酿着浓浓诗意??	??涵春鸟亭：涵春桥边的鸟亭，小鸟们超活泼！站在亭子里，听着它们叽叽喳喳，感觉整个人都被春天的活力包围了！	??「蟠龙水集・花鸟鱼市」，真的热闹非凡！春日气息十足，浓浓烟火气！?：3.21-3.23\3.28-3.30\4.4-4.6，如遇雨天活动可能取消哦	来这里，熙熙攘攘的初春，真的好不热闹??！	"
"打工牛马内耗满格的一周过完想要找个地方短时间回??+0元rua??的话那一定是――蟠！龙！天！地！	??赶上了这周的 City Pet宠物巡游真的是在人群和小猫小狗群的N重包围中原地复活！	????? 超多毛孩子排着队巡游狗狗车队、小狗荡秋千，还有吧唧风铃DIY每一只都像情绪小补丁，一路rua过去，感觉全身的打工怨气都被吸走了	?0元撸狗+春日晒太阳+宠物互动体验这种满满幸福感强谁懂啊！	??最惊喜的是――这届“天地绿动生活节”绿心社区“好绿友”计划上线了！? 自带杯买咖啡? 徒步逛宠物集市? 绿色消费 + 活动签到都能积攒“??心” 兑换再生材料做的春日疗愈小礼：艾草按摩捶、种子卡片，真的环保又贴心！	??不夸张地说蟠龙天地＝狗界的环球影城＋打工人的松弛游乐场来rua狗、沐春风、攒绿心，顺便赶走一整周的负能量就问这还不快快冲嘛～	"
上海蟠龙天地，无意间发现的上海宝藏商圈，非常好逛！
蟠龙镇的兴起应该得缘于水陆交通的蟠龙港，之前看上海和青浦的地方志里提到过这个地名。说它像个江南古镇，其实又不太像。建筑都是翻新的，商业受众不是面对本地人的，大部分没有水乡特色，绿化和布景又刻意又精致，充满了资本家的设计味道。河道里的水干净得堪比平江路。总之看起来像一个沉浸式古镇经营游戏沙盘。说它只是个接着古镇壳子开的商场，又不完全是。至少小桥流水，粉墙黛瓦，评弹、花灯之类的基本元素看起来像模像样。一些原生故事和建筑历史也被发掘了。让人逛起来至少一路上有新发现。原来生活在蟠龙镇的人看到此情此景，是什么想法呢[看R][公路车R]交通：地铁17号线蟠龙路，距离虹桥火车站两站路；自驾的话停在进博会p12，一次20；
五一小长假如果不想出去堵车堵心，也不想宅在家中无所事事，推荐来蟠龙天地的江南风物季吧。美轮美奂的苏式盘扣江南龙船、热闹非凡的蟠龙水集、高雅动听的古曲新声，天工织物的美学体验……走过古色古香的香花桥，穿越精美绝伦的蟠龙牌坊，穿梭琳琅满目的江南风物，在这里发现“生活的另一种写法”，收获足不出沪的微度假心情。
在魔都想要超前体验浓浓的新春年味，赶紧来蟠龙天地吧。这里的灯会绝对会惊艳到你，不容错过的主要灯组：1.香花桥：超赞的大型蛇年灯组，2.涵春广场：喜庆的巨型鱼灯3.烟雨廊桥：独特的大号灯笼4.北市街：浪漫的紫色灯组5.还有星愿树、涵春桥各种打卡点，整个蟠龙天地就是一个新春灯海。此外，还有蟠龙水集乙巳庙会，非遗表演，年味直接拉满。想感受新春年味还有喜欢拍照的小伙伴们可千万别错过啦！Tips:蟠龙水集 乙巳庙会：时间：1.10-1.12、1.17-1.19、1.30-2.4、2.12-2.16 的11:00-21:00 地点：程祠草坪非遗灯影舞龙醒狮：时间：2025.1.1(元旦) 17:00-18:00、2.2 （初五）10:00-11:00、2.5（初八）10:00- 11:00、2.12（元宵）17:00-18:00交通：地铁17号线蟠龙路2号口，出来过马路，到蟠鼎路进。
果然带孩子们来蟠龙天地没错，蛇年新春氛围已就绪啦[福R]路边到处都装点了紫色的灯笼。[福R]一条巨型灵蛇环绕在香花桥上，穿梭在水边街巷之中。[福R]两条红色大鱼悬浮在水边廊桥上。晚上的时候，灯亮起来，也太好看了。.在巨大灵蛇河对面，可以关注领取限定印章??太好看了！有十几个印章??盖，也可以自己带本子来盖呢，都是蛇年限定。.一路走到了蟠龙水集・乙巳庙会??一如既往的热闹，有很多活动，都特别有年味。孩子们东瞧瞧西看看，因为穿的太喜庆了，还引来了不少人围观。孩子们用积分参加了拓印活动，孩子们非遗体验?1过阵子还有许多的新年活动和非遗演出呢，期待一下.??市街广场的'星愿树'，在天黑的时候太好看了。孩子们把新年的期待写在小纸条里塞进邮筒??祝?希望蛇年，巳巳如意呀！.
蟠龙天地&小红书宠物友好level up！！！！！！现场的毛孩子各凭本事，各种花式炸街，吸睛无数！彭茶茶和钱多多做了吧唧许愿签，同时也为无法到场的B崽子和家长们也做了N多的吧唧，幸福感满满现场也碰到了彭茶茶的女粉，被女粉围起来撸的那种感觉，尽在不言中！最最关键的！今天见证了彭茶茶和钱多多“结婚登记仪式”感觉今天的蟠龙天地聚集了上海三分之一的人！活动还在继续，想要撸毛孩子的ee们，速速来吧！彭茶茶还在哦PS：它博会期间，彭茶茶会在狐B王国站台，想撸的ee们记得来约来撸！
余德耀美术馆新馆位于蟠龙新镇紧邻河道的绿环之中，我们用廊道将其划分成由西南水稻田、西北草坪广场、东北河埠头、东南美术馆组成的四象限空间格局，交汇处的庭院成为美术馆的半室外玄关，将艺术活动向外延展，链接当地文脉，营造出可以交互转换的共有文化空间。由传统变异而来的“半山墙”、“双飞檐”构成了建筑的基本语言。半墙左右交替支撑的双飞檐廊，用互承结构的方式交织成整个廊院系统。内部空间则在延续这一语言的同时回归双坡顶，并引入柔和的自然光。相同的模数、结构、材料融合了建筑里外的界限，实现了不同场景之间的交互与共有。地点：上海市蟠龙天地功能：展览、文化交流活动、咖啡厅面积：1868.5O（地上889.9O；地下978.6O）
"?? 春日暴走实录 | 闯入江南的粉色结界在魔都，竟藏着一座被樱花与花船点亮的千年水乡！当手摇船载着花瀑划过涟漪，我才懂什么是「春和景明」的极致浪漫。青砖黛瓦的檐角轻托着千年时光，而香花桥头的巨型樱花装置正以每秒五厘米的速度坠落花瓣――那是江南写给春天的十四行诗。	?? 交通指南 | 地铁自驾双攻略?? ?地铁党福音：17号线蟠龙路站3号口出，过天桥步行5分钟直达核心区?? ?自驾党贴士：导航至蟠鼎路停车场?（P1-P5），8元/小时，推荐P1-2停车场出来即刻拥有樱花和大草坪！	?? 春日必拍打卡点 | 坐标直出1?? 梦呓花船・南墅泾码头（瑭所旁）?抓拍老爷爷摇橹载花船的瞬间，木质桥体与樱花同框，宛如《梦华录》剧照用长焦压缩河道纵深，拍出“花船入画”的奇幻感	2?? 水岸花坞・水曲桥/映月桥以桥上巨型樱花装置为背景，蹲低视角拍桥面樱花倒影，手机也能拍出“镜花水月”大片	3?? 蟠龙水集・程祠草坪（11:00-20:00）?俯拍花鸟鱼市全景，金鱼缸折射的光斑与人群形成天然滤镜	4?? 涵春鸟亭・涵春广场用广角镜头框住古亭飞檐与灵鸟群，瞬间穿越《知否》片场	"
蟠龙水集也是我想记录的一个部分。这个集市存在于整个项目西侧的边缘区，是在滨水的，桥边的一片砾石区。集市里面有常见的饰品，玩具，3D打印的模型，烤肠什么的零食，比较让我有记忆点的是他们跟科研机构合作，卖玉米。画海娜的小姐姐说，他没想到国庆7天，3甜是下雨天，晴天的时候人比较多，下雨天人不是很多，但还可以，不是一个人都没有的那种。生意主要是带小孩的会有消费，年轻人不多，也会消费，中老年群体消费会少一些。来消费的人主要是买零食会多一些。虽然说现在集市有很多，但我个人感觉，我比较少会在这种集市上消费，虽然做个人工作室的有很多，我也加了很多做手工的，做甜酒的，做香水的七七八八的微信，但还是感觉整体集市上的东西价格会比较偏高，当然个性是个性没错，毕竟也是摊主的一片心血，很多也是用不到的小工艺品啥的，带回家玩两天就闲置了。吃吃喝喝到还好。我比较印象深刻的是，在长宁国际的一个集市，在卖梅见的摊位体验投壶。还有一个是在南丰城的中秋集市，体验自己做香包，还可以在走廊中间跟路人下五子棋。希望很多的集市这种体验性的项目更多一些吧。
"这个周末在蟠龙天地高地广场举办了宠物友好巡游活动，现场好多可爱的装置，带着悠酱一个个打卡～悠酱遇到了不少小狗狗～都好可爱呀	我最喜欢茶杯，还有花车巡游，悠酱上场时还单脱手！一看就是老司机[大笑R]	蟠龙天地真是铲屎官们宝藏遛狗胜地～太好逛啦	??：免费????：宠物友好???：P1P2P5都有车位，P5离得最近，8元/小时，可以用积分抵扣，周密200积分抵1小时，还是不错滴～	"
??最近被蟠龙天地的宠物友好活动刷屏了，??原来是「宠物友好计划」有大事发生！???上海28度的天气，愣是有38度的体感，??于是让爱中暑的法国佬在家里吹风扇，??狗主人我顶着高温 驱车1小时独自前往。???超大草坪 人均有狗??毛孩子的社交大会：阿拉斯加、萨摩耶、德国牧羊犬、拉布拉多、金毛、柴犬、边牧、灵缇、柯基、比熊，全上海的狗几乎都来了！???宠物秋千??像小吊篮一样的惊喜秋千，中等体型的狗狗（柴犬），也能稳稳坐住???萌宠大茶杯??把狗狗放在茶杯里，就能冒充茶杯犬了！???宠物吧唧许愿树??把对毛孩子的心愿和期待，写下来挂在许愿树上???宠物花车巡游??最重磅的节目，什么？毛孩子比我先出名？！??坐在小汽车/手动推车/购物车里，交通工具不限，限时开启巡游，在宠物红毯上礼貌亮相???????????｜?TIPS???活动地点??? 蟠龙天地-高地广场|青浦区蟠鼎路123弄8号??撒欢时间???4月19日-4月20日 每天11:00-18:00??宠物花车巡游下午3点开始喔?・──??Hi，我是劳小王，一个利用周末，打卡上海本地及周边好玩地的女子~?
"周末逛到青浦的蟠龙天地没想到不出上海就获得了一片江南水乡当载满春花的摇橹船划入视线独属于江南的浪漫一下就被开启立马收获春日限定体验	??蟠龙水集・花鸟鱼市繁花瀑布，文鸟在笼中啁啾，鱼跃霓裳（程祠草坪的春日限定，最后一场是4.4-4.6注意别跑空）??水上花船巡游NPC老伯摇着花船和路人互动??水岸花坞小桥流水间巨型樱花盛开	??夜景闲适的友友可以悠哉逛到晚上灯光下的江南水乡更会有另外一种浪漫	??快收好这份春日限定的浪漫去邂逅青浦最chill的江南水乡吧	??地铁17号线 蟠龙路3号口出??SONY A7C2｜索蔡55 F1.8??25.3.30	"
"最近天气这么好，决定带着家人和孩子来离市区稍微近一点的江南古镇逛逛，只能说后悔没早点来，哈哈[赞R][赞R]。相比于其他古镇，这里小桥流水与摩登店铺并存，店铺都毕竟日式清新，非常适合周末微旅行、亲子游或文艺打卡。	[一R]亮点???江南水乡plus版- 复原蟠龙港、香花桥等历史景观，保留庵市、程祠故里等文化遗址，夜间灯光映衬下整个小镇更具韵味。- 推荐打卡点：十字街、蟠龙湾游船??（50元/人，沉浸式感受水乡风情）。?文艺与商业融合-余德耀美术馆：当代艺术展览+网红旋转楼梯。- 特色店铺：猫空书店、Blue Bottle咖啡、木墨家居，适合拍照发呆。- 市集活动：周末常有手作、农夫市集或汉服巡游。?亲子友好体验- 童心乐园：超大无动力儿童游乐区（免费??）。- 萌宠乐园：可带宠物互动????????	[二R]实用信息????地址：上海市青浦区蟠鼎路123弄??交通：- 地铁17号线蟠龙路站2号口，步行约10分钟。- 自驾导航至“蟠龙天地停车场”（周末建议早到，停车费8元/小时）。??门票：免费（部分展览/体验单独收费）。??建议游玩时间：半天至1天。	[向右R]Tips1. 最佳拍照时段：清晨或傍晚，避开人流且光线柔和。2. 游船建议傍晚乘坐，夜景更美，如果是家庭出游，建议包船，350元往返。3. 穿舒适平底鞋，部分石板路不平。4. 周末人流较大，错峰体验更佳。	蟠龙天地完美平衡了传统与现代，无论是想寻一处静谧，还是体验都市慢生活，这里都能满足你。计划一场逃离喧嚣的“小江南”之旅吧！	"
今天逛蟠龙天地偶然看到水面上有位老爷爷正撑船划行，船上摆满了五彩缤纷的花，加上今天的好天气，美得我走不动道
今天天气很好，蟠龙天地邀请了国外艺术家在水上表演歌剧，氛围感拉满了！底下两个潜水员装扮也好可爱
"整个区域是商圈和古镇的巧妙结合体，市集里有许多有趣的小玩意。适合夏天夜晚出游，躲避炎热。古镇的感觉没有被商业化破坏，饭后散步很是惬意??	??上海蟠龙天地???停车场 8R/小时"
帐篷、绿植、露营灯，氛围感直接拉满，仿佛真的置身于户外露营场地。空间十分宽敞，有专门适合团建的大长桌，大家围坐在一起，热闹又温馨。烤肉的种类繁多，新鲜的牛肉、羊肉、五花肉，色泽诱人，纹理清晰，放在烤盘上滋滋冒油，香气扑鼻。工作人员热情周到，细心询问我们的用餐感受，有任何需求都能迅速响应并解决 。
"1??古镇与商业区一体的综合性商业建筑???喜欢古镇！喜欢露天！喜欢商场！喜欢拍照??！喜欢city walk的无脑冲！??2??吃的很多 有小吃也有连锁 咖啡??也有很多牌子！不必担心等位！排队非常快！3??傍着小桥流水！真的很小资很惬意！尤其出太阳??的时候！4??很多市集！很多卖花的！??还有围炉烧烤??适合团建跟三五小聚！5??宠物友好可以带猫狗！??可以认识很多小朋友??！6??玩一下午是没有问题的！旁边还有公园??还有寺庙！7??拍照也很出片！真的非常适合??喜欢出去玩跟拍照的朋友！也适合遛娃！??8??有宠物乐园！还有马场！学骑马！还有猫咖狗咖！还有很多便利店！到处都是卫生间??！	天阿 蟠龙天地太好逛了！"
上海蟠龙天地不仅还原了传统江南水乡的韵味，还将古镇造出了新中式古典美和专属上海的小资浪漫情调。
蟠龙天地真的适合所有年龄段的人来溜达周末 节假日都有集市活动 超级热闹
"【上海漫步】回归日常生活的鸿寿坊，也不例外??25年前的城市封面――上海新天地，新近热闹的蟠龙天地――Urban Retreat城市微度假目的地，都是瑞安操盘的城市更新项目，都是富有吸引力的城市旅行目的地。??普陀区鸿寿坊（新会路，长寿路，西康路均可通达）??7号线｜13号线 长寿路站	鸿寿坊，尺度不大，带着城市的记忆，成为时尚又有烟火气的“高颜菜场”。FOODIE SOCIAL鸿寿坊食集是鸿寿坊的灵气所在。食集室内空间12米挑高，裸露的屋架?可打开的天窗?摇曳的大吊扇，有点东南亚又有点原生态。??集结了老字号、品质网红与口碑名店等30多个美食品牌。有菜场、茶馆、夜宵甚至麻辣烫，还卖葱油饼、黄泥螺，烧腊，大壶春生煎！??????内街有咖啡店，闲来小坐，也是惬意[红色心形R]。??几个入口处的装置艺术品，也是老上海的油条、蒸屉、竹簸箩，记忆感满满??	鸿寿坊，用新一代的精致烟火气，“理解附近，拥抱附近，满足附近”，这里宛如CITYROOM。[红色心形R][拍立得R][自拍R]。[拔草R][拔草R][拔草R]上海漫步攻略，周末走起！"
落日尽染，融化在蟠龙的浮光跃金?蟠龙落日最佳观赏时间：16:00 - 17:00??水域视野开阔，芒草、粉黛点缀画面，蟠龙的一切晒得闪闪发光，快架好相机，来烟雨廊桥拍一场世纪落日，让美好停留在记忆中。?
如恩为天然生活方式品牌集z坊设计了蟠龙天地两家门店，以“木屋”与“洞穴”为设计灵感，用白橡木、手工陶砖、木纹混凝土等简单的材料营造出轻松而又富有力量的自然朴素之美。-项目名：集z坊地点：Woven Moonlight店：上海市青浦区蟠鼎路123弄8号蟠龙天地十字大街SD101集z坊蟠龙天地店：上海市青浦区蟠鼎路123弄8号蟠龙天地十字大街SD103完成时间：2023年4月客户：?@集z坊 Jisifang项目内容：外立面设计，室内设计，产品设计项目功能：零售建筑面积：Woven Moonlight店：200平方米集z坊蟠龙天地店：110平方米室内设计：如恩设计研究室软装设计及采购：?@设计共和灯光顾问：@DLX驭韶照明设计施工总包：南通市华强装饰装潢工程有限公司
养宠人的天堂，天气好 好多猫猫狗狗 好可爱
"1??古镇与商业区一体的综合性商业建筑???喜欢古镇！喜欢露天！喜欢商场！喜欢拍照??！喜欢city walk的无脑冲！??2??吃的很多 有小吃也有连锁 咖啡??也有很多牌子！不必担心等位！排队非常快！3??傍着小桥流水！真的很小资很惬意！尤其出太阳??的时候！4??很多市集！很多卖花的！??还有围炉烧烤??适合团建跟三五小聚！5??宠物友好可以带猫狗！??可以认识很多小朋友??！6??玩一下午是没有问题的！旁边还有公园??还有寺庙！7??拍照也很出片！真的非常适合??喜欢出去玩跟拍照的朋友！也适合遛娃！??8??有宠物乐园！还有马场！学骑马！还有猫咖狗咖！还有很多便利店！到处都是卫生间??！	天阿 蟠龙天地太好逛了！"
"打工牛马内耗满格的一周过完想要找个地方短时间回??+0元rua??的话那一定是――蟠！龙！天！地！	??赶上了这周的 City Pet宠物巡游真的是在人群和小猫小狗群的N重包围中原地复活！	????? 超多毛孩子排着队巡游狗狗车队、小狗荡秋千，还有吧唧风铃DIY每一只都像情绪小补丁，一路rua过去，感觉全身的打工怨气都被吸走了	?0元撸狗+春日晒太阳+宠物互动体验这种满满幸福感强谁懂啊！	??最惊喜的是――这届“天地绿动生活节”绿心社区“好绿友”计划上线了！? 自带杯买咖啡? 徒步逛宠物集市? 绿色消费 + 活动签到都能积攒“??心” 兑换再生材料做的春日疗愈小礼：艾草按摩捶、种子卡片，真的环保又贴心！	??不夸张地说蟠龙天地＝狗界的环球影城＋打工人的松弛游乐场来rua狗、沐春风、攒绿心，顺便赶走一整周的负能量就问这还不快快冲嘛～	"
"??蟠龙天地蛇年装扮已上线????：免费??市集里有套圈圈、写对联、拓印、糖画、打钱眼、飞镖、打年糕（免费）、卖吃的喝的玩的（但其实市集比较小，上面套圈圈―打年糕是集中在一起（图2-4），图2就是进口处拍的整个横向宽度），会有很多然后沿着小路边边一长条吃的喝的玩的（图5-8）??只大人可以逛市集拍拍照（不过市集开的时候人多，很难拍出很好看的图）??有小孩的逛完市集可以去童心乐园（小孩更爱，图9-12）	??童心乐园免费的：大小滑滑梯、跷跷板、沙坑、洞洞屋、秋千床、弹簧网、独木桥、攀爬支柱、转转床、平衡弹力桥…..特别多，不是小区那种设施付费的：滑板、滑冰、喂各种动物	??分散在蟠龙天地里还有小喷泉、骑马（付费）狗狗乐园（免费，但是就是草坪秃了的土地?几个秋千，一些铁艺造型，纯属于狗狗都在一起玩比较开心）等，慢慢逛都可以看到，还有各种装饰	"
"周一前夜の我：	灵魂：不想上班！??肉体：冲进蟠龙天地新开的银座仁志川…钱包：你礼貌吗？？？??	关于这家店の真相：?? 面包界的“爱马仕”刺客生吐司一袋98rmb？但咬下去的瞬间――“救命！云朵成精了吧！”??软糯到想原地躺平！！	本牛马喜提了两个口味：草莓奶油和香蕉红豆奶油	内心OS：吃完这口奶油吐司，周一开会老板骂我或许能笑出来吧 苦笑.jpg	"
羡慕哭了，离我家只有10公里，离珉珉最近的一次[哭惹R][哭惹R][哭惹R]此刻我们的爱不再是一叠纸片[红色心形R]
"上海过年是真无聊，但凡有点年味的景点都是人山人海，水泄不通，蟠龙天地也不例外，看xhs差点被劝退??不过躺平也有躺平的玩法，想要噶闹忙但又体力不支的可以参考：-?错峰时段：10:30--18:30。人流高峰，别说停车、吃饭，找个地方坐下休息都难。另外，这里都是石桥石板路，什么婴儿车轮椅，一推一个不吱声??-最适合躺平人士的玩法――订酒店。	这边靠近四叶草，酒店非常多而且都比较新。春节淡季200-300元一晚，顺便解决停车问题。周边看了几家酒店之后，我们最后选在瑞廷西郊S酒店，环境不错，停车方便，离盘龙天地步行不到500米。唯一美中不足的是入住的旅行团略多，大厅有一点点嘈杂。-?躺平计划：第一天：下午三点左右入住，四五点出门逛逛，熟悉地形，看夕阳、花灯和夜景，整体人流量尚可。-第二天：上午九点出门打卡白天景点。商家一般10点开业，如果饿了可以奥乐齐买点，11点前搞定中饭，完美避开人流高峰，美滋滋?	"
"前阵子，冒着持续的梅雨季探访了位于上海普陀区的鸿寿坊，这个被关注了已久的项目终于在我淋得一身湿后，如约而至。我在上海工作的时候，对于这一片区很陌生，几乎很少到达，那时徐家汇和淮海路更为熟络一些。	鸿寿坊始建于民国二十二年（1933年），由商人潘守仁投资兴建的一处里弄，旧址曾经是沪西著名的商业聚集地，新会路、西康路附近一带曾是上海近代工业发源地，这里依旧保留了石库门建筑的风貌，这也是当时境外开发企业在吸取了江南地区民居的特点，注重“进”和“院落”的式样开发的产品。	曾开发新天地项目的上海瑞安集团于2019年拍得地块，并对地块进行更新改造，鸿寿坊的历史建筑采用了“原址保护、整体复建、构件再利用”的更新，新改建的空间保留了主弄空间动线、供商业人流来往，西侧次弄的空间则规划为独立二层的食集，采用了玻璃顶封顶，保证室内的采光透通。	因为雨天到访，商业区块的连廊很好的解决了这一问题，东塔与西塔通过2-3屋的连廓空间贯穿，与里弄商业区块围合在一起，这种共享式的连廊与一层集市商业街区，为楼上办公的人士提供了便捷的服务，能产生互动互促的微循环作用。它的空间策划注重创新性，也看重“烟火气”的营造，并希望通过商务办公与商业的互动，提升可持续性。	不同于新天地的高奢定位，也不同于瑞安蟠龙天地的休闲度假，鸿寿坊的里弄式商业面积仅为1.5万方，其中鸿寿坊食集为双层独栋空间，业态引入了“FOODIE SOCIAL食集、荟森生鲜FRESH MARKET等，显得更为年轻化。项目的形象定位于“精致烟火气”彰显了开发企业对项目的思考，也为城市中心的小地块商业找到不一样的项目气质。	很多城市中的小地块以及存量商业，也有历史的痕迹和对未来的重塑计划，在更新和重建中不妨借鉴参考一下鸿寿坊的思路，这可能为我们解决商业在定位、策划、招商以及运营过程中提供一种可探讨的方向。	在新会路入口处设有艺术装置“上海点心”，将1200个双子织带圆环以当代艺术风格呈现抽象的“油条”，这也体现了上海烟火气与市民生活的温度。这里正成为上海老年人群的打卡胜地，也是年轻人放松休闲的理想去处，人们沉浸其中，各自在城市中寻找属于自己的精神世界。"
"??蟠龙天地是个把古镇风情与现代商业结合的宠物友好商场，在之前古镇的旧址上进行改建而来??	??地址：上海市青浦区蟠龙天地古镇	???停车：有地下停车场。8元一小时。	P1崧泽大道1576号;P2崧泽大道1598号;P3华徐路500号;P5蟠龙路1133号	??从市中心开车过去差不多要45分钟	??整个小镇都是宠物友好，超过半数的商户都是宠物友好店铺，可以带着宝贝一起享受购物和用餐的乐趣。其中还有个800平方米的宠物公园，让毛孩子们可以在这里尽情撒欢。	??宠物乐园不仅提供了宠物排泄物收集袋，还有专门的过滤水装置等。	??蟠龙天地还有露营马场、同心乐园、棒球场、滑板公园、运动乐园等。	??游船体验	在3公里的河道上，以非遗编织技艺装点的江南游船，让人们体验水乡人家的生活，也可以带着宠物一起享受这独特的游船体验。	?"
"岁岁有风，风拂岁岁慢慢即漫漫期盼以年年有余的从容消融尘世所有的匆忙奔波愿旧梦皆已圆，新岁有新盼愿山高路可行，水深舟可渡―――――――――――――――――――??｜蟠龙水集|乙巳庙会?｜1.17-1.19/1.30-2.4/2.12-2.16 (11:00-21:00)??｜上海蟠龙天地??｜R6II+RF70200f2.8???｜Lightroom	"
虽然天气今天不是很好，但是站在这高处看古镇也别有一番风味……
春天课代表来了……今日份不走花??路，走水路……上海蟠龙天地的水集太好逛了，五一小长假第一天竟然没有想象中“人挤人”，大家这都是反向旅游了么，太惬意了吧！[彩虹R]??坐乌篷船，??玩各种传统游戏，??玩免费??儿童乐园，??撸狗??，??喂羊驼，喂小鹿，骑马??，玩累了就来小桥边喝奶茶发会呆，拍照打卡点超级丰富，还有很多节目送小礼物??，好拍又好逛，妥妥可以安排一天。[气球R]具体地址:蟠龙天地??门票:免费??
蟠龙天地周末狗狗聚会，就在家附近，希望每周都有，可以带毛孩子去玩啦～
哪有什么“王佳芝”只是一个爱凹造型的“搞笑女”罢了（标题党了）.??不需要门票的蟠龙天地这么美，为什么好评这么少！古与今、江南水乡与现代商业的完美融合就是又复古又洋气的感觉（我好爱这里的建筑??）.??拍照心得：??四点多抵达，以室内探店为主，吹吹冷气吃吃甜品??五点前后，光线柔和，来室外拍照更美??六点多微风拂面，超有氛围感.这里还是个宠物友好的聚集地停车也方便有地下停车场工作日来人少，更出片！
家就住在古镇里面，出门即是蟠龙古镇
家人们，谁能想到在上海也能吃到这么正宗的徽菜！皖荟・新徽菜(蟠龙天地店)真的给了我一个大惊喜?他家主打用安徽山区好食材，从皖南山区散养120天的葱香鸡，到太平湖上等鲜活鳜鱼制成的黄山臭鳜鱼，每一口都是家乡的味道！强烈安利几道必点菜????山里散养葱香鸡：不愧是头牌菜！早上9点前新鲜到店，鸡肉鲜嫩多汁，葱香浓郁，吃一口就停不下来~??黄山臭鳜鱼：徽菜经典，闻着臭吃着香，鱼肉呈蒜瓣状，嫩滑Q弹，古法腌制的味道太绝了！??八公山手工豆腐：豆腐发源地的手艺真不是盖的！手工制作，搭配老母鸡火腿熬的汤，鲜掉眉毛~??番茄酸汤鲜牛肉：山里番茄和当天鲜送吊龙的组合，鲜上加鲜！酸汤开胃，牛肉嫩滑，我能炫三碗饭！??淮南牛肉汤＋鲜烤蒙城烧饼：牛肉汤醇厚鲜香，烧饼酥脆掉渣，这对黄金搭档谁吃谁爱！??红烧山里麻鸭：农家散养麻鸭，红烧后色泽红亮，酱香浓郁，鸭肉紧实有嚼劲~餐厅环境也很有氛围感，古色古香，和蟠龙天地的江南水乡风完美融合，特别适合拍照打卡！服务也超贴心，店员热情周到，体验感拉满??爱吃徽菜的宝子们千万别错过！赶紧码住来打卡吧??皖荟・新徽菜(蟠龙天地店)
感慨蟠龙天地好多韩国人，只听懂他们的“忒吧”
"蟠龙天地江南水乡里的春日??装置，已经让你提前拥抱春天啦??	来可以直接去这几个点位！！不能错过！	梦呓花船??停靠，站在桥中，似误入仙境之感，尤其夜晚灯光暖意，ju美～	从入口处熙熙攘攘的人群擦肩而过，一路上感受「涵春鸟亭」的自然气息和小鸟的欢快叫声！	除此之外还有必须逛的蟠龙水集各种鲜花绿植、文创一整个逛到停不下来????3.21-3.23\3.28-3.30\4.4-4.6，如遇雨天活动可能取消	快带上闺蜜来打卡，随手一拍都是大片！	"
"蟠龙天地看到的一件雕塑艺术作品，一眼看去看到了“反重力”现象！其实运用到了“张拉整体”的力学概念。	"
