"??绍兴师爷的故乡――安昌镇，走进古镇，家家户户门前挂满了腊味，穿梭来往的乌篷船、粉墙黛瓦的台门民居与这满满的年味和烟火气，构成了一副绝美的画卷！	??地址：绍兴市柯桥区安昌古镇??交通:自驾到景区停车场，高铁到绍兴北站打车约20，或乘坐802、805直达安昌人民医院站或安昌大酒店站下车步行??门票：免费（小景点收费，不推荐）??开放时间：全天	??推荐游览路线：从右侧一路逛到古镇的尾，而后再从古镇左岸逛回来，路线很简单。??乌篷船：平日40元/船，可乘3人;节假日50元/船。	?打卡：1?依河古街市：安昌古镇的小桥最有特色，特别是晚上的古镇真的好美。2?腊味：腊味是安昌的特色，可以带份回去。3?仁昌酱园：上过舌尖上的中国，可以买瓶母子酱油。4?付费景点：师爷馆、石雕馆、中国银行旧址、文化馆、民俗风情馆、穗康钱庄等六个展览馆需付费参观。	??特色美食：酒酿馒头、南瓜花、黄酒奶茶、黄酒棒冰、黄酒、酱鸭等，沿路都有买，价格都差不多。"
充满烟火气的古镇惊动央视的冷门古镇这里没有传统古镇的人潮喧嚣，只有安静的生活气息，在这里不用担心过度的商业化，曾被国家地理评为最具人气的江南水乡。特别是过年，江南年味的顶级选择！这里有著名的酱鸭鱼干、黄酒奶茶，热闹非凡的水乡社戏、喜庆的船上迎亲、穿梭的乌篷船，还能体验包粽子、扯白糖等江南传统风俗，尽在安昌古镇。??地点：绍兴市柯桥区安昌镇??门票：免门票。整个古镇进入不收费，不收费！??自驾：导航到安昌古镇停车场，面积大，空位多，便宜；安昌古镇带点啥？→咸菜、黄酒、各种腊肉制品、酱油等?仁昌酱园舌尖上的中国拍摄地之一是一个集展示、生产、销售的老工厂，上过很多节目，有专门纪录片。创立于清朝光绪年间里面可以买酱油，配料表很干净。Plus：这个古镇没有被过度商业开发，都是原住民为主，人流也很少，小伙伴们快来看看江南水乡应该有的样子！
"宁波出发，挑战100旅行目的地 之 绍兴・安昌古镇。[派对R][清单R]文字版攻略放在下面啦！	??导航：宁波市区-安昌古镇（推荐1号停车场，出来就是古镇大门口！）??时长：1个半小时	[赞R]古镇美食/伴手礼：1??特色腊鹌鹑和腊肠串，古镇内外都有卖，味道大同小异。价格基本为鹌鹑5元一只、腊肠10元一串。（购买的时候尽量要锅里下方的串，摆在上面的基本都是凉的，略肥腻…）	2??孝店王酒酿馒头（1店），很便宜！馒头2-3元?不等，带肉馅儿的贵一点，口感很蓬松，气孔丰富，是好吃的！但他家酒酿类饮品个人觉得一般，大概8-10元?一杯。	3??仁昌酱园，舌尖上中国同款。主要卖酱油，店里还有酱菜酱料和一些腊味。因为我不做饭，就只买了20元?（具体忘了）的三种口味腐乳组合（6小盒，适合一人食尝鲜，可能是安昌古镇限定，网上暂时没找到）其中的火腿腐乳真的惊艳到了！带火腿丝的腐乳我还是第一次吃，肉食星人爱了！！拌面好香～	4??咖啡黄酒：18一瓶，河岸的卖酒店铺随意买的，滴??不沾的我感觉这个口味太呛了！还有浓浓的咖啡（香精？）味道，但瓶子很漂亮，两瓶还有一个手提袋，而且黄酒是绍兴特色，买了一些给朋友当伴手礼了（不喝??的慎买，喝完有点上头…）	[彩虹R][彩虹R][彩虹R]	[星R]：最后推荐一家在古镇附近的美食，“忠美饭店”（太饿了没拍在视频里），真的好好吃！！饭店旁边有少量停车位，但饭点比较紧张，推荐早一点过去～[清单R]强烈推荐点单：咸菜冬笋炒肉（一定要点！超级鲜美！！）、腊肉拼盘（不咸！）、红烧排骨（炸的甜口）。	"
这个假期让我找到了一个免费古镇里的劳模――安昌[斜眼R]
"绍兴・安昌古镇，有风有骨的江南旧梦依河而建的廊棚，蜿蜒着岁月的幽长，青石板路，每一块都镌刻着往昔的繁华与沧桑。乌篷船悠悠划过，船桨轻摇，搅碎了水面的天光云影，仿佛摇醒了沉睡的江南旧梦。老人坐在门口，守着一份宁静与安详，手中的针线编织着时光的细密。	?? 安昌古镇?? 尼康 z5  24-70F/S"
这是一条全网最详细绍兴安昌古镇保姆级游览攻略，不知道怎么玩的看这一条就够了，记得提前点小红心收藏好。
“你的一句春不晚，我就到了真江南”，这个梗出自苏轼的《惠崇春江晚景》因为喜欢江南水乡的温婉定居在了苏州一直以为苏州的美没有那座江南城市可以超过直到我来了绍兴，突然觉得还是有可以跟苏州媲美的江南水乡的…….想把这座小城很真诚地推荐给大家但也怕这里被嘈杂的声音所扰动不管怎样，带你看看我眼中的绍兴吧～.??绍兴3??天2??夜游玩攻略Day1???苏州自驾出发抵达???东湖 ??十里荷塘????犭央(ang)犭茶(sang)湖????西小路历史街区?????入住绍兴市区Day2???仓桥直街????书圣故里????八字桥????鲁迅故里????兰亭 ???入住安昌古镇Day3??：安昌古镇??柯桥古镇??苏州.??推荐必打卡的地方.1??犭央犭茶 湖（ang sang）建于明代的避风石塘古纤道，小众到不能再小众的地方，工作日来的话基本没人.2??东湖以崖壁、岩洞、石桥、湖面巧妙结合，也是绍兴的一大园林。来此乘船进入岩洞，仿若进入了桃花源记的世界。.3??西小路藏在闹市里的江南水乡，建筑层峦叠嶂，好像现实版的“江南百景图”.4??环山路这里阴天晴天都别有一番韵味，而且游人稀少，街边的绿树配上粉墙黛瓦，非常江南～.5??兰亭这里有日本琉璃光院的同款天章之寺，也有王羲之的真迹，还有应景的大白鹅～.6??安昌古镇这是非常小众的一个古镇，里面有着老绍兴人的回忆，不妨来此小住一日吧～.7??柯桥古镇傍晚的柯桥古镇，随着科技的光影，这里成了江南的另一种画面～.8??镜湖十里荷塘“接天莲叶无穷碧，映日荷花别样红”在这里得以具像化～.9??鲁迅故里做先生书迷，访先生故里。读了那么多年先生的书，总要来次他的家乡吧.??仓桥直街江南烟火气，最抚凡人心～来这里感受绍兴人的慢生活.??注意：现在小红书上线了「100天运动打卡挑战」活动，可以参与领取背包挂件等哦～跟我一样带着可爱的包挂一起旅行环游世界吧
绍兴柯桥，你可太低调了！这座藏在江南水乡的安昌古镇比乌镇更有韵味，却一直不声张！.??如果你受够了城市喧嚣急需寻一处静谧之地放松身心那安昌古镇绝对是不二之选能让你领略最原汁原味的江南水乡风情.一踏入古镇，满街腊肠酱鸭熏鱼，香味扑鼻还有热气腾腾的本地臭豆腐每一口都散发着浓浓的人间烟火气尤其是临近春节，烟火气更是化作了醉人的年味.强烈建议大家工作日来，游客较少大多是悠闲的当地居民吃完午饭，不早起旅行约上好友来这儿漫步，惬意得很.??下午两三点抵达最佳足够时间赏遍古镇白天的美景而当夜幕降临，才是安昌古镇真正惊艳时刻灯光亮起，昏黄的光线勾勒出古镇的轮廓河水倒映着灯光，波光粼粼沿岸的红灯笼随风轻晃影子在水中摇曳，宛如一幅灵动的水墨画.街边店铺灯火通明和家人朋友走在石板路上脚下是被灯光拉长的影子身旁是热闹的吆喝声处处透着温馨与欢乐年的氛围愈发浓厚了！.?交通指南：??自驾：从杭州出发，约1小时车程???停车：西街停车场免费??高铁：到绍兴北站，打车20分钟左右??地铁：坐绍兴1号线到越州大道站，再打车15分钟
"安昌古镇，趁它还没有完全商业化之前，一定要来逛逛～感受这个腊味芳香扑鼻，人来人往都是烟火气的古镇！	??古镇免大门票????小景点联票8个50r（个人感觉没啥必要）??超级建议在5-6点日落的时候去，金灿灿的太阳洒在河面上倒影出古建～绝美！??拍照点位1??安昌桥附近2??师爷馄饨店门口的桥	???收好详细路线图！??具体打卡路线：安昌古镇1号停车场??安昌桥??高桥??游船码头??城隍殿??师爷馄饨??天官第文创园??师爷馆??民俗风情馆??中国银行旧址??仁昌酱园??高桥??停车场	??游玩项目??坐乌篷船（单程）：非节假日??65/趟，节假日80/趟（每趟限3人-含怀抱小宝宝）??免费景点：仁昌酱园、天官第、师爷戏台...??美食1??仁昌酱园可以进去逛一下，免费！2?? 特色小吃糕点：安昌方印糕、黄酒棒冰、南瓜花、糯米蛋、腊肠、腊肉、鹅喜蛋、臭豆腐、桂花酒酿3??孝王店酒酿馒头：玫瑰和梅干菜都很好吃，喝的一定要选经典酒酿～好喝！―――????Hi，这里是Sia希娅的旅行日志，一起探索这个有趣的世界呀 "
我在家乡当游客之“安昌古镇”~??不亏是被央视力荐的年味免费古镇~???这里满是年货，各种腊味芳香扑鼻~??这里人来人往，满是古镇的烟火气~今年我们又带小朋友来打卡啦，吃了腊味，买了腊味......比起去年这里翻新了不少，水也更清了~好多地方都很出片~???收好详细路线图！-??具体打卡路线：杭州出发40分钟??安昌古镇1号停车场??安昌桥??高桥??游船码头??城隍殿??师爷馄饨??天官第文创园??师爷馆??民俗风情馆??中国银.行旧址??仁昌酱园??高桥??停车场-??游玩温馨提示：??坐乌篷船（单程）：非节假日??65/趟，节假日80/趟（每趟限3人-含怀抱小宝宝）??免费景点：仁昌酱园、天官第、师爷戏台...??收费景点（??50/人-8个景点）：师爷馆、石雕馆、民俗风情馆...??关于年货：我们差不多每年都去，买一些酱味自己吃和送人，个人感觉前街比较大的几家店的东西比较好?而说到合适的伴手礼，??必须提一下Lotus?Biscoff?和情焦糖饼干，????比利时进口品牌，特别是他们家今年的新春银来红运礼盒很精致，??红红火火真的很适合送人~而我们现在出门也经常带上几包，独立包装很适合懒人~口感上酥酥脆脆，小朋友很爱吃，关键配料也很干净，浓郁焦糖香搭配上牛奶，一整个绝了~建议宝子们一定要试试！??小吃打卡：师爷馄饨、安昌印糕、南瓜花、各种腊味串（腊肠、酱鸭等）、酒酿奶茶、玫瑰酒酿馒头、臭豆腐、萝卜丝饼、龙须糖、绿豆糕、藕粉酥...??关于土菜馆：大部分都差不多，大家可以看了菜单问了价格再考虑是否进去吃~??后街有很多围炉煮茶店，人少安静很适合坐下来感受~-??周边游玩点：??柯岩鉴湖景区??兜率天宫??柯桥古镇??昂桑湖古纤道-我是柚柚妈妈，??我分享更多游玩攻略~
"第三站―安昌古镇	不能说失望，但也并不惊艳，感觉和杭州小河直街的景色也差不多，多了满街的卤味、酱菜、臭豆腐，以及各色糕点。唯一的意外之喜就是酒酿馒头笋干肉夹馍，大块的红烧肉带着笋干的香味，油浸到馒头里，夹杂着酒酿的甜香，太好吃了！"
青砖黛瓦，橹船慢摇如果你没有听说过绍兴那么你一定听过从百草园到三味书屋绍兴真的是一个去了无数次还想去的城市来到这里，从此江南水乡有了具象化-??【绍兴2天1晚游玩路线】Day1:西小路―鲁迅故里―仓前直街―书圣故里―八字桥Day2:东湖―昂桑湖―兰亭―安昌古镇-??【绍兴必去的打卡点】?鲁迅故里：从课本到现实，读先生的书，看先生的故里，感受下先生笔下的江南?书圣故里：小桥流水、青砖黛瓦、坐着慢悠悠的小船穿梭在江南水乡之间?昂桑湖：蓝色的湖面上，一条纤细的古道，走在上面吹吹风很惬意?安昌古镇：烟火气十足的古镇，卖着各式各样的酱鸭、腊肠，一整年都很有年味的地方?兰亭：王羲之笔下的绝美秘境，以天下第一行书《兰亭序》而闻名，茂林修竹，夏日很凉快的地方-??住宿建议住在鲁迅故里附近，靠近各大景点的中心位置，去哪里都不远，周围交通吃饭也都很方便-??交通各地高铁可以直接坐到绍兴北站，距离市区也不远，江浙沪地区也可以自驾1-2h-
与其他古镇不同，安昌古镇仍旧保持着原生态的风貌沿街做生意的商铺也大多都是自家祖宅，烟火气足很适合在一个阳光充足的午后，吃吃饭喝喝茶??????????????【路况信息】：?? 导航：安昌古镇1号停车场??（停车费??：10元/车）?? 门票：免费（如果要去几个展馆需要购票??）?? 高铁：绍兴北站，再打车到安昌古镇，20分钟左右到达・????【游览路线】游客中心??安昌古戏台??颖安桥??安康桥??寺桥??仁昌酱园??中国银行旧址（环形路线，不用走回头路??）・??【打卡游玩】：1? 手摇乌篷船?下江南必打卡摇橹船项目了?听船夫讲讲趣事，看小桥流水?40元/船，可坐2-3人（??开放时间为 8:00～16:30）2? 仁昌酱园?《舌尖上的中国》拍摄地?园内有一片酱缸铺满的古晒场?酱油价格小瓶十几块，大桶装三十几块3? 景区内设有8个景点?城隍殿、师爷馆、中国银行旧址、穗康钱庄、安康寺、风情馆、石雕馆、宣卷馆?可买联票40元/张・??【美食推荐】：??师爷小馄饨??腊肠  10元/串??梨膏糖 10元??孝店王酒酿馒头  原味2元/玫瑰花味3元（??推荐）??炸臭豆腐 10元 （一般般）??黄酒棒冰/酱油棒冰 3-10元??安昌印糕  25元??龙须糖 10元・江南水乡看绍兴，烟火年味看安昌满眼的腊肠、酱鸭/鱼处处洋溢着年味与烟火气很适合过年前来采购一波年货、伴手礼?
安昌古镇??详细地址：绍兴市-柯桥区-安华北路??交通攻略：1、火车：高铁可坐至绍兴北站，离安昌古镇约6公里。2、地铁：绍兴轨道交通1号线至越州大道站，离安昌古镇约6公里。3、自驾：停车很方便，车位充足。??开放时间：24小时??门票价格：1、门票免费。2、6个小景点联票：50元(线上49元)??亮点特色：绍兴市区的一个古镇，只要不是节假日，游客都不多，可以和附近的“柯岩风景区”一起玩，离得很近。?推荐乌篷船：当地特色，价格很便宜，一艘船65元，可以坐3个人。?必打卡点：入口古牌坊、师爷馆、安康寺、安昌民俗风情馆、中国银行旧址，穗康钱庄、城隍殿、师爷故里、仁昌酱园。??美食推荐：安昌腊肠、扯白糖、酱鸭、黄酒奶茶、臭豆腐。
"??安昌古镇的历史最早可追溯到唐朝，是浙江省内保存较为完整的历史古镇，区别于乌镇、西塘等名声大噪的江南古镇，这里还算比较的有烟火气。	??古镇离绍兴市区大概30公里，有停车场???可以直接导航到此。 景区不需要门票，但是要参观酱园、师爷馆等六个景点可买50元的联票。 乌篷船是60元单程，节假日价格贵一点，最多能坐三人。古镇里小吃很多，印糕、蒸腊肠、梅干菜饼等等，还有师爷馄饨等一些小店，味道也还不错。	??古镇除了一些商铺营业，还有一些居民生活在此，除了熟悉的商业环境，也多了一些生活氛围。但是，不建议节假日去，人流密集，体验会打折扣。	"
"??安昌古镇：绍兴有名的四大古镇之一，其建筑风格传承了典型的江南水乡特色，一衣带水，古朴典雅。始建于北宋时期，是绍兴师爷的故乡。最有特色的是安昌的小桥，其中最著名的是名为福禄、万安、如意这三座桥，古镇人家嫁女儿时，都要走全三桥。	??江南的古镇我去了很多，像安昌古镇这般有烟火气的很少，沿河的三里街市还保留着质朴的生活气息。错落有致的翻轩骑楼，古老的台门弄堂，形态各异的拱桥石梁，历经漫长的岁月，风貌古朴依旧。	???开放时间：全年全天??门票：免费，内部部分景点购票参观	??地名：安昌古镇??地址：绍兴市安昌镇	??交通??公交：可在绍兴城区乘118路公交车到柯桥区安昌古镇，在安昌大酒店站下车过条马路就是古镇，每8-10分钟一班，票价2元。 也可以在柯桥城区乘805、806、816等路车直达，每10-15分钟一班，票价1元。	??自驾：从沪杭甬高速公路柯桥出口下，约5公里到柯桥区安昌街道。	??动车：绍兴北站（原绍兴柯桥站）离安昌古镇的距离是5.7公里，从杭州东站出发到绍兴北站大概10分钟左右。	"
"鲁迅在《祝福》中描写的场景，我们今天依旧可以在绍兴的老镇子里看到。江南冬至，绍兴安昌古镇，食材的准备工作早就开始了。对于绍兴人来说，鹌鹑、鸭子、猪头、鳊鱼、甚至萝卜……没有什么食材是不能酱一酱再吃的。富庶如江南，酱和腌，是传统中，储存肉食最普遍的做法。鱼干在老绍兴腊月的饭桌上和黄酒一般不可或缺，用当地一种叫“螺蛳青”的巨大青鱼腌制晾晒而成。盐不用多，酒不可少，取其咸鲜适口，十几个好日头下来，鱼干在光线的穿透中，泛着迷人的酒红色。闲时，切下花糕也似的一小段，但见脂白肉红，软糯中透着淡淡的，油脂特有的质感。鱼干段码放在青花盘子里，喷上白酒，什么作料都不用，只消上竹屉蒸上一刻钟，即刻满屋鲜香。筷子轻轻一拨，莲瓣般的鱼肉从鱼骨上滑落下来，满齿生香。一小段清蒸鱼干，一汤碗黄酒，一小碟油炸花生米，足耐得消遣一个暖和的冬日午后了……市井长巷，活色生香，就是这样的烟雨廊，石板巷，有斜阳，看时光流淌，一城一碗一滋味，见人见食见江湖…….	[向右R]选一个冬日暖阳过来，各家各户都把酱货挂出来晾晒，阴天就少一些。有光线，片子也好看。[向右R] 不建议腊月风情节那几天或双休日，人多。也不要贪便宜，买价格特别低的酱货。[向右R] 早上的光线最好，逆光和侧逆光最佳，70-200的焦距最常用。[向右R]沿着河边长廊边走边看边吃最适宜，也可以体验一下乌篷船。古镇里收费的场馆，不太推荐。倒是镇里的那些老巷子，老台门，颇值得逛逛，是地道的老绍兴风情。	"
"第三站―安昌古镇	不能说失望，但也并不惊艳，感觉和杭州小河直街的景色也差不多，多了满街的卤味、酱菜、臭豆腐，以及各色糕点。唯一的意外之喜就是酒酿馒头笋干肉夹馍，大块的红烧肉带着笋干的香味，油浸到馒头里，夹杂着酒酿的甜香，太好吃了！"
"木心先生曾说：“有骨的江南当看绍兴。”安昌古镇确实是不一样的江南水乡，不愧是被央视评为年味十足的古镇冬日里，暖阳洒落，满街挂满了红彤彤的腊肠和酱肉，空气中弥漫着浓郁的酱香，仿佛每一口呼吸都能尝到年的味道，瞬间让人感受到浓浓的年节氛围??	????私藏游览路线： 正大门进入 → 清风廊 → 城隍殿 → 穗康钱庄 → 石雕馆 → 绍兴宣卷馆 → 师爷馆 → 安昌民俗风情馆 → 安康寺 → 仁昌酱园 → 中国银hang旧址（环形路线，反着走也可以）	?? 地址：绍兴柯桥区安昌古镇?? 门票：免费（展馆联票40R）??交通：?? 自驾：导航“绍兴柯桥区安昌古镇停车场”即可到达，停车费5元/4小时?? 高铁：绍兴北站，再打车到安昌古镇，20分钟左右到达??美食：? 腊肠 50-55元/斤，10元/串? 黄酒棒冰/酱油棒冰 3-10元? 安昌印糕 25元	?拍摄攻略：1? 下午三点到，逛完古镇后刚好可以看夜景2? 乌篷船：下江南必打卡摇橹船，听船夫高歌，看小桥流水，40元/船，可坐2-3人3? 仁昌酱园：《舌尖上的中国》拍摄地，园内有2000余只酱缸，场面壮观，适合广角拍摄4? 腊味风情：满街的腊肠、酱肉，年味十足，记得用手机3-5倍长焦拍摄，非常好看！"
"宁波出发，挑战100旅行目的地 之 绍兴・安昌古镇。[派对R][清单R]文字版攻略放在下面啦！	??导航：宁波市区-安昌古镇（推荐1号停车场，出来就是古镇大门口！）??时长：1个半小时	[赞R]古镇美食/伴手礼：1??特色腊鹌鹑和腊肠串，古镇内外都有卖，味道大同小异。价格基本为鹌鹑5元一只、腊肠10元一串。（购买的时候尽量要锅里下方的串，摆在上面的基本都是凉的，略肥腻…）	2??孝店王酒酿馒头（1店），很便宜！馒头2-3元?不等，带肉馅儿的贵一点，口感很蓬松，气孔丰富，是好吃的！但他家酒酿类饮品个人觉得一般，大概8-10元?一杯。	3??仁昌酱园，舌尖上中国同款。主要卖酱油，店里还有酱菜酱料和一些腊味。因为我不做饭，就只买了20元?（具体忘了）的三种口味腐乳组合（6小盒，适合一人食尝鲜，可能是安昌古镇限定，网上暂时没找到）其中的火腿腐乳真的惊艳到了！带火腿丝的腐乳我还是第一次吃，肉食星人爱了！！拌面好香～	4??咖啡黄酒：18一瓶，河岸的卖酒店铺随意买的，滴??不沾的我感觉这个口味太呛了！还有浓浓的咖啡（香精？）味道，但瓶子很漂亮，两瓶还有一个手提袋，而且黄酒是绍兴特色，买了一些给朋友当伴手礼了（不喝??的慎买，喝完有点上头…）	[彩虹R][彩虹R][彩虹R]	[星R]：最后推荐一家在古镇附近的美食，“忠美饭店”（太饿了没拍在视频里），真的好好吃！！饭店旁边有少量停车位，但饭点比较紧张，推荐早一点过去～[清单R]强烈推荐点单：咸菜冬笋炒肉（一定要点！超级鲜美！！）、腊肉拼盘（不咸！）、红烧排骨（炸的甜口）。	"
Hi～我是爱旅行的森屿走过很多座大大小小的春日小城唯独让我最喜欢的小城终于出现了这就是绍兴这座城市！春天来绍兴旅游真的太惬意啦！这篇超详细攻略，快点赞收藏~-??【旅游线路】Day1：抵达绍兴→入住酒店→鲁迅故里，感受鲁迅笔下的童年乐园Day2：安昌古镇→鉴湖里，体验水乡韵味，赏千亩油菜花Day3：西施故里旅游区→返程-?【必打卡景点】1??鲁迅故里：课本同款百草园迎来“满园春色”，油菜花和芥菜生机勃勃，石井栏、皂荚树都能找到实物，沉浸式感受“大先生”的童年时光2??安昌古镇：始建于北宋，河道千年流淌，17座古桥横跨两岸。乘坐乌篷船，品尝手工酒酿、扯白糖，还能参观有100多年历史的仁昌酱园3??鉴湖里：水面烟波缥缈，三月的千亩油菜花绚烂绽放，花香扑鼻。还能品尝到鲜美河虾和有嚼劲的手工挂面4??西施故里旅游区：踏入这里，就走进了西施的传说。浣纱石仍在江边，仿佛能瞥见那位“沉鱼”女子的裙裾。街头巷尾的次坞打面，汤少料多，鲜味十足-??【交通攻略】外地游客可先到杭州，再选择高铁、地铁或打车前往绍兴。在绍兴，共享单车和电动车随处可见，出行超便捷。-??【住宿推荐】推荐住在鲁迅故里、仓桥直街或书圣故里附近，出行方便，周边美食也多-??【其他Tips】?鲁迅故里需提前在【绍兴市文旅集团】GZH??预约，最好提前一星期?安昌古镇酱货飘香，可按需购买?春季绍兴多雨，记得携带雨具哦~
1.与其说是个经典不如说它更像一个老的生活街区，或者市集2.无门票 但是期待真别放太高了 跟乌镇这种一步一景的名镇还是相形见绌的 且里面的文化经典 绍兴师爷博物馆这种都是收费的（逛的时候二楼不开放的 所以很快就看完了 没有几行字 也没有太多的藏品）但来都来了看看没啥毛病 不然这一天更没法儿逛了3.说是不商业不网红但也是处处都是千篇一律的围炉煮茶4.如果你是一个食客就是来吃这些酱鸭酱鹌鹑肠这种当地特色的 来这里没毛病 如果你就是希望这是个没太开发的古镇想来主要看看江南景色 劝退5.建议游览时间 3h就吃吃逛逛 不能再多了6.关于美食推荐详见下一篇
"比起乌镇的精致我更偏爱安昌古镇的烟火气当踏入这里的那一刻才明白什么是“人间烟火藏诗意”清晨河边洗衣的阿婆，廊棚下晒酱货的店家乌篷船上摇橹的船夫，路边卖糯米酒的大爷每一幕都带着生活最本真的温度如果你也厌倦了人挤人的景区不妨来这里，做一日“小镇居民”吧。-??地址：浙江省绍兴市柯桥区越州大道安昌古镇??门票：免费?开放时间：全天?游玩时间：1天-?? 游玩路线?入口→仁昌酱园→安康寺→师爷馆→沿河老街→城隍殿→乌篷船体验???建议从古镇入口开始，沿主河道慢行，青石板路+乌篷船+腊肠飘香，随手拍都是水墨画。-?? 必打卡点1?? 仁昌酱园?百年非遗酱缸阵列，阳光下超震撼！《舌尖》取景地，酱香扑鼻。?2?? 师爷馆?“天下师爷出安昌”，清代幕府文化展览，穿汉服拍照很出片。?3?? 桥头黄昏?傍晚的福禄、万安、如意三桥光影绝美，灯笼亮起时仿佛穿越千年。?4?? 乌篷船摇曳?40元/船（可坐3人），船夫脚划桨，穿桥过巷沉浸式体验水乡生活。-?? 美食攻略1?? 腊味天堂???沿街酱货铺：腊肠、酱鸭、鱼干必买！10元/串现蒸腊肠油润咸香。???宝麟酒家：央视推荐，点一盘腊味拼盘配黄酒，人均50元。?2?? 碳水快乐???酒酿馒头：2元/个，蓬松微甜，夹梅干菜扣肉绝了！???南瓜花/臭豆腐：5元/份，酥脆爆汁，认准老爷爷推车摊。?3?? 黄酒周边???黄酒棒冰5元，黄酒奶茶15元，微醺不醉超特别！-??温馨 小Tips?? 免费！ 古镇0门票，部分小景点联票50元（可选）。???自驾导航“安昌古镇停车场”，10元/天，??高铁到绍兴北站打车15分钟。???下午4点后游客少，夕阳+红灯笼氛围感拉满。???穿素色/新中式服装，避开周末人更少，雨天更有烟雨江南味！-??这里商业化不重，半天足够逛完，若是时间足够，建议住一晚，清晨的薄雾古镇才是人间值得！	"
说是古镇不如说是小吃两条街，这都是重复小吃没啥古镇的味道这是我能拍到的没有腊鸡腊鸭没有臭水沟的几张了有些大聪明觉得人千年古镇是推倒重建比不上到处都是酱鸡酱鸭的古镇更原生态安昌我是没机会拍到所谓的原生态了小红书友们拍的所谓推倒重建的倒是跟我印象中去过的挺贴合的转载几张图片供大家洗洗眼当然喜欢买酱鸡酱鸭的还是得去酱鸡酱鸭镇那边没有
"??天官第-古越龙山安昌体验基地―――位于绍兴市柯桥区安昌古镇天官第文创园内	??浙江古越龙山绍兴酒股份有限公司是中国黄酒行业头部企业，也是国家非物质文化遗产――绍兴黄酒酿制技艺的传承基地。古越龙山秉承“守正创新? 开放开拓”发展理念，传承传统，创新发展，以工匠精神酿造芬芳美酒，赢得消费者的认可与点赞。市场遍及全国，并远销日本、东南亚、欧美等40多个国家和地区。2020年后，新零售高歌猛进，古越龙山也需要开拓新的渠道、新的形式去吸引更加年轻的客户。因此，古越龙山选中了天官第文创园面向安昌古镇主街道的一块店铺，与位于园区内最大的一个展陈区域，让我们将其改造成为古越龙山安昌体验基地。????影子空间设计事务所针对古越龙山黄酒的品牌特性，为了顺应安昌古镇古朴又温润的气质，决定采用陶土、颜色较浅的木材等传统的材料来奠定整个主场馆的氛围。从场馆内传统的设计手法中，可以看到对于绍兴黄酒文化的传承；顶部采用反光的不锈钢材质点缀，并创新使用了大面积的木质浮雕的手法，来表现黄酒的制作过程， 完成馆内新与旧文化的结合。践行了绍兴黄酒集团为千年黄酒“焕发新生”、绍兴黄酒“再行天下”、古越龙山“笑傲江湖”而不懈努力。	原创设计?版权归"
因为喜欢江南水乡的温婉定居在了苏州一直以为苏州的美没有那座江南城市可以超过直到我来了绍兴，突然觉得还是有可以跟苏州媲美的江南水乡的…….想把这座小城很真诚地推荐给大家但也怕这里被嘈杂的声音所扰动不管怎样，带你看看我眼中的绍兴吧～.??绍兴3??天2??夜游玩攻略Day1???苏州自驾出发抵达???东湖 ??十里荷塘????犭央(ang)犭茶(sang)湖????西小路历史街区?????入住绍兴市区Day2???仓桥直街????书圣故里????八字桥????鲁迅故里????兰亭 ???入住安昌古镇Day3??：安昌古镇??柯桥古镇??苏州.??推荐必打卡的地方.1??犭央犭茶 湖（ang sang）建于明代的避风石塘古纤道，小众到不能再小众的地方，工作日来的话基本没人.2??东湖以崖壁、岩洞、石桥、湖面巧妙结合，也是绍兴的一大园林。来此乘船进入岩洞，仿若进入了桃花源记的世界。.3??西小路藏在闹市里的江南水乡，建筑层峦叠嶂，好像现实版的“江南百景图”.4??环山路这里阴天晴天都别有一番韵味，而且游人稀少，街边的绿树配上粉墙黛瓦，非常江南～.5??兰亭这里有日本琉璃光院的同款天章之寺，也有王羲之的真迹，还有应景的大白鹅～.6??安昌古镇这是非常小众的一个古镇，里面有着老绍兴人的回忆，不妨来此小住一日吧～.7??柯桥古镇傍晚的柯桥古镇，随着科技的光影，这里成了江南的另一种画面～.8??镜湖十里荷塘“接天莲叶无穷碧，映日荷花别样红”在这里得以具像化～.9??鲁迅故里做先生书迷，访先生故里。读了那么多年先生的书，总要来次他的家乡吧～.??仓桥直街江南烟火气，最抚凡人心～来这里感受绍兴人的慢生活.
"除了昂桑湖安昌古镇真的很值得一去这里是我觉得醉有年味的古镇	每个铺子里都有很多腊肉坐在岸边围炉煮茶看着乌篷船缓缓在眼前流过穿过小桥流水，入白云人家	商业化很少年味很重	导航：安昌古镇有停车场，很大免费古镇"
"安昌古镇一日游真的不挤[赞R]打工人周末逃离计划+1?杭州自驾/高铁半小时直达的千年水乡腊味飘香・乌篷摇曳・糯叽叽暴击人均30r就能吃撑的江南烟火气！	??【交通超省心】??我们是自驾来的～导航到""安昌古镇""约40分钟，停车场5元/4h。如果从杭州出发高铁19分钟就到绍兴北站了（打车10分钟到景区）。	??【美食红黑榜】?必吃三件套：??孝店王酒酿馒头：用酒酿发的蓬松馒头！夹梅干菜肉香到迷糊??腊味双拼：腊排骨+腊香肠，咸香美味[色色R]沿河都是晾晒场景超壮观??桂花系列：米糕软糯不粘牙，搭配桂花蜜绝了！还有孝店王家的桂花酒酿也很好喝[买爆R]??猎奇尝鲜组：??绍兴臭豆腐：外酥里嫩但酱汁偏咸??南瓜花/萝卜丝饼：景区统一出品中规中矩??黄酒棒冰：5r奶香款比8r酒味款更讨喜	??【游玩路线】14:00 到达景区入口，我们是纯逛吃所以不用门票??14:30 乌篷船体验（65r/船可坐3人，送小麻花！25分钟穿越12座古桥）15:30 沿河茶铺围炉煮茶16:30 去仁昌酱园看百年酱缸阵列17:30 蹲守腊味长廊夕阳??注意事项：??周末人流量较大，建议14点前到达??景区厕所较少，入口处先解决	ps：这里没有过度商业化的小惊喜[偷笑R]老奶奶坐在门廊边灌香肠，船夫用脚划桨的古老技艺～空气里弥漫着酱香与酒酿的甜，花半天时间感受慢节奏的江南，才是打工人最好的回血方式呀[害羞R]"
Hey各位小伙伴们～??我是??作为一个土生土长的绍兴人这次给大家分享一下我的家乡“绍兴”真江南，还得看绍兴～准备来绍兴的宝子们快快收藏下来~-?【推荐游玩路线】沈园?鲁迅故里?书圣故里?东湖?兰亭-?【美食推荐】?绍兴黄酒?黄酒奶茶?黄酒棒冰?绍兴臭豆腐?绍兴三臭?茴香豆?梅干菜饼-?【交通指南】具体可看图5-?【住宿推荐】具体可看图6-?【避雷指南】具体可看图7-
"江南水乡看绍兴，烟火年味看安昌安昌古镇多次被央视评为蕞有年味的古镇！不同于其他古镇，这里还保留着原生态~满眼的腊肠、酱鸭处处洋溢着年味与烟火气很适合一日游吃个饭坐坐在腊月期间旅行来这，可以感受很热闹的年味	??位置：浙江省绍兴市柯桥区安华北路??门票：免费?开放时间：全天?游玩时间：一天??自驾：杭州出发1h直达	??游玩路线正大门进入??清风第一廊??城隍殿??穗康钱庄??石雕馆??绍兴宣卷馆??师爷馆??安昌民俗风情馆??安康寺??仁昌酱园??中国银行旧址	??新年古镇有品腊味+尝百草中医+听书+绍剧表演+说书+大书，2025年1月/11/12/18/19/25日，2025年1月30日一2月4日、2月12日汇集浙江各地记忆中的童年地道美食小摊，在现场还有和中医院开展中医问诊和养生集市，还有大书表演，绍兴特色表演，师爷说书。	1??喜事+祝福大典，1月25日大家都非常喜欢的明制婚礼，走花路，重现古代的婚礼流程。2??非遗（大年初一）1月29日水龙喷水，是第五批非物质文化遗产的古老仪式。3??2月2号+2月5号城隍庙会，蕞隆重的就数这个活动，一定要参加！4??福愿集・安昌古镇通关文牒+年味版画12月30日至2月12日，在游客中心广场每日提供限量免费领取安昌古镇通关文牒。可以在通关文牒上盖上专属当地非遗和民俗精美印章。5??闹元宵（吃汤圆猜灯谜放河灯）2月12日，在广场分发汤圆，同时在廊桥悬挂灯谜，答对的朋友可以在游客中心广场领取，还会有河灯相送~	??游玩攻略1??5点多亮灯特别好看，加上水汽烟雾缭绕的感觉特别美！2??乌篷船：单趟20分钟左右，3人/船，40元/船！3??南北老街：建议可以走到末端人少的地方可以真正感受水乡江南~4??围炉煮茶：中间段比较多，价格也烧贵，后半段价格会便宜二三十！	??美食攻略1??腊肠和酱油：仁昌酱园可以进去参观一下，免费！2??腊味串：很多家有，热腾腾的冒热气，很诱人3??有趣的小摊贩：在河边的廊棚下，有扯白糖、箍桶、做布鞋的老手艺人4??孝王店酒酿馒头：比较火需要排队购买，非物质文化遗产5??特色小吃糕点：安昌方印糕、黄酒棒冰、南瓜花、糯米蛋、腊肠、腊肉、鹅喜蛋、臭豆腐、桂花酒酿	"
“你一句春不晚 我就到了真江南”，我觉得安昌的清晨更适合打卡。
"都在柯桥区 且这俩地方离??不是很远 可以一起打卡都不太大 建议游玩时间1-2h 挑个周末时间一天足矣	??安昌古镇：白天最佳??下午时段最好 很出片也很逛保留了江南水乡的古朴与温情 比较有烟火气推荐美食：酒酿馒头、南瓜花、印糕	??柯桥古镇：夜晚最佳??夜游有灯光秀投影 非常精彩后造的商业化古镇 晚上会有点市集 比较热闹点吧推荐美食：寻宝记、围炉煮茶	整体来说如果想要拍照出片其实安昌古镇更好一点也比较具有烟火气息 小吃价格都很实惠	"
"?? 历史篇：北宋烟火，明清重生	安昌古镇的传奇始于北宋，距今已有千年！这里最初是江南水运的重要节点，商贾云集。	可惜战火无情，古镇多次被焚毁，但就像凤凰涅，明清时期它又被重建，保留了最原汁原味的江南水乡风貌。[派对R]	如今的石板路、乌篷船、老宅院，都是时光的“活化石”。	“碧水贯街千万居，彩虹跨河十七桥。”[红书R]	杭州出发1小时直达，高铁到绍兴北站打车20分钟就到！游玩下来大概5个小时。	?"
"[一R]交通??自驾??：古镇内有两个停车场，停车很方便动车??：直达绍兴北站，距离安昌古镇仅6公里地铁??：乘绍兴地铁1号线坐到越州大道站，再转香林号公交专线	[二R]开放时间??24h不打烊?	[三R]门票??[种草R]大门票：完全免费！[种草R]6景点联票：成人50元，儿童/老人/学生票30元??包含景点：石雕馆、穗康钱庄、城隍殿、中国银行旧址、安昌民俗风情馆、师爷馆使用时间：08:30-16:30对历史文化感兴趣的小伙伴可购买联票，只想闲逛和品尝美食的小伙伴可以省啦！	[四R]美食推荐??主食：师爷馄饨、酒酿馒头，馄饨还不错，酒酿馒头很松软~ ??小吃：推荐萝卜丝饼、臭豆腐，外酥里嫩，香气扑鼻??糕点：推荐安昌印糕、扯白糖、南瓜花，软糯可口，甜而不腻。古镇里有很多卖糕点的店铺，可根据自己的喜好购买 ??酱货：推荐腊肠，肉很实。古镇内还有很多酱货店，腊肉、腊鹅、腊鸭、腊鹌鹑等各种酱货均有售卖??特色体验：黄酒奶茶、酱油冰淇淋、黄酒棒冰。黄酒味不重的，可以尝试??	[五R]游玩打卡?????♀乘坐乌篷船，穿梭在古镇的河道中，感受江南水乡??  探访仁昌酱园，了解古镇的酱文化，品尝地道的酱制品??围炉煮茶，与三两好友在古镇的角落享受悠闲的时光	[六R]游玩小记安昌古镇像是画卷里的小桥流水人家，景致很有江南水乡的韵味，熙熙攘攘的人群和琳琅满目的货品，让古镇充满了人间烟火气。古镇不大，是沿河两岸铺展成的一条老街，走走停停大约一个小时就能逛完。脚下铺着的石板路，两旁的古宅多为保存完好的原生态建筑。在这里，几乎家家户户都制作晾晒酱货，行走其间，能闻到空气中弥漫着腊肠、酱鸭的香气。还有许多卖糕点、黄酒、手工艺品的小店，价格不贵，可以尽情挑选。可以过了午后三点来，此时人群就渐渐少了，晚上会亮灯，夜景也很美。在古镇里，适合放慢脚步游览，或是悠哉游哉地闲逛，或是坐在河畔品茶赏景，享受一段不被打扰的悠然时光。	"
?? 踏入绍兴，仿佛穿越千年，古色古香，韵味悠长。这里是鲁迅的故乡，王羲之的墨香之地，一场说走就走的文化之旅等你来探！?? 定位：浙江省绍兴市?? 高铁：绍兴北站?? 自驾：便捷抵达，古城内推荐步行或骑行.??【绍兴游玩路线攻略】D1：鲁迅故里-沈园-仓桥直街（美食探索）D2：东湖泛舟-兰亭寻墨-安昌古镇（夜游乌篷船）.??【必打卡景点】?? 鲁迅故里：从百草园到三味书屋，感受文学巨匠的童年足迹，黄酒与茴香豆不可错过。?? 沈园：夜游沈园，聆听陆游与唐婉的凄美爱情，精致演出让人沉醉。?? 东湖：乘一叶扁舟，穿梭于山水盆景间，体验82版《西游记》取景地的魅力。?? 兰亭：探访书圣王羲之的圣地，品味《兰亭序》的千古绝唱，静享竹林清幽。?? 安昌古镇：夜幕降临时，乘乌篷船游古镇，体验最纯粹的江南水乡风情。.??【住宿推荐】?? 选择鲁迅故里或城市广场周边的连锁酒店，性价比高，出行便利。.??Tips：绍兴美食众多，仓桥直街是吃货的天堂，生醉蟹、臭豆腐等不容错过。提前预约热门景点，如鲁迅故里，避免排队等待。漫步古城，不妨尝试一次乌篷船体验，感受水乡的独特韵味。
我在家乡当游客之“安昌古镇”~??不亏是被央视力荐的年味免费古镇~???这里满是年货，各种腊味芳香扑鼻~??这里人来人往，满是古镇的烟火气~今年我们又带小朋友来打卡啦，吃了腊味，买了腊味......比起去年这里翻新了不少，水也更清了~好多地方都很出片~???收好详细路线图！-??具体打卡路线：杭州出发40分钟??安昌古镇1号停车场??安昌桥??高桥??游船码头??城隍殿??师爷馄饨??天官第文创园??师爷馆??民俗风情馆??中国银.行旧址??仁昌酱园??高桥??停车场-??游玩温馨提示：??坐乌篷船（单程）：非节假日??65/趟，节假日80/趟（每趟限3人-含怀抱小宝宝）??免费景点：仁昌酱园、天官第、师爷戏台...??收费景点（??50/人-8个景点）：师爷馆、石雕馆、民俗风情馆...??关于年货：我们差不多每年都去，买一些酱味自己吃和送人，个人感觉前街比较大的几家店的东西比较好?而说到合适的伴手礼，??必须提一下Lotus?Biscoff?和情焦糖饼干，????比利时进口品牌，特别是他们家今年的新春银来红运礼盒很精致，??红红火火真的很适合送人~而我们现在出门也经常带上几包，独立包装很适合懒人~口感上酥酥脆脆，小朋友很爱吃，关键配料也很干净，浓郁焦糖香搭配上牛奶，一整个绝了~建议宝子们一定要试试！??小吃打卡：师爷馄饨、安昌印糕、南瓜花、各种腊味串（腊肠、酱鸭等）、酒酿奶茶、玫瑰酒酿馒头、臭豆腐、萝卜丝饼、龙须糖、绿豆糕、藕粉酥...??关于土菜馆：大部分都差不多，大家可以看了菜单问了价格再考虑是否进去吃~??后街有很多围炉煮茶店，人少安静很适合坐下来感受~-??周边游玩点：??柯岩鉴湖景区??兜率天宫??柯桥古镇??昂桑湖古纤道-我是柚柚妈妈，??我分享更多游玩攻略~
??【绍兴必去の8大神仙地】1?? 兰亭・竹林秘境“崇山峻岭，茂林修竹”?? 王羲之笔下的《兰亭序》照进现实！曲水流觞、青竹掩映，穿汉服来拍一组魏晋风大片！2?? 鲁迅故里・课本照进现实“从百草园到三味书屋”?? 摸一摸鲁迅刻“早”字的课桌，吃一根黄酒棒冰，童年记忆瞬间复活！3?? 书圣故里・水墨画里的烟火气“飘着墨香的江南老街”??? 王羲之故居的书法墙、老爷爷的乌篷船、巷口的臭豆腐摊，一半诗意一半烟火！4?? 东湖・悬崖下的江南“乘乌篷船穿越千年”?? 86版《西游记》同款取景地！摇橹声里穿过百米悬崖，武侠感拉满～5?? 八字桥・活着的南宋“中国最早的立交桥”?? 没有商业化的原始水乡，阿婆在河边浣衣，老猫在屋檐打盹，时光仿佛停驻。6?? 安昌古镇・腊味飘香的年味“挂满酱鸭腊肠的烟火长廊”?? 坐乌篷船喝黄酒，买一包酱鹌鹑，这才是江南冬天的正确打开方式！7?? ?犭茶湖・避世级日落“连本地人都不知道的宝藏湖”?? 明代古避塘绵延数里，白鹭掠过水面，黄昏美得像莫奈油画！8?? 大禹开元・免费古村秘境“住进明清古村落里！”??（重点推荐??）白墙黛瓦、小桥流水，凌霄花爬满院墙，人少景美狂出片！ ??【3天2夜懒人路线】DAY1：穿越千年书圣故里→八字桥→仓桥直街→夜宿大禹开元（免费拍古风大片！）DAY2：大师足迹鲁迅故里→东湖乌篷船→?犭茶湖追日落DAY3：诗与远方兰亭竹林品茶→安昌古镇买腊味→返程??【避坑指南】?? 鲁迅故里&兰亭记得提前GZH预约！?? 乌篷船选东湖或安昌古镇，性价比更高～?? 黄酒棒冰认准“红标”款！仓桥直街的奶油小攀J甜慎买！?? 穿舒服的鞋！绍兴石板路走得怀疑人生…??【最佳旅游时间】? 3-5月：兰亭竹海听雨，东湖泛舟赏樱? 9-11月：秋染古桥，桂花香满城? 12-2月：安昌腊味年货节，水乡灯笼映雪 “总要去一趟绍兴吧～摇橹船穿过南宋的石桥，黄酒香晕染墨色的巷弄，这才是中国人骨子里的江南啊！”?? 
・“有骨的江南当看绍兴”看遍了浙苏皖，回头再说起江南绍兴是唯一一个还会让我心动的城市白墙黛瓦，乌篷摇曳一半烟火一半诗书尽显这座古城的风骨与柔情整理2天1晚游玩攻略很适合江浙沪周末出游~・??【我的2天行程】Day?昂桑湖-鲁迅故里-青藤书屋-仓桥直街-府山公园-西小路-孑民图书馆-书圣故里-八字桥Day?东湖-兰亭-安昌古镇-返程・??【游玩介绍】1??昂桑湖建于明代的古纤道，距离绍兴北站很近，建议第一站就去这里。想航拍同角度，建议晴天早上去，顺光真的很蓝。2??鲁迅故里从百草园到三味书屋，读先生写的书，走先生行过的路，感受先生笔下的江南。3??仓桥直街窄窄的青石板路，充满烟火气，可以买到各种文创和特色小吃，打卡Q版鲁迅。4??府山公园藏在绍兴古城里的绿野仙踪，爬到山顶的飞翼楼可以俯瞰整个城区，还有西小路的经典俯拍机位P2。5??西小路这里毫无商业，只有岁月静好，适合安静的拍人文，阳明故里也在这里，可以逛下。6??书圣故里王羲之和蔡元培的故里，白墙黛瓦间都是飘逸的书法，甚至连咖啡杯也是，拍照很出片。7??东湖西游记的取景地，一定要体验一次这里的乌篷船，划船进入水墨画。8??兰亭这里自带bgm，是王羲之当年设曲水流觞宴的地方，并在此挥毫写下《兰亭集序》。9??安昌古镇充满烟火气的免费古镇，满街都是酱鸭卤味，在这里看一场古镇落日再离开绍兴。・?【食宿建议】??住宿推荐住鲁迅故里附近，景点集中，出行方便。??美食推荐黄酒棒冰，臭豆腐，还有安昌古镇的酒酿馒头，松松软软的狂炫！还有安昌古镇的沿河农家菜，下江南氛围感拉满。・
?回首看 江南水乡风犹在望过往 人间皆是烟火情是岁月柔情里的点点微光啊把古镇古村里的历史文化从过去“贩卖”到如今让我为之动容这十八处风景一眼万年 全是好光景-??【2023年我去过最美的古镇古村】1??南浔古镇南浔 南巡  简单不单调的水乡古镇-2??书圣故里江南烟雨 纯朴风情满满的小桥流水人家-3??溪上村许光汉同款秋千地 万安桥是绝佳机位-4??安昌古镇特色乌篷船一定要坐 民土风情很浓厚-5??西塘古镇夕阳西下里的西塘 美不胜收-6??乌镇超有名气的古镇之一 乌镇戏剧节你肯定听过-7??同里古镇古韵风很正的民风古镇_8??廿八都古镇江湖感满满的古镇 在古镇的亭子上 能看到全景-9??丽水松阳村子超级有年代感 非常宝藏 四季都非常适合去-1??0??渔港古城充满文化创意的古渔小镇 玩的小景点很多-1??1??葛仙村仙侠世界里的世外桃源 白天夜晚都好看-1??2??婺女洲亭台楼阁的风姿卓越 不能错过的灯光秀与打铁花-1??3??景德镇拥有瓷都之乡的美誉 艺术内涵浓厚-1??4??阳产土楼金黄色包围的古老村落与晒秋人家 暖阳下的土楼显得格外有生机-1??5??西津渡镇江市三山一渡中的一渡 可以“一眼看万年”-1??6??瑶里古镇惬意斑斓的悠悠古镇 超级有诗情画意-1??7??徽州古城中国四大古城之一 徽派建筑风格独特别致-1??8??篁岭年代久远的古老文明 婺源里绝不能错过的景点-??古镇古村的淳朴民风是古往今来一直在延续的经典待腻了车水马龙的城市 这些古村镇适合小住几天
・绍兴，你的嘴可真严啊??这座惊动了央视5次的冷门古镇，为何一直不声张呢？・??安昌古镇被称作是中国十大古镇里最冷门的那一个，传承了典型的江南水乡??特色，枕水人家、粉墙黛瓦、石板弄堂、黑毡帽乌篷船???♂?……古镇既有传统特色的店铺作坊、错落有致的翻轩骑楼，也有粉墙黛瓦的台门民居、曲折幽深的石板弄堂，每一样串联在一起，构成了一幅绝美江南水墨画??????。・国庆假期将至??，安昌古镇飞花词会、祭月大典、“酱香味?师爷情”等精彩纷呈的活动强势来袭，散发独特魅力，若是来安昌，千万别错过了~・??景点：绍兴柯桥区安昌古镇??门票：免费??高铁：到绍兴北站，打车20分钟??地铁：绍兴1号线越州大道站，打车15分钟.?游玩tips：建议下午两三点到，悠哉悠哉逛完，在古镇吃个地道的绍兴菜夜幕降临，古镇亮灯以后非常好看，节假日还有表演节目.关??
"烟雨入江南，山水如墨染?。??跟着“遇见绍兴”短视频大赛二等奖《烟雨绍兴》??，遇见绍兴之美。??雨落在书圣故里??，如同翻开一幅流动的历史长卷??，一草一木都浸润着翰墨书香??。??雨落在沈园??，似一场哀怨??，带着无尽的惋惜??，叹息一场刻骨铭心的爱情故事??。??雨落在兰亭???，敲打着屋檐??，似在诉说古老的故事??，应是诗画中的???，天青色等烟雨??。??雨落在安昌古镇???，是另一种带有烟火气息的美感??，烟雨映衬着黑瓦??，美如画卷???。烟雨江南，四季如诗。???，冬日的绍兴亦是烟雨绵绵，将古镇、古巷，园林渐次晕染，氤氲出如诗如画的意境。绍兴，不愧是“真江南”??～	?"
“你的一句春不晚，我就到了真江南”，这个梗出自苏轼的《惠崇春江晚景》因为喜欢江南水乡的温婉定居在了苏州一直以为苏州的美没有那座江南城市可以超过直到我来了绍兴，突然觉得还是有可以跟苏州媲美的江南水乡的…….想把这座小城很真诚地推荐给大家但也怕这里被嘈杂的声音所扰动不管怎样，带你看看我眼中的绍兴吧～.??绍兴3??天2??夜游玩攻略Day1???苏州自驾出发抵达???东湖 ??十里荷塘????犭央(ang)犭茶(sang)湖????西小路历史街区?????入住绍兴市区Day2???仓桥直街????书圣故里????八字桥????鲁迅故里????兰亭 ???入住安昌古镇Day3??：安昌古镇??柯桥古镇??苏州.??推荐必打卡的地方.1??犭央犭茶 湖（ang sang）建于明代的避风石塘古纤道，小众到不能再小众的地方，工作日来的话基本没人.2??东湖以崖壁、岩洞、石桥、湖面巧妙结合，也是绍兴的一大园林。来此乘船进入岩洞，仿若进入了桃花源记的世界。.3??西小路藏在闹市里的江南水乡，建筑层峦叠嶂，好像现实版的“江南百景图”.4??环山路这里阴天晴天都别有一番韵味，而且游人稀少，街边的绿树配上粉墙黛瓦，非常江南～.5??兰亭这里有日本琉璃光院的同款天章之寺，也有王羲之的真迹，还有应景的大白鹅～.6??安昌古镇这是非常小众的一个古镇，里面有着老绍兴人的回忆，不妨来此小住一日吧～.7??柯桥古镇傍晚的柯桥古镇，随着科技的光影，这里成了江南的另一种画面～.8??镜湖十里荷塘“接天莲叶无穷碧，映日荷花别样红”在这里得以具像化～.9??鲁迅故里做先生书迷，访先生故里。读了那么多年先生的书，总要来次他的家乡吧.??仓桥直街江南烟火气，最抚凡人心～来这里感受绍兴人的慢生活.??注意：现在小红书上线了「100天运动打卡挑战」活动，可以参与领取背包挂件等哦～跟我一样带着可爱的包挂一起旅行环游世界吧
有骨的江南当看绍兴，如果没来过绍兴，或许不能称得上真的来过江南绍兴这座被称为"没有围墙的博物馆"的城市，也曾被《国家地理》评选为最具有人气的江南水乡。-???【绍兴景点推荐】1??绍兴兰亭王羲之笔下《兰亭序》中描绘的绝美秘境，茂林修竹，曲水流觞，一步一景都让人回到永和九年的那场梦2???(ang)犭茶(sang)湖始建于明代，是沟通南北两岸交通和船只躲避风浪的通道。白鹭展翅，水波荡漾，沿着河岸散步也很美3??鲁迅故里鲁迅先生的故居，从百草园逛到三味书屋，看看语文课本里先生在课桌上刻的“早”字4??书圣故里书圣王羲之的故乡，沿着水岸人家感受历史气息，蕺坊桥旁的书法墙很出片5??东湖86版《西游记》的取景地之一，坐着乌篷船在湖中穿梭于岩壁，石桥下非常惬意6??八字桥中国zui早的立交桥，附近有许多原住民，是一个充满烟火气的地方，可以感受原汁原味的江南水乡生活7??安昌古镇绍兴四大古镇之一，老街依河而建，这有许多绍兴特产腊鸭、腊鱼，腐乳等等出售，过年本地人采购年货很热闹的地方8??大禹开元（宝藏免费景点）??????背靠会稽山，南依大禹陵，本身免费参观，可以选择住这里也很方便，价格也不贵，不仅是酒店也是绝美景区，往大部分景点基本在20分钟车程内，整个环境位古村落的自然生态环境，以白墙墨瓦的明清建筑为主体，小桥流水穿插其中，祠堂、戏台、天井、古街、石巷拍照真的非常出片！春天的时候这里蔷薇花开满园，现在的凌霄花开的正盛，酒店环境真的很美，相比书圣故里人挤人，这里拍照真的人少景美??-??暑热逐渐褪去，不如就去绍兴走一走吧，给大家整理了一份3天2夜游，快码住??DAY1??：书圣故里-八字桥-仓桥直街-府山公园-入住绍兴大禹开元观堂DAY2??：大禹陵-鲁迅故里-?(ang)犭茶(sang)湖-东湖DAY3??：绍兴兰亭-安昌古镇-返程-??【美食推荐】黄酒棒冰、萝卜丝饼、臭豆腐、绍兴醉蟹、次坞打面等等-
"如果你厌倦了城市的喧嚣，想找个地方放松一下，我强烈推荐你来安昌古镇！这里不仅有最原始的江南水乡韵味，还有满满的烟火气和独特的文化体验。	安昌古镇的美食绝对能让你大饱口福！满街的腊肠、酱鸭、熏鱼，还有热气腾腾的本地臭豆腐，无不洋溢着浓浓的年味。	“两岸人家安且昌，乌篷俨在画中航。腊肠鱼鲞梅干熟，黄酒白糖蚕豆香。”这句诗完美地描绘了安昌的烟火气。	安昌古镇不仅有美食，还有深厚的文化底蕴。“天下师爷出绍兴，绍兴师爷出安昌”，这里有一个师爷博物馆，展示了安昌作为师爷之乡的历史文化。	??交通高铁：到「绍兴北站」，打车20分钟直达古镇。地铁：乘坐地铁1号线到「越州大道」，再打车15分钟。自驾：从宁波出发，一个半小时直达。	???♂?游玩攻略门票：古镇是免费的，但里面有6个景点需要收费，可以买联票或者单独购买。摇橹船：65元/每艘船，可以坐3人，非常适合和朋友一起体验江南水乡的慢生活。	??【推荐游玩路线】： ???正大门进入-清风第一廊-城隍殿-穗康钱庄-石雕馆-绍兴宣卷馆-师爷馆-安昌民俗风情馆-安康寺-仁昌酱园-中国银行旧址（环形路线，不用走回头路??）	??拍照攻略最佳时间：下午3点到5点，光线柔和，适合拍摄古镇的烟火气。乌篷船：乘坐乌篷船，以两岸的古建筑为背景，拍出的照片超有江南韵味。腊味一条街：满街的腊肠、熏鸡，很有本地特色，是拍照的好地方。仁昌酱园：可以拍出充满传统酱园文化的照片。人文摄影：古镇里住着很多本地人，可以拍摄到很多有趣的人文照片。夜景：晚上古镇亮灯后，夜景很美，适合拍摄夜景照片。	?"
??比起乌镇，我更爱这座绍兴小众古镇，这里远离尘嚣，安静祥和，满街的腊肠、酱货处处洋溢着江南烟火气… 这里游客不多，很适合走走停停，逛吃逛喝，感受最原始的水乡韵味…..??地址：绍兴安昌古镇??关于安昌古镇 ??：免费 ，全天开放??游玩时间：2-3小时??Tips1.古镇免费2.不少展览馆需??，50r的联票畅游3.老街沿河道路不宽，谨防遛娃掉落 不建议推婴儿车，全是石板路和古桥，不方便4.推荐夜游，沿河台门人家的烟火气更加浓郁，别有一番风味。
.Hi~ 我是江南君~作为一个在杭州生活了7年的人绍兴，是我经常去的一座城市无论春夏秋冬，还是阴晴雨雪总要隔三差五地去绍兴走一走解压、治愈，还有慢节奏的生活这些都是我喜欢绍兴的理由作为一个低调的江南小城木心先生也曾说“有骨的江南当看绍兴”.想把绍兴真诚地推荐给大家但也怕人满为患，到处人挤人无论怎样，还是分享一下我所喜爱的绍兴吧.?犭央犭茶 湖（图1-3）即昂桑湖，建于明代的避风石塘古纤道，有着美丽的传说，现在是人少景美的小众打卡地，拍照很出片.?古纤道（图4-5）位于柯桥区的轻纺城大道旁，自东而西绵延40余公里，是古人行舟背纤的通道，至今仍保留完整的将近1公里.?东湖（图6-7）以崖壁、岩洞、石桥、湖面巧妙结合，成为著名园林，虽然湖比较小，但却是浙江三大名湖，“湖中之奇”.?西小路（图8-9）仿佛是被绍兴遗忘的江南水乡，从飞翼楼山看建筑鳞次栉比，宛如现实版的“江南百景图”.?书圣故里（图10-11）书圣王羲之的故里，记得前几年去的时候，这里还很冷清，现在已经是人从众了，有些机位很难拍到空旷的景色了.?兰亭（图12-13）书圣王羲之描述的“流觞曲水”便是在此，还有鹅池也是他“之”字的灵感之源.?安昌古镇（图14-15）免费开放，近几年的游客也越来越多，希望能一直保持住它的人间烟火气吧.?八字桥（图16）古代的水上立交桥，历史意义大于风景，但旁边的广宁桥直街很有韵味.?府山公园（图17）可以参观山脚下的绍兴博物馆和越王台，府山直街也是一条具有本地烟火气的街巷.?仓桥直街（图18）沿河而建的古民居，是典型的江南水乡风格，满大街的臭豆腐、奶油小攀和黄酒棒冰是绍兴特色小吃.??我是旅行在路上的江南君~一名旅游博主 & 风光摄影师分享户外生活丨旅游攻略丨摄影打卡主页有更多图文和攻略，感谢关注.
"就在绍兴！这个安昌古镇是典型的江南水乡，而且是一个越到冬天冷的时候人就越多越热闹的地方！还没到腊月，就有了逛市集买年货的感觉了！沿街的各种腊货挂起来也成了一道特有的风景！.“两岸人家安且昌，乌篷俨在画中航。腊肠鱼鲞梅干熟，黄酒白糖蚕豆香。”形容的就是这里！.安昌腊肠、扯白糖都远近闻名，还有酒酿馒头，印糕亲测都非常好吃！一定要趁热吃！这里的水上婚礼也是别具特色，.“天下师爷出绍兴，绍兴师爷出安昌”所以这里还有一个师爷博物馆！.??这个古镇是免费的，但是里面有6个景点是要收费参观的，可以买联票或者单独购买，我没有进去看，就在外面逛了逛，看了看文字介绍。??摇橹船是65元/每艘船，可以坐3人。.??游玩路线：整个古镇不大，基本都是北街进南街出，靠近入口的地方人多，越到里面越少，我是工作日去的，所以整体人不算多，周末假日应该很热闹。	"
在浙江，有座别具一格的千年古镇：它口碑超好，是绍兴保留最好，最原汁原味的古镇，《国家地理》还曾赞它为“小桥流水石皮弄，白墙黛瓦乌篷船”的真水乡；它满街都是商品，却不会让人觉得过于商业化，因为店铺里的商品，不是千篇一律的全国同款，而是地地道道的当地特产；它处处都散发着，老绍兴独有的江南书卷气，鲁迅笔下不一样的江南水乡，以及淳厚古朴的民风，在这里体现得淋漓尽致…它就是――安昌古镇。安昌古镇，位于浙江绍兴的柯桥区。有人说，安昌古镇是所有江南古镇里面，最有烟火气的一个古镇，尤其是春节前后这段时间。每年腊月，古镇内的家家户户都会挂出各种腊味和酱制品，琳琅满目，整个古镇显得格外热闹和喜庆?。所以，如果想去安昌古镇，腊月和春节期间，是最好的选择。安昌，一座真正活着的古镇始建于北宋年间的安昌古镇，曾在战争中多次被烧毁，现存的古镇，重建于明清时期。沿街的商贩古镇的老街市，其实并不长，只有不到2公里。但就是这么短短的一段路，让古镇充满了人间烟火气。古镇上的老茶客一座座石拱小桥，架起了河两岸的民居和商铺。当地人在这里营生，满街的酱货、臭豆腐、扯白糖、印糕、梅干菜小酥饼…是他们的生计，也是他们的一辈子。绍兴出师爷，多半在安昌有人说，绍兴最有名的特产，不是吃食，而是师爷。安昌的师爷，天下闻名。曾经还有一句老俗话，叫“无绍不成衙”，而绍兴籍师爷里，有大半都出自安昌。师爷博物馆有一份不完全的数据统计显示，仅仅清朝的最后两百年，安昌走出去的师爷，就有上万人。安昌也因此，被称为“师爷故里”。在古镇里，就有一座师爷博物馆。这是全国独一个以师爷文化为主题的博物馆，如果对这个特殊的佐治群体感兴趣，可以买个门票进去参观。三乌文化，原汁原味绍兴有独具特色的“三乌文化”，即乌干菜、乌毡帽、乌篷船。三乌，是绍兴乡土文化的象征。而在安昌古镇，目之所及，皆是三乌。沿街商铺的菜干这里几乎家家户户都自己晒乌干菜，也就是梅干菜。一道乌干菜蒸猪肉，成为了众多绍兴游子，念念不忘的家乡味。绍兴人尚黑，而乌毡帽，就是这种审美下，衍生的极具地域特色的文化遗产。戴着乌毡帽的乌篷船船夫古时越人以舟为车、以楫为马，只有绍兴人的乌篷船，拥有了姓名。乌篷船的摇橹声，穿越千年，最是江南味。
绍兴??你嘴真严??这座惊动央视5次的古镇，你为何不声张?如果假期只去一座古镇，一定要到安昌。感受一下原始水乡的烟火气是一座有着烟火气，品尝手工晒制的腊肠、酱鸭、熏鱼，静赏小桥流水乌篷船，再来一杯黄酒奶茶~ 走走逛逛好不惬意??景点：绍兴何桥区安昌古镇??门票：免费??高铁：绍兴北站，打车到古镇20分钟左右??地铁：绍兴地铁1号线【越州大道】打车15分钟~??自驾：导航【安昌古镇停车场】[星R]游玩tips：安昌是一个没有很商业的古镇，依河而建，各式古老的店铺，烟火气很浓郁~老街上，家家户户门 1者 都挂满腊肠、酱鸭、酱鱼等，还可以看到裹粽子、灌腊肠、春年糕、 扯白糖等传统美食工艺，很有烟火气[星R]推荐游玩路线：涂山廊→水阁桥→安昌古戏台→安昌文史馆→仁 昌酱园→中国酱文化博物馆→穗康钱庄→绍兴宣卷馆→石雕展览馆→安昌民俗风情馆→绍兴师爷博物馆[星R]乌篷船??游船时间：8：00-16：30??单程：40r/船，可坐3人(需提前排队)?游船码头：1?古戏台旁2?民俗风情馆旁游船行程大约10分钟左右 船只是老师傅们手滑脚摇，船只数量不多，人多时候需要排队
"我去过很多江南的古镇，景德镇的瑶里古镇，苏州的f直古镇、周庄、同里，还有苏州大大小小的古街区，唯有绍兴的古镇是我最喜欢的感觉??	“读先生的书，探先生的故里”这句话大概很多人都知道说的是谁了，这里是鲁迅周树人的故乡，也是王羲之《兰亭集序》的出自地，更是名副其实的文物之邦和鱼米之乡，绍兴的古街区到处都是文人墨客的痕迹。从百草园到三味书屋，从书圣故里到鲁迅故里，从仓桥直街到安昌古镇，绍兴的春天没有人可以拒绝～"
"?? “乌篷轻摇，桥影横斜，梦回旧时越城。”若江南有诗意，那一定藏在绍兴的水巷深处。	?? 【必打卡】绍兴古韵之地???♂ 乌篷船・烟雨江南：摇橹声声，水巷幽深，仿佛穿越千年旧梦。?? 鲁迅故里：青砖黛瓦间，走进少年闰土与阿Q的故事里。?? 东浦黄酒小镇：酒香扑鼻，尝一口绍兴黄酒，微醺入梦。?? 安昌古镇：石板桥、白墙黑瓦，最原汁原味的江南风情。	?? 绍兴的浪漫，藏在细节里?? 微雨拂袖，乌篷船载着旧时光轻晃；?? 在沈园，读一首陆游写给唐婉的《钗头凤》；?? 暖一壶黄酒，与故人共话，任岁月缓缓流淌。	? 绍兴不只是江南，它是时光深处的温柔梦境?? ??收藏+点赞，带TA一起游绍兴！	"
阴雨天的安昌古镇烟火气满满
"杭州地铁直达！自驾50分钟左右 周末游绍兴安昌古镇攻略想要逃离城市的喧嚣，寻找一片宁静的天地吗？那就不要错过绍兴的安昌古镇啦！?? 从杭州出发，只需乘坐地铁，再换乘绍兴轨道交通1号线，就能轻松抵达这个充满历史韵味的古镇。自驾杭州出发，走空港高架、彩虹快速路、104国道55分钟左右，免费。走高速45分钟左右。	?? 交通指南：从杭州地铁出发，先到姑娘桥站，然后换乘绍兴轨道交通1号线至越州大道站。之后，你可以选择乘坐公交或打车前往安昌古镇，打车费10元左右。?? 门票信息：安昌古镇免票。有8个景点是需要收费的，师爷馆、城隍殿、民俗风情馆、穗康钱庄、石雕馆、安康寺、宣卷馆、中国银行旧址。价格是50元/人。另外，船票是50元/船，可以坐三个人，从古镇的一端到另一端。? 推荐游览时间：建议预留2-3小时，慢慢品味这个古镇的独特魅力。?? 拍照打卡：古镇内有许多免费的好拍地点，无论是古色古香的建筑，还是热闹的市井风情，都能成为你相机中的美景。?? 美食推荐：安昌古镇的美食也是一大亮点。这里有各种腊肉、腊肠、酱鸭、酱鱼，还有绍兴黄酒、女儿红、米酒、酒酿馒头。特别是萝卜丝饼，一定要尝一尝，超级好吃！还有臭豆腐、木莲豆腐、扯白糖、清朝馄饨、安昌印糕等等，各种小吃让你流连忘返。"
（首先请将照片向右旋转90度观看）先来打个卡，适合春天来拍的机位，特色的苦楝树搭配乌篷船，或者烟雨季，找寻一种慢节奏的生活方式。图1，图2:安昌古镇。图3，图4:东湖景区。拍摄器材：御3pro。
“桥下流水皱，屋前桐叶黄。”今天带来的是安昌古镇的第七期。安昌古镇不只有白天，还有夜景的，也别有一番风味，可惜傍晚回去了，有机会以后再拍。??地点：浙江省绍兴市柯桥区安昌古镇??相机：佳能R6II、镜头为24105构图思路仅供参考，感谢观看 ・?・?
?? **绍兴2天1晚详细攻略**
"《绍兴》文：房琪 摘：姜姜同学	绍兴雨下一整晚于是我就见到了真江南	撑竹筏划过溪上人家追清风秋千过水涟漪会荡出这座水乡的前世今生	沈园刻下的钗头凤碑在纪念陆游唐婉红酥手握不住期盼黄藤酒怎饮得尽悲欢	水枕江南安昌古镇便是那梦里水乡畔	这红灯忽明忽暗水波或急或缓怪不得身在江南便总叹这姻缘婉转	它曾是会稽山阴有西施更有兰亭放不下这一场江南梦啊	不如就留在绍兴"
"除了体验安昌古镇的水乡风情，也少不了要尝尝当地特色美食安昌古镇地道小吃真不少，边逛边吃惬意的很有哪些特色小吃?怎么吃不踩雷?这篇就来好好唠一下安昌古镇的美食附?美食攻略 ?避坑指南??????	??孝店王酒酿馒头 P6推荐指数??????????不愧是被纳入非物质文化遗产的宝藏美食，馒头蓬松很有嚼劲，家里人都赞不绝口，不枉排了一小时的队。馒头有限购1人只能买??个，根本不够吃，同行的小伙伴可分开来购买。强烈推荐酒酿馒头夹笋干肉、绍兴枕头粽(经典鲜肉粽、梅干菜肉粽、安昌香肠粽)、原味酒酿馒头，好吃到流连忘返??。粽子不仅个头大，馅料也很足，物超所值。价格在P7	??功夫醉鹅推荐指数??????????鹅身?鹅各个部位，半只鹅挺大的，差不多80+??。外表看着清淡却格外入味，肉质鲜美，鹅皮很肥很油，不喜欢吃油腻的不推荐。	??安昌印糕 P9-10推荐指数??????现做现蒸的印糕，有四种口味，可混合装。吸引人的是印有安昌古镇的图案，可以打卡拍照??。一定要趁热吃，凉了就变硬了，口感没那么好，每一种口味吃起来感觉有一股淡淡的薄荷味。条街上有好几家，每家的地理位置不同价格也有些差异。20??/盒	??师爷馄饨 P11-13推荐指数????手工现包的小馄饨，卖相和味道都很普通，不知道为什么这么一碗馄饨价格卖这么高，吃的人非常多，不如平时随便在街边吃的馄饨，拔草了。吃完才发现隔壁是清朝馄饨，不晓得味道如何。价格在P13	??南瓜花推荐指数????很像南京的梅花糕，形状像甜筒，外角脆脆的，面皮糯糯的，里面是南瓜馅，味道一般。5??/个	??臭豆腐 P15推荐指数??刚到景区大门口买了一份，特别容易踩雷，很难买到好吃的。10??/份只要步入安昌古镇，家家户户几乎都晒着腊肉肠、酱鸭、鱼干……除此之外还有扯白糖、龙须糖、黄酒棒冰......除了小吃，街边喝咖啡??的地方也不少，像柿夏庭院、绍小馆十九平......每家各有各的特色，逛累了可以歇歇脚。河道边还能围炉煮茶??，可以看乌篷船??缓缓划过。放慢脚步，享受当下总的来说，安昌古镇各类美食很有地方特色，值得去一探究竟??"
"安昌古镇是去年过年就很想骑车来的地方，但看新闻说过年多人，就没有骑过来这次过来觉得也是很惊喜，没有其他古镇的那种喧嚣，没有全国古镇统一的长沙臭豆腐，大肉串和老酸奶[笑哭R][笑哭R][笑哭R]，都是当地特色的食物	古镇就沿着河道两旁，河流多长，古镇也就多长，有当地居民住着，傍晚会有阿嬷在河里洗东西，商家都说着本地口音，但是又不会过于冷清，不是世外桃源，是世俗的适合居住的地方，是大隐隐于市的“市”往里走可以独处，往街上走也可以市井，	逛的时候看到卖当地卤味的人家一家人围在中庭吃饭，感觉这种场景是20年前了，就让我想起来去年看的电影《乘船而去》，江浙的船，船下的河，河边的人，人聚集在一起吃饭	后面去吃了一口味，食物也是当地口味，但对于我来说甜了一点！	如果你喜欢这种场景，放心来?"
.看够了繁华的苏州和杭州或许低调小众的绍兴才是我心目中的真江南木心先生也曾说：“无骨的江南不只苏州有骨的江南当看绍兴”绍兴，真的是一座宝藏级的江南小城.1??东湖以崖壁、岩洞、石桥、湖面巧妙结合，成为著名园林，虽然湖比较小，但却是浙江三大名湖，“湖中之奇”.2??兰亭绍兴的小众秘境，书圣王羲之描述的“流觞曲水”便是在此，还有鹅池也是他“之”字的灵感之源.3??安昌古镇免费开放，近几年的游客也越来越多，希望能一直保持住它的人间烟火气吧.4??书圣故里书圣王羲之的故里，记得前几年去的时候，这里还很冷清，现在已经是人从众了，有些机位很难拍到空旷的景色了.5??西小路仿佛是被绍兴遗忘的江南水乡，从飞翼楼山看建筑鳞次栉比，宛如现实版的“江南百景图”.6??府山公园可以参观山脚下的绍兴博物馆和越王台，府山直街也是一条具有本地烟火气的街巷.・??我是热爱旅行的江南君~一名旅游博主 & 风光摄影师分享户外生活丨旅游攻略丨摄影打卡主页有更多图文和攻略，感谢关注.
绍兴??你嘴真严??这座惊动央视5次的古镇，你为何不声张?如果假期只去一座古镇，一定要到安昌。感受一下原始水乡的烟火气是一座有着烟火气，品尝手工晒制的腊肠、酱鸭、熏鱼，静赏小桥流水乌篷船，再来一杯黄酒奶茶~ 走走逛逛好不惬意??景点：绍兴何桥区安昌古镇??门票：免费??高铁：绍兴北站，打车到古镇20分钟左右??地铁：绍兴地铁1号线【越州大道】打车15分钟~??自驾：导航【安昌古镇停车场】[星R]游玩tips：安昌是一个没有很商业的古镇，依河而建，各式古老的店铺，烟火气很浓郁~老街上，家家户户门 1者 都挂满腊肠、酱鸭、酱鱼等，还可以看到裹粽子、灌腊肠、春年糕、 扯白糖等传统美食工艺，很有烟火气[星R]推荐游玩路线：涂山廊→水阁桥→安昌古戏台→安昌文史馆→仁 昌酱园→中国酱文化博物馆→穗康钱庄→绍兴宣卷馆→石雕展览馆→安昌民俗风情馆→绍兴师爷博物馆[星R]乌篷船??游船时间：8：00-16：30??单程：40r/船，可坐3人(需提前排队)?游船码头：1?古戏台旁2?民俗风情馆旁游船行程大约10分钟左右 船只是老师傅们手滑脚摇，船只数量不多，人多时候需要排队
踏入古镇，那沿着河岸边密密麻麻挂起的酱鸭、香肠和鱼干，便直截了当地宣告着这里浓郁的生活气息。酱鸭在冬日暖阳下泛着诱人的光泽，仿佛被时间与香料精心雕琢；香肠饱满圆润，肠衣包裹着的是岁月沉淀的醇厚风味；鱼干则带着水乡特有的鲜美，在风中微微晃动，似在诉说着水乡的故事。
虽说苏杭好，但我心中江南模样样板还是绍兴。夏末微凉，选择绍兴柯桥1?日游，斜风细雨??中看青砖黛瓦，小桥流水，千年人文历史融入如今人间烟火??就安静行走在这节奏悠闲的江南水乡吧。??路线引导?安昌古镇?柯岩风景区?柯桥古镇???交通??高铁：高铁坐到绍兴北站，火车坐到绍兴站??自驾：杭州开车到柯桥约1小时左右～??地铁：杭州地铁无缝衔接绍兴地铁一号线??住宿：推荐住鲁迅故里附近，景点集中，出行方便??安昌古镇 ????烟火气十足的古镇，舌尖上的中国拍摄地好吃好玩，满街的腊肠酱鸭一年四季满溢浓浓年味，老街上小吃很多，真的很好逛。?游玩时间1-2小时??门票：免费??游玩方式：1? 步行从景区右边进，逛逛老街吃吃小吃，然后过桥从河道右边回来，不走回头路。2? 坐乌篷船来回，在水上漫游感受江南水乡最纯正的味道。?建议吃完午饭出发，下午两三点到，时间正好逛完夜幕，亮灯以后非常好看饿了还能尝尝臭豆腐/腊肠串/黄酒奶茶等特色小吃??柯岩风景区 ?????石雕大佛，礼拜敬香！乘船入景，一梦千年。水中的大佛，湖心的古纤道，鲁迅笔下的鲁镇，这样人文自然风景交织融合在一起，心心念念的江南就有了清晰的模样。?游玩时间2-3小时??游玩方式?鲁镇：先生文章里的场景有了现实的模样，在小镇漫步，感觉重新读了一次语文课本。?鉴湖：这里是李白“一夜飞度镜湖月”的镜湖，也是生产黄酒的水源地。古纤道从湖中央穿过，美丽震撼。?柯岩：天工大佛庄严慈祥，为众生祈福；奇云石骨头重脚轻，底部不足 1 米却屹立千年不倒。这里拍照特别出片，都快来打卡。??柯桥古镇 ????晚上亮灯后夜景超美！融入在当地人的生活中，真的很惬意。??游玩方式夜幕降临时来古镇吃个晚饭，这里绍兴特色小馆很多，味道不错。吃完沿河散步，欣赏花船、乐队、水雾秀。累了就在河边坐下，喝喝茶聊聊天。感受古今风韵交融结合带来的时髦享受。?鲁迅故里（免门票需预约） 从百草园到三味书屋，读先生的书，看先生的故里，感受先生笔下的江南，这个景点也是绍兴游客最多的，建议早上早点去。?西小路历史街区（免门票） 这里是电影《西小河的夏天》取景地，很原生态，游客也很少，有着居民最朴素的生活，非常值得一去?书圣故里（免门票需预约） 王羲之蔡元培的故里，有浓厚的人文气息，墙壁上的书法也随处可见，必去的一大景点。
"绍兴你的嘴可真严呀！这座惊动了央视5次的宝藏古镇――安昌古镇??，为何不声张？??	?安昌古镇是绍兴四大古镇之一，可以说是绍兴原汁原味的古镇了，很多人说，这里就是十年前的西塘。随着年关越来越近，古镇烟火气满满??，快来体验这“舌尖??上的古镇”吧～	??美食推荐??安昌腊味：腊肠肥瘦相间、酱鸭??风味独特，色泽红亮诱人，香??极了。	??扯白糖：这项绝活是外面寻不到的，刚出炉的扯白糖超级香甜??。	??印糕：味道甜而不腻，上面还印???着安昌古镇的字样，很适合拍照??。	??酒酿馒头：与寻常馒头相比多了股淡淡的酒香?，松软又好吃。	??打卡推荐??仁昌酱园：如果你想感受酱油制作晾晒的过程，推荐你来这儿打卡哦，整齐排列的酱缸超级出片！	??乌篷船体验：可以乘坐乌篷船体验地道的水乡风情，平日60元/艘，节假日80元/艘，可坐3人，还是很划算的。	??江南水乡看绍兴，烟火年味看安昌。年关将至??，安昌古镇的酱鸭、腊肠、腊肉像面墙一样临街而立。体验地道年味，就来安昌古镇???！	??地址：绍兴市柯桥区安华北路安昌古镇??自驾：导航至安昌古镇1号停车场	"
"1??都说如今过年没有年味，那一定是没有来对地方毕竟年味这条赛道，安昌已经卷出了新高度??-??在随处可见“这里可以见到“碧水贯街千万居，彩虹跨河十七桥”古朴民居???♀?也可以感受“两岸人家安且昌，乌逢俨在画中航”的江南水中画作??古镇中还有不少当地居民生活在此，青砖灰瓦的古街小巷中仍保留着传统生活的痕迹。	2??昂桑湖原名“暗桑湖”，据传因湖边曾有一棵古老的桑树而得名。后来，湖名被改为“昂桑湖”，取意为“昂贵的桑树”。始建于明代，设计精巧，由塘堤、石桥、石亭相间组成，是沟通南北两岸交通及供船只躲避风浪的重要通道。	??集合地: ①8:00曹杨路 ②8:30外环路 ③8:55松江体育中心地铁站?? 目的地: 浙江 绍兴 安昌古镇? 活动日期: 2025/01/19??徒步公里数：3.5公里平路??徒步预计时间：1小时???????适合年龄：6-60岁	行程安排D1天 上海 - 绍兴 - 上海8:00 第一集合点：长城大厦星巴克（地铁3、4、11号线曹杨路站）11号线从长城大厦4号口出来，3号或4号线可以从6号出口出来过马路即可8:30 第二集合点：外环路地铁站北2出口过天桥（地铁1号线外环路站）北2出口过新梅路天桥左手扶梯下天桥即可8:55 第三集合点：松江体育中心地铁站2号口（地铁9号线松江体育中心站）重点：松江站请大家准时到达，然后耐心等待，不要迟到，因为只能人等车，车到即走！11:00左右游览古镇风光（自由游览时间2.5小时）安昌古镇是绍兴有名的四大古镇之一。老街依河而建，全长1747米，河之南为民居，河之北是商市，两岸之间古桥相连。河之南有带着顶棚的长廊，遮阳挡雨，各种传统特色的店铺作坊，翻轩骑楼错落有致。13:50 我们到达绍兴【昂桑湖】，下车拍拍照，开始整队，休整过后，我们开始徒步至狭(ang)犭茶(sang)湖，这条路主要是休闲徒步路线，途友们可尽情在桥上拍照。15:00左右，大巴已经在这里接我们了，嘘嘘后上车返回预计17:30左右抵达上海回程先停松江再莲花路，再停曹杨路【用餐】午餐：路餐（需自备）	"
说是古镇不如说是小吃两条街，这都是重复小吃没啥古镇的味道这是我能拍到的没有腊鸡腊鸭没有臭水沟的几张了有些大聪明觉得人千年古镇是推倒重建比不上到处都是酱鸡酱鸭的古镇更原生态安昌我是没机会拍到所谓的原生态了小红书友们拍的所谓推倒重建的倒是跟我印象中去过的挺贴合的转载几张图片供大家洗洗眼当然喜欢买酱鸡酱鸭的还是得去酱鸡酱鸭镇那边没有
?? 江浙沪宝藏地大公开！??Hey宝贝们！五一假期的时候是不是去的地方都是人山人海的????? 来来来，看看我精心挑选的18个江浙沪小众旅行地，保证让你的pyq美照收获满满的赞！????1??温州南麂岛???：哇塞，这里的海上草甸简直美到不行！2??丽水时思寺??：超有历史感的千年古寺，感觉自己穿越了！3??湖州新市古镇???：烟火气满满的古镇，小众但超有味道！4??绍兴古纤道???：运河边的古纤道，人少景美，拍照超有感！5??桐庐大奇山???：绿水青山，完全不输九寨沟哦！6??建德新叶古村??：《爸爸去哪儿》的取景地，千年古村太有感觉了！7??宿迁洪泽湖???♀?：水上森林里坐木筏，好特别的经历呀！8??淮安白马湖??：全是猫的治愈系猫岛，猫奴必去！9??桐乡濮院古镇??：新晋古镇，时尚与传统的完美结合！1??0??绍兴安昌古镇??：年味十足的古镇，烟火气满满！1??1??苏州三山岛??：太湖中的避世小岛，超级宁静哦！1??2??绍兴羊石山城 ???：徒步爱好者的天堂，山清水秀！1??3??常州露营谷???：蘑菇屋民宿，超级可爱，少女心爆棚！1??4??苏州f直古镇??：千年古镇，风光绝对不输周庄！1??5??常州峭壁悬宕???：矿坑悬崖，探险和露营的好去处！1??6??苏州锦溪古镇??：昆山的宝藏小众古镇，美得让人心醉！1??7??溧阳天路??：彩虹公路，驾车旅行的绝佳路线，一路美景不断！1??8??奉化应梦里??：赛博朋克风格的游乐园，科技感满满，超酷的！1??9??葛仙村??：被《孤独星球》和《国家地理》联合推荐的一个充满灵气的神仙古镇！快带上你的相机和好心情，去这些小众旅行地探索一番吧！????
“且看且行天色晚，古街小弄酒旗飘。”今天带来的是安昌古镇的第三期哈。在安昌古镇，没有高楼大厦，更没有汽笛声声，目光所及皆为独具江南水乡特色的民居。??地点：浙江省绍兴市柯桥区安昌古镇??相机：佳能R6II、镜头为24105构图思路仅供参考，感谢观看 ・?・?
“坐乌篷船听摇橹声，看青石板路蜿蜒，安昌的时光是水波里的倒影，一半是千年前的江南，一半是此刻的烟火人间。”
[拍立得R]古村镇（包括古村落、古镇，古城等），一直以来都是旅行的重要目的地，它们体量虽小且承载了当地几百甚至几千年的文化历史，无论江南水乡，西南古寨，还是北方古城，都是本地风俗乃至族群变迁的最好诠释。[种草R]但古村镇的商业化也难免让它们出现逐渐趋同的困境，我们很难改变这种趋势，但这不妨碍我们用心感受每个古镇呈现给我们的民俗文化，建筑艺术和民族精神。[打卡R]国内这样的文化宝地，不仅有古镇，还有村落，古城等，数量繁多。于是打算按区域整理一下全国相对有代表性且值得专程探访的古镇、村落和古城，供热爱旅行的小伙伴们参考。[飞机R]先从（华东篇）开始吧，其他区域会陆续更新[火R]。-[打卡R]上海（5个）:朱家角古镇，免费，1-2天新场古镇，免费，1天枫泾古镇，免费，1天七宝老街，免费，0.5-1天清溪老街，免费，0.5-1天-[打卡R]江苏（9个）:周庄，苏州，100元，1-2天同里古镇，苏州，100元，1-2天f直古镇，苏州，55元，1天木渎古镇，苏州，免费，0.5天锦溪古镇，苏州，免费，0.5-1天千灯古镇，苏州，免费，1天惠山古镇，无锡，免费，1天荡口古镇，无锡，免费，1天西津渡，镇江，免费，0.5天-[打卡R]浙江（7个）:乌镇，嘉兴，东栅110西栅150联票190元，2天西塘，嘉兴，95，1-2天南浔古镇，湖州，免费，1-2天新市古镇，湖州，免费，0.5-1天安昌古镇，绍兴，免费，1-2天慈城古镇，宁波，免费，1-2天东沙古镇，舟山，免费，1天-[打卡R]安徽（8个）:宏村，黄山，94元，1-2天西递村，黄山，94元，1-2天呈坎村，黄山，107元，1天南屏村，黄山，45元，1-2天徽州古城，黄山，60元，1-2天三河古镇，合肥，免费，1-2天查济古镇，宣城，旺季70淡季55元，1-2天赤滩古镇，宣城，50元，1天-[火R]其他区域清单陆续更新，欢迎讨论&关注！[火R]保持热爱，奔赴山海！[派对R]-
1.与其说是个经典不如说它更像一个老的生活街区，或者市集2.无门票 但是期待真别放太高了 跟乌镇这种一步一景的名镇还是相形见绌的 且里面的文化经典 绍兴师爷博物馆这种都是收费的（逛的时候二楼不开放的 所以很快就看完了 没有几行字 也没有太多的藏品）但来都来了看看没啥毛病 不然这一天更没法儿逛了3.说是不商业不网红但也是处处都是千篇一律的围炉煮茶4.如果你是一个食客就是来吃这些酱鸭酱鹌鹑肠这种当地特色的 来这里没毛病 如果你就是希望这是个没太开发的古镇想来主要看看江南景色 劝退5.建议游览时间 3h就吃吃逛逛 不能再多了6.关于美食推荐详见下一篇
"从绍兴黄酒的醇厚，到安昌酱油的鲜美，再到水乡社戏的韵味和嵊州竹编的巧夺天工。绍兴这座古城，非遗文化璀璨如星。?来绍兴，寻一场非遗之旅，漫步古镇，品味黄酒，聆听社戏，欣赏竹编，穿越千年，与历史对话，去感受非遗文化的深厚底蕴和独特魅力。??	[一R]中国黄酒博物馆提到绍兴非遗，相信每一个人心里第一个想到一定是绍兴黄酒。作为中国黄酒的杰出代表，其特色风味得益于绍兴的地域环境如水源、湿度、气温等客观因素，但决定性因素则是独特的酿制技艺。???????在中国黄酒博物馆，你可以追溯黄酒的发展历史长河，在酒艺厅领略酿造工艺，还可以品味不同的黄酒，体验手工彩绘。[彩虹R]??地址：越城区下大路557号	[二R]仁昌酱园在安昌古镇，酱油早已成为家家户户不可或缺的日常调味品。而说到安昌酱油，就不得不提老字号仁昌酱园。仁昌酱园的制作工艺为纯手工，酱园有酱缸 200余只，一百多年来，传统的手工技艺代代相传。园内制酱技工滕军康系省级“非遗”代表性传承人，仁昌酱油亦是省级酱油酿造技艺的传承基地。????地址：柯桥区安昌街道环镇南路安康派出所旁	[三R]鲁镇社戏“至于我在那里所第一盼望的，却在到赵庄去看戏。”很多人对社戏的初印象来自鲁迅笔下的儿时回忆《社戏》中。绍兴戏班演出多样，以庙会戏为主，常见于农村庆典、迎神赛会和贸易集市，其目的有求福佑、保平安、祈丰收、逐瘟疫。??现在的水乡社戏以鲁迅笔下的绍兴社戏为重要形式，重现绍兴演社戏、看社戏的民俗风情，将原始社戏风貌和现代表演艺术结合，为水乡社戏注入了新的活力。????地址：柯桥区柯桥大道518号柯岩风景区内	[四R]大志然工艺竹编厂说起嵊州竹编，那可是千年的传承与匠心独运的结晶。早在唐宋时期，匠人们便用当地的竹子编织出各式各样的生活用品，那些篮子、扇子，都是生活的点滴记忆。[流汗R]经过数百年的传承，嵊州竹编如今已名扬四海，成为了全国知名的手工艺品。现代的竹编手艺人更是将传统与现代完美融合，将古老的技艺与现代设计理念相结合，创作出了一件件既传统又时尚的作品。[举手R]??地址：嵊州市黄泽镇前良村大志然工艺竹编厂"
都在问五一去哪里人少景美，分享我去过的18个宝藏地，五一可以计划上啦！1.温州南麂岛：绝美的海上草甸2.丽水时思寺：景宁千年古寺，充满着历史感3.湖州新市古镇：烟火气浓厚的小众古镇4.绍兴古纤道：运河古纤道，人少出片5.桐庐大奇山：不输九寨沟的绿水青山6.建德新叶古村：上过爸爸去哪儿的千年古村7.宿迁洪泽湖：水上森林坐木筏8.淮安白马湖：全是猫的治愈系猫岛9.桐乡濮院古镇：最时尚的新晋古镇10.绍兴安昌古镇：年味十足的烟火气古镇11.苏州三山岛：太湖避世小岛12.绍兴羊石山城：很适合徒步的奇山13.常州露营谷：可爱的蘑菇屋民宿14.苏州f直古镇：不输周庄的千年古镇15.常州峭壁悬宕：矿坑悬崖，也很适合露营16.苏州锦溪古镇：昆山又一宝藏小众古镇17.溧阳天路：绝美的彩虹公路18.奉化应梦里：赛博朋克游乐园
安昌古镇，位于绍兴市的柯桥，始建于北宋时期，后因战乱焚毁，于明清时期重建，建筑风格传承了典型的江南水乡特色。其老街依河而建，全长1747米，河之南为民居，河之北为商市，两岸之间由各种古桥相连，素有“碧水贯街千万居，彩虹跨河十七桥”的美誉。??地址：绍兴市柯桥区安华北路安昌古镇??交通：推荐自驾前往，导航至安昌古镇1号停车场??门票：进入古镇免费，古镇内部分景点需要收费（可购买50元的联票，此处不推荐）?? 美食：酒酿馒头、扯白糖、安昌印糕、各类酱货。本人强推酱园的腐乳，配泡饭绝了！
1.与其说是个经典不如说它更像一个老的生活街区，或者市集2.无门票 但是期待真别放太高了 跟乌镇这种一步一景的名镇还是相形见绌的 且里面的文化经典 绍兴师爷博物馆这种都是收费的（逛的时候二楼不开放的 所以很快就看完了 没有几行字 也没有太多的藏品）但来都来了看看没啥毛病 不然这一天更没法儿逛了3.说是不商业不网红但也是处处都是千篇一律的围炉煮茶4.如果你是一个食客就是来吃这些酱鸭酱鹌鹑肠这种当地特色的 来这里没毛病 如果你就是希望这是个没太开发的古镇想来主要看看江南景色 劝退5.建议游览时间 3h就吃吃逛逛 不能再多了6.关于美食推荐详见下一篇
"??浙江绍兴・安昌古镇――在安昌，我找到了时间暂停的魔法	推开安昌的门，便跌进了江南的旧时光。青石板路蜿蜒向前，乌篷船荡开碧水的褶皱，廊棚下飘着酱香与黄酒香，这座千年古镇把光阴酿成诗，等你来看屋檐角云朵，在黄酒坛里慢慢发酵。	若你遇见晾晒酱鸭的老伯请告诉他，有人偷走了他屋檐下的黄昏。	"
“你一句春不晚 我就到了真江南”，我觉得安昌的清晨更适合打卡。
春天旅行到江南温婉的到苏州文雅的到绍兴??・一条视频告诉你绍兴要怎么玩！?????怎么去绍兴1??坐高铁，绍兴北站??Tips：绍兴北站目前还没通地铁哦坐地铁需要坐1号线大庆寺站的接驳车?6：30－22：1015分钟一班2??杭州的小伙伴可以坐地铁直达绍兴哦！・??住宿选择绍兴老城区的地铁1号线沿线??景点多??选择多??交通方便・??路线Day1??鲁迅纪念馆－百草园－三味书屋－沈园－东湖Day2??府山直街－八 字桥－书圣故里－安昌古镇?Day1????鲁迅故里??游览路线：鲁迅纪念馆-鲁迅故居－三味书屋－鲁迅祖居就像走进课本里真的很奇妙?8：30－21：00??免费，但要预约哦！??沈园?8：00－17：00??40??东湖??水杉林码头??秦桥??仙桃洞??喇叭洞??霞川桥??陶公洞??二号码头乘船??40，包船??200?8：00－17：00??50??仓桥直街绍兴的南锣鼓巷满满的商业气息・Day2????府山直街此起彼伏的叫卖声是热气腾腾的生活??八 字桥小桥流水乌篷船这里才是真实的绍兴??书圣故里小桥流水，粉墙黛瓦可以拍汉服和簪花哦??路线：老爷爷的书店－墨池－书圣故里－躲婆巷－咏梅诗廊－蕺坊桥－题扇桥??安昌古镇??乌篷船?8:00-16:30??40??古戏台旁和民俗风情馆旁??不回头游览路线正大门??清风第1廊??城隍殿??穗康钱庄??石雕馆??天官第米厂旧址??绍兴宣卷馆??师爷馆??安昌民俗风情馆??安康寺??中国银 行旧址??仁昌酱园??507个景点，米厂旧址、仁昌酱园免费参观???还有好多好吃的1??臭豆腐??王老汉臭豆腐2??面饽饽??朝秀早餐店3??糯叽叽??香又脆芝麻糖4??绍兴本地面??杭州佬面馆5??鱼圆水饺??老绍兴水饺6??绍兴本地菜??河埠头??丰乐饭店
Hi，我是?
"[太阳R]今天天气还挺好，阴，一早起床杭州东站????出发，16块高铁到了绍兴北站，大部分票价已经到了[二R][零R]20，好像涨价了，最近发现江浙沪高铁票都默默涨价[捂脸R]了，不注意都没发现。绍兴北站网约车乘车点，离出站口真的挺远，所以如果赶高铁出发，还是多留点时间吧！三十块钱打车到了鲁迅故里。[拔草R]鲁迅故里，需要门口扫码预约，然后就可以刷身份证就可以进入了，三味书屋就不需要再预约了，直接刷身份证就可以进入了。师爷馆，徐渭艺术馆??也都可以直接刷身份证进入，有时间都可以逛逛！	????仓桥直街，我觉得也就随意走走吧，没什么特别的，在这边喝了一杯热黄酒奶茶，[一R][五R]一杯，不算便宜，热的是有酒味飘出来的，有兴趣的可以试试，没什么特别的小吃，看自己心情尝试吧！	[弱R][弱R]安昌古镇：结束了绍兴的行程，就坐地铁到了越州大道地铁站B1出口，打车15左右到了安昌古镇，人流还是挺多的，古镇也挺大，可以慢慢走。但是我还是不推荐大家去，因为真的很无聊??。整个镇子没什么小吃，臭豆腐，萝卜饼，梅花饼，一些腊肉腊肠蒸，还有馄饨，隔几米就能看到这些吃的，其他的无。然后就是一些杂货铺，卖菜干笋干的，卖酱鸭的，很重复的店铺。然后就是小菜馆，茶馆等等，整个古镇就差不多是这些了。可能我逛古镇更希望有一些特色小吃吧，安昌古镇完全没有，所以不推荐专门去的。"
人少、商业化程度低这种话听听就算了，其他知名古镇有的毛病它一样都不缺，而且因为河道清淤需要抽水，河床裸露好多天，有点影响游玩体验。?作为江南土著，我对古镇的审美阈值比较高，能在里面逛上5小时，主要是因为吃了一餐+游了所有收费场馆。因为没有很高期待，所以也不觉得失望。?分享一下??废话/假话的攻略：?[一R]进入古镇免费，游览场馆收费进入古镇不需要??，实测也不需要预约，因为景区其实只是夹在居民区里的、沿河两侧狭长的一截(图15-16)，没围起来，从哪都能进去(??停车的地方也很多)。?收费的是里面6个场馆：城隍殿、中国银行旧址、穗康钱庄、石雕馆(宣卷馆)、绍兴民俗风情馆、绍兴师爷博物馆。联票50r，各场馆门票??见图17。??优惠政策见图18。?这些场馆我基本都进去逛了，会尽快再出一个笔记，介绍里面都有什么、值不值得进去玩……你??完就能决定要不要买联票了，欢迎关注～?[二R]美食??，但值得推]的不多印糕(图11)吃了?，10r/4块，可选4种口味，多买几盒可讲价。5?好评，外皮软糯，馅儿甜而不腻。不过印糕要趁热吃(划重点)。?黄酒棒冰(图12)吃了?，8r/根。3.5?还行，确有黄酒味，除此之外就是根不难吃的绿豆雪糕。这个并非古镇特色，绍兴市内市价5r/根。?南瓜花(图13)吃了?，4r/个。买之前就看人说没有很好吃，但没吃过想尝尝，结果确实一般。?酒酿馒头(图14)吃了?，2r/个，3.5?还行。有款常吃的速冻酒酿馒头在松软度和甜味上都胜过它。?功夫醉鹅吃了?，4?不错，卤味很赞。这个应该不是绍兴菜，绍兴的醉物是用黄酒作调料的。?没在古镇吃腊肠和酱鸭，就不评价了。?[三R]游客不少，??无人照片却也不难沿河两侧都是食肆和店铺，工作日白天也是熙熙攘攘，节假日想必摩肩接踵。想要拍到无人的照片需要赶早，或在?12:30-2:00之间，可能过了午市旅游团走了吧，感觉景区一下子空了。?除了常见的桥头&船上，师爷馆(图2)、民俗馆(图3)、穗康钱庄(图4)、里弄(图5)??拍古装，天官第(图6-7)、仁昌酱园(图8)某些街边小店(图9&封图)也很出片。哪怕是一个党建广场上的戏台飞檐也蛮好看(图10)。?字数所限评论区见，有问必答。
Hi～我是爱旅行的森屿走过很多座大大小小的春日小城唯独让我最喜欢的小城终于出现了这就是绍兴这座城市！春天来绍兴旅游真的太惬意啦！这篇超详细攻略，快点赞收藏~-??【旅游线路】Day1：抵达绍兴→入住酒店→鲁迅故里，感受鲁迅笔下的童年乐园Day2：安昌古镇→鉴湖里，体验水乡韵味，赏千亩油菜花Day3：西施故里旅游区→返程-?【必打卡景点】1??鲁迅故里：课本同款百草园迎来“满园春色”，油菜花和芥菜生机勃勃，石井栏、皂荚树都能找到实物，沉浸式感受“大先生”的童年时光2??安昌古镇：始建于北宋，河道千年流淌，17座古桥横跨两岸。乘坐乌篷船，品尝手工酒酿、扯白糖，还能参观有100多年历史的仁昌酱园3??鉴湖里：水面烟波缥缈，三月的千亩油菜花绚烂绽放，花香扑鼻。还能品尝到鲜美河虾和有嚼劲的手工挂面4??西施故里旅游区：踏入这里，就走进了西施的传说。浣纱石仍在江边，仿佛能瞥见那位“沉鱼”女子的裙裾。街头巷尾的次坞打面，汤少料多，鲜味十足-??【交通攻略】外地游客可先到杭州，再选择高铁、地铁或打车前往绍兴。在绍兴，共享单车和电动车随处可见，出行超便捷。-??【住宿推荐】推荐住在鲁迅故里、仓桥直街或书圣故里附近，出行方便，周边美食也多-??【其他Tips】?鲁迅故里需提前在【绍兴市文旅集团】GZH??预约，最好提前一星期?安昌古镇酱货飘香，可按需购买?春季绍兴多雨，记得携带雨具哦~
"??天官第-“古”中带“新”天官第位于浙江省绍兴市柯桥区安昌古镇内，原为清康熙年间进士吏部郎中沈氏旧时宅第，而当时进士吏部郎中又被称为“天官”，故名曰“天官第”。天官第的原貌早已湮没于历史长河，先是被太平军损毁，又是被国家征作粮仓，1954年、74年二度拆建，而后又成为了“浙江绍兴第三粮油食品厂”。	??古宅难逃厄运，文化却可传承。一方水土孕育一方文化，才华和聪颖，不只是家族传承，也可以地域熏陶。智慧的安昌人，小心翼翼地修缮着先辈留下来的文化财富。今年，“天官第酱米工坊”开园了，以“工业旅游”的模式，向游客展示了酱制工艺和稻米制品工艺的文化。	??2020年末，影子空间设计事务所受邀为天官第文创园打造VI视觉导视系统。事务所以建筑师，规划师等不同的角度审视整个园区后，选取了祝福与新生作为整个园区的主题，译名Blessed Residence。采用靛蓝色作为品牌的主色，秋香色与浅灰蓝作为辅助色，建立整个视觉系统的标准色。静谧的颜色与内敛的字体，赋予了园区视觉系统的新生，希望通过事务所针对天官第视觉系统的升级，让品牌更强的年轻感与亲切感，与古镇一起在新时代中生长。	原创设计?版权归"
"躺尸在相机里有好段时间的视频了,素材是春节前拍的一直没时间减,直到最近回到家基本都是眼花状态.......脑汁全无,所以打算做点暂时停止探索学习方向,把之前出游拍摄的素材剪掉,一来当个缓冲二来相当于记录下生活吧,再放都要忘记去玩的感觉了.......?"
???建德■?游玩路线?????：严州古城+新安江+大慈岩悬空寺■?小众体验??玉泉寺俯瞰「小重庆」雾锁江城，晨雾与古城交叠如水墨画??打卡《风味人间》同款九姓鱼宴，豆腐包咬开爆汁，三都麻糍裹芝麻香到迷糊????丽水■?游玩路线?????：松阳→古堰画乡→云和梯田→缙云仙都■?小众体验??松阳古村（陈家铺/杨家堂）住夯土民宿，喝「先锋书店」云端咖啡，仿佛住进《国家地理》封面??景宁畲乡穿凤凰装，吃「山哈大席」长桌宴，看畲族婚嫁非遗表演??遂昌金矿公园乘复古小火车，穿越唐代金窟寻宝■?吃货体验：缙云烧饼，景宁乌米饭，丽水泡精肉????湖州■?游玩路线?????：长兴→上下渚湖→南浔古镇■?小众体验??顾渚茶文化村包栋农家乐，人均100+包吃住，挖冬笋、做青团、围炉烤年糕??德清下渚湖解锁朱q明信片，乘摇橹船穿越芦苇迷宫??莫干山住进山林间，露台看星空，清晨被竹林鸟鸣唤醒■?吃货体验：太湖三白、新市茶糕????绍兴■?游玩路线?????：鲁迅故里→安昌古镇→柯岩■?小众体验：??安昌古镇坐乌篷船，船头挂酱鸭腊肠，船尾飘黄酒香，偶遇水乡社戏??叶家堰村拍「水上威尼斯」大片，乌篷船划过石桥倒影如诗??鲁镇夜游看《祝福》情景剧，阿Q、祥林嫂NPC穿梭街头，沉浸式穿越鲁迅文学世界■?舌尖暴击：醉蟹、奶油小攀、仓桥直街的臭豆腐?????衢州■?游玩路线?????：水亭门城墙→孔庙红墙→北门老街→天王塔■?小众体验：??仙霞湖晨雾中拍渔舟唱晚，茶坪村百年土灶炖一锅辣味山珍■?吃货体验：鸭头兔头，烤饼夹臭豆腐「香臭二重奏」，水晶糕????宜兴■?游玩路线?????：蜀山古南街→陶二厂→云湖■?小众体验：??大觉寺抄经静心，700年古刹许下新年愿??龙背山森林公园吸氧，竹林深处偶遇野生梅花鹿???蜀山古南街，听老师傅讲紫砂故事■?吃货体验：周震馄饨，和桥豆腐花，乌米饭
"奈何江南入我心	"
青石板、乌篷船、腊味飘香……这里才是江南最慵懒的模样??? 坐一次乌篷船，摇摇晃晃穿过水乡的晨雾?? 尝一根安昌腊肠，咸香里藏着老绍兴的味道?? 走一走三里长街，看老手艺人在廊棚下扯白糖没有过度商业化的喧嚣，只有晒酱鸭的竹竿、吱呀的木门和晒太阳的猫???? 绍兴 ・ 安昌古镇?? 免费（部分景点需门票）?? 最佳拍摄点：清风桥、仁昌酱园、沿河长廊
春风荡漾，小桥流水，古镇散策，慢慢的感觉古镇淳朴的样子。解锁了母子酱油的制作和由来，这是个以酱油酿造而为人知的古镇。
说起腊肉古镇，绍兴人第一想到的就是安昌古镇吧～安昌古镇的特色美食有许多呢??首先，酱货是一定要尝尝的，比如安昌香肠、酱鸭和酱鹌鹑，这些美食都体现了古镇独特的酱制工艺。??古镇的霉干菜和黄酒也是很有特色的。但是黄酒棒冰不是很好吃，霉干菜饼和藕粉酥等传统甜点味道还行。??像扯白糖、龙须糖这些传统小吃，也都是不可错过的美味。如果喜欢小糕点的话，那安昌印糕、香糕、绿豆糕、桃花酥等一定合你的口味。当然啦，绍兴臭豆腐也是一定要尝尝的，外皮酥脆内里多汁，再蘸上辣椒酱，味道简直让人欲罢不能！总之，安昌古镇的美食多到数不完，快来亲自体验吧！
安昌古镇，比人造的强太多了，毕竟这是原汁原味的，大部分都是原住民，不划船，不进一些小景点，只是在古镇溜达，是不用买门票的，要是想坐乌篷船，和进一些经典，需要下午4点30分前就要溜达完，要不就都关门啦！
越接近过年就越想去一次充满浓浓年味的地方。这下被我找到了！??安昌古镇，一个年味儿在这里得到了具象化的地方！??一走进古镇，那些年味的气息就开始飘散出来了。哦不，那是腊味！??河两岸都挂着一串串红彤彤的腊肠??，酱鸭鱼干的腊味年货，看起来就很有食欲??。古街两边是一家家传统的老店，卖着各种各样的年货和小吃??。屯了绍兴黄酒??和印糕??准备带回去，听说这是安昌古镇蕞受欢迎的美食??！在街边还吃了扯白糖和酒酿馒头。非常好吃，值得一品??。到了晚上，古镇的红灯笼??都亮了起来。整个古镇都照得红彤彤??的，非常好看！年味十足啊！??提着灯笼和我朋友走在街上，感觉我们也融入到了这浓浓年味里??。如果你还没感受到这股浓浓的年味??，那就赶紧来古镇逛逛吧，会让你不虚此行的！?? 
今日绍兴一游，赶场了安昌古镇和柯桥古镇，因为之前去过鲁迅故里，今天就没去。安昌古镇古色古香，更加热闹，柯桥古镇河道贯穿古镇，更年轻化。
“桥下流水皱，屋前桐叶黄。”今天带来的是安昌古镇的第七期。安昌古镇不只有白天，还有夜景的，也别有一番风味，可惜傍晚回去了，有机会以后再拍。??地点：浙江省绍兴市柯桥区安昌古镇??相机：佳能R6II、镜头为24105构图思路仅供参考，感谢观看 ・?・?
水乡的晨，原生静谧！
[福R]冬日，安昌古镇，静谧而古朴，仿佛一幅淡雅的水墨画。踏着青石板路，两旁是斑驳的木门与雕花窗棂，岁月在这里缓缓流淌。[气球R]古镇的小河上，乌篷船悠悠划过，船夫摇橹的动作与水面的涟漪，构成了一幅生动的画面。沿街的老字号店铺里，酱鸭、腊肠挂满屋檐，香气扑鼻，让人垂涎。[太阳R]阳光透过稀疏的云层，洒在石板路上，暖意融融。偶遇几位老人在巷口晒太阳、话家常，那份闲适与满足，让人心生羡慕。漫步其间，不觉时光流逝，只愿这份宁静美好能定格永恒。[星R]安昌古镇的冬日，没有喧嚣，只有那份淡淡的、温暖人心的力量，让人流连忘返。
"去的那天人不多，天气先阴后晴。一个人走走停停，坐在河边发呆看山看水。??：xt5	"
古镇的下午阳光格外温暖，游客也不多。夜晚的灯光绚丽而不喧闹，清静又舒适。
秋冬季节的安昌古镇美如画。白墙黑瓦在晨雾里朦胧，腊肠飘香，乌篷船摇曳更似梦幻之境。
??【绍兴安昌古镇｜不踩雷全攻略】江南最后的枕水人家，一键解锁酱香里的慢时光???【交通指南】??自驾：杭州/上海出发约1.5h，导航「安昌古镇停车场」（5元/4h）??高铁：绍兴北站→打车15分钟（约20元）or 公交818路直达??景区免费！仅师爷馆等小景点需门票（联票40元）??【必打卡场景】1??仁昌酱园（《舌尖》拍摄地）??2000+酱缸矩阵出片??体验古法酱油冰淇淋2??清风第一廊??1.7公里临河长廊，看乌篷船G乃而过3??师爷博物馆??解密绍兴师爷文化4??城隍殿码头??50元/船（可坐3人）感受水乡摇橹5??古桥巡礼??17座宋明清古桥，重点拍福禄/万安/如意三桥??【美食红黑榜】?必吃：??安昌腊肠（10元/串）认准陈/齐两家??酒酿馒头（孝店王）夹梅干菜肉绝配！??南瓜花（5元）豆沙流心颜值担当??黄酒棒冰（6元）带糯米的更香醇??臭豆腐（10元）酥脆爆浆?避雷：??景区入口高价饭店??批量生产的所谓手工糕点?【行程建议】??半日精华游：游客中心→仁昌酱园→城隍殿乘船→清风廊漫步→师爷馆→美食街??一日深度游：上午拍晨雾+坐船→中午临河餐馆→下午体验箍桶/扯白糖非遗→傍晚拍夕阳剪影??【出片秘籍】?最佳时间：7:00-9:00（晨雾）/16:00-18:00（夕阳）??穿搭建议：浅色旗袍/汉服+油纸伞??机位：??酱园晒场对角线构图??廊棚下用灯笼当前景??万安桥俯拍流水人家??【本地人Tips】1??腊月来最佳！满街挂满腊味年货（建议12月-1月）2??自驾建议停「镇人民政府」免费停车场3??买伴手礼认准「仁昌酱园」酱油、「宝林酒坊」黄酒4??非节假日餐馆人均40就能吃地道绍兴菜收藏这篇，带你穿越回鲁迅笔下的江南！?古镇石板路记得穿平底鞋哦～
标题党了，绍兴安昌古镇，年味越来越近了。春节的气息悄悄来临。绍兴安昌古镇。?
Hi～我是爱旅行的森屿走过很多座大大小小的春日小城唯独让我最喜欢的小城终于出现了这就是绍兴这座城市！春天来绍兴旅游真的太惬意啦！这篇超详细攻略，快点赞收藏~-??【旅游线路】Day1：抵达绍兴→入住酒店→鲁迅故里，感受鲁迅笔下的童年乐园Day2：安昌古镇→鉴湖里，体验水乡韵味，赏千亩油菜花Day3：西施故里旅游区→返程-?【必打卡景点】1??鲁迅故里：课本同款百草园迎来“满园春色”，油菜花和芥菜生机勃勃，石井栏、皂荚树都能找到实物，沉浸式感受“大先生”的童年时光2??安昌古镇：始建于北宋，河道千年流淌，17座古桥横跨两岸。乘坐乌篷船，品尝手工酒酿、扯白糖，还能参观有100多年历史的仁昌酱园3??鉴湖里：水面烟波缥缈，三月的千亩油菜花绚烂绽放，花香扑鼻。还能品尝到鲜美河虾和有嚼劲的手工挂面4??西施故里旅游区：踏入这里，就走进了西施的传说。浣纱石仍在江边，仿佛能瞥见那位“沉鱼”女子的裙裾。街头巷尾的次坞打面，汤少料多，鲜味十足-??【交通攻略】外地游客可先到杭州，再选择高铁、地铁或打车前往绍兴。在绍兴，共享单车和电动车随处可见，出行超便捷。-??【住宿推荐】推荐住在鲁迅故里、仓桥直街或书圣故里附近，出行方便，周边美食也多-??【其他Tips】?鲁迅故里需提前在【绍兴市文旅集团】GZH??预约，最好提前一星期?安昌古镇酱货飘香，可按需购买?春季绍兴多雨，记得携带雨具哦~
江苏1. 苏州・东山陆巷古村明代宰相王鏊故里，明清建筑群保存完好，年俗融合太湖渔家与士族文化。????♀?必体验：* “抬猛将”巡游：村民抬神像绕村祈福，驱邪纳吉，锣鼓喧天。* ?碧螺春茶宴：用明前茶入菜，年夜饭必吃“太湖三白”2. 南通・余西古镇盐运河畔千年盐商古镇，年俗充满“咸味”仪式感。????♀?必体验：* 盐仓祭灶：用盐堆成“灶王山”，撒盐驱晦气。* 提灯夜游古盐道浙江3. 宁波・前童古镇“家家雕梁，户户活水”，元宵行会全国罕见。????♀?必体验：* 元宵灯会：四天四夜抬鼓亭、龙舟灯巡游，童氏子孙全员参与。* “前童三宝”宴：老豆腐、空心豆腐、香干，搭配自制糯米酒。4. 绍兴・安昌古镇“碧水贯街千万居，彩虹跨河十七桥”，腊月风情冠绝江南。????♀?必体验：* 腊月风情节：扯白糖、灌腊肠、晒酱鸭，空气弥漫酱香。* 乌篷船送祝福：船夫戴毡帽唱祝福小调，向两岸抛洒糖果。5. 金华・诸葛八卦村诸葛亮后裔聚居地，年俗暗含“八卦阵法”玄机。????♀?必体验：* “八阵图”灯阵：按八卦方位布灯，村民穿行祈福消灾。* 诸葛家宴：孔明锁造型糕点、“卧龙菜”上海6. 青浦・练塘古镇“高屋窄巷对街楼，小桥流水处人家”，陈云故里的红色年味。????♀?必体验：* “茭白宴”年夜饭：茭白雕花冷盘、油焖茭白，搭配本地米酒。* 评弹贺岁：老茶馆里听《玉蜻蜓・元宰迎母》，吴侬软语贺新春。江浙交界7. 湖州・新市古镇运河商埠古镇，年俗混搭蚕桑文化与财神信仰。????♀?必体验：* 蚕花庙会：选“蚕花娘娘”抛洒蚕花，寓意蚕茧丰收。* 吃“元宝茶”：青橄榄泡绿茶8. 嘉兴・乌镇横港村避开乌镇西栅人潮，体验未被改造的原始水乡年。????♀?必体验：* “烧田蚕”：田间烧稻草祈福，火星如蚕花漫天。* 船拳表演：渔民在摇橹船上打拳，展现“水上武功”皖浙交界9. 安徽・绩溪龙川村胡氏宗祠所在地，徽州年俗集大成者。????♀?必体验：* “嬉鱼灯”**：百米长龙灯穿行古村，鱼灯象征“鲤鱼跃龙门”。* 食“一品锅”
"??安昌古镇是绍兴有名的四大古镇之一，其建筑风格传承了典型的江南水乡特色，一衣带水，古朴典雅，被称为“活着的古镇”。	始建于北宋时期，是绍兴师爷的故乡。最有特色的是安昌的小桥，其中最著名的是名为福禄、万安、如意这三座桥，古镇人家嫁女儿时，都要走全三桥。	古镇中有17座古桥，有着“碧水贯街千万居，彩虹跨河十七桥”的美誉。	??这里的市井烟火气让人着迷，沿河的三里街市还保留着质朴的生活气息。	错落有致的翻轩骑楼，古老的台门弄堂，形态各异的拱桥石梁，历经漫长的岁月，风貌古朴依旧。	???开放时间：全年全天??门票：免费，内部部分景点购票参观??地址：绍兴市安昌镇	??交通：??公交：可在绍兴城区乘118路公交车到柯桥区安昌古镇，在安昌大酒店站下车过条马路就是古镇，每8-10分钟一班，票价2元。 也可以在柯桥城区乘805、806、816等路车直达，每10-15分钟一班，票价1元。	??自驾：从沪杭甬高速公路柯桥出口下，约5公里到柯桥区安昌街道。	??动车：绍兴北站（原绍兴柯桥站）离安昌古镇的距离是5.7公里，从杭州东站出发到绍兴北站大概10分钟左右。	?"
时间：2025年3月12日到2025年3月17日交通：高铁??往返住宿：绍兴鲁迅故里奇遇?陶然酒店(仓桥直街店)行程安排：第一天：阴雨高铁??到达入住后，已将近下午四点了，所以只安排了相对边缘位置的『犭央犭茶湖避塘』（图1）。第二天：阴雨??鲁迅故里景区（图2）从百草园到三味书屋，蹭导游的快乐????沈氏园（图3）白天游客不多，整体园子不算惊艳，听说夜游会有表演，互动性更强。??八字桥（图4，照片非同一天拍摄）古代“立交桥”，古人的智慧。??西小路饭后骑小黄车路过『城市广场』（图5）第三天   阴雨??书圣故里景区（图6）先爬了个蕺山-故里内景点-蔡元培故居（装修停止进入）-孑民图书馆蕺山上的『文笔塔』，登顶环顾整个绍兴市，算意外收获。打卡『奶油小攀』，『面饽饽』，『印糕』，『黄酒奶茶』，『老爷爷书店』???瓜渚湖（图7）?  导航至瓜渚湖东岸公园樱花（预计三月底开），湖边郁金香??真的不错。到时樱花开了和郁金香同框会更好。???安昌古镇（图8）傍晚到的，还能看个古镇亮灯。可能是淡季缘故，到古镇的时候，『仁昌酱油』已暂停营业。自助买了个『酱油冰淇淋』。???迎恩门风情街（图9）第四天   阴雨???柯岩风景区没有买船票，慢慢逛，8字路线，值回票价[doge]柯岩（图10）主要是『天工大佛』和『云骨』，蹭个研学班，边逛边听。鉴湖（图11）环湖风景不错。鲁镇（图12），淡季逛鲁镇缺乏互动性。第五天  多云间晴有阵雨???府山公园（图13）???黄酒小镇（图14）解锁了『蒸双臭』，『越酿工坊』的甜酒酿不错。?『爱心树』机位很出片。???塔山，集齐了绍兴市区三山（蕺山，府山，塔山）三塔（文笔塔，大善塔，应天塔）??绍兴博物馆。??上大路（图15）第六天???东湖（图16）传说中的『大盆景』，也是被航拍吸引来的。?先走了没人走的“上山路线”，绝对要避雷[暗中观察R]，因为上面除了有一片茶园，往下看几乎什么都看不见，下来要等免费摆渡船接到对岸。乌篷船只多看一个从外面看不到的『陶公洞』（坐井观天），『喇叭洞』和『仙桃洞』还不如岸边看的清楚。而且乘船也没讲解，匆匆而过。整个景区实际不大，个人觉得性价比不算高。?午饭后又穿过??仓桥直街（图17，照片非同一天拍摄），在绘景轩买了“一坛”酒乳（黄酒拿铁），和毛茸茸的臭豆腐[害羞R]下午高铁??返程。总之，绍兴适合慢慢逛，喜欢雨后香樟树的味道...
【总要下一趟真江南吧！48h反向旅游之绍兴深度游】2025.03.31 ??
时间：2025年3月12日到2025年3月17日交通：高铁??往返住宿：绍兴鲁迅故里奇遇?陶然酒店(仓桥直街店)行程安排：第一天：阴雨高铁??到达入住后，已将近下午四点了，所以只安排了相对边缘位置的『犭央犭茶湖避塘』（图1）。第二天：阴雨??鲁迅故里景区（图2）从百草园到三味书屋，蹭导游的快乐????沈氏园（图3）白天游客不多，整体园子不算惊艳，听说夜游会有表演，互动性更强。??八字桥（图4，照片非同一天拍摄）古代“立交桥”，古人的智慧。??西小路饭后骑小黄车路过『城市广场』（图5）第三天   阴雨??书圣故里景区（图6）先爬了个蕺山-故里内景点-蔡元培故居（装修停止进入）-孑民图书馆蕺山上的『文笔塔』，登顶环顾整个绍兴市，算意外收获。打卡『奶油小攀』，『面饽饽』，『印糕』，『黄酒奶茶』，『老爷爷书店』???瓜渚湖（图7）?  导航至瓜渚湖东岸公园樱花（预计三月底开），湖边郁金香??真的不错。到时樱花开了和郁金香同框会更好。???安昌古镇（图8）傍晚到的，还能看个古镇亮灯。可能是淡季缘故，到古镇的时候，『仁昌酱油』已暂停营业。自助买了个『酱油冰淇淋』。???迎恩门风情街（图9）第四天   阴雨???柯岩风景区没有买船票，慢慢逛，8字路线，值回票价[doge]柯岩（图10）主要是『天工大佛』和『云骨』，蹭个研学班，边逛边听。鉴湖（图11）环湖风景不错。鲁镇（图12），淡季逛鲁镇缺乏互动性。第五天  多云间晴有阵雨???府山公园（图13）???黄酒小镇（图14）解锁了『蒸双臭』，『越酿工坊』的甜酒酿不错。?『爱心树』机位很出片。???塔山，集齐了绍兴市区三山（蕺山，府山，塔山）三塔（文笔塔，大善塔，应天塔）??绍兴博物馆。??上大路（图15）第六天???东湖（图16）传说中的『大盆景』，也是被航拍吸引来的。?先走了没人走的“上山路线”，绝对要避雷[暗中观察R]，因为上面除了有一片茶园，往下看几乎什么都看不见，下来要等免费摆渡船接到对岸。乌篷船只多看一个从外面看不到的『陶公洞』（坐井观天），『喇叭洞』和『仙桃洞』还不如岸边看的清楚。而且乘船也没讲解，匆匆而过。整个景区实际不大，个人觉得性价比不算高。?午饭后又穿过??仓桥直街（图17，照片非同一天拍摄），在绘景轩买了“一坛”酒乳（黄酒拿铁），和毛茸茸的臭豆腐[害羞R]下午高铁??返程。总之，绍兴适合慢慢逛，喜欢雨后香樟树的味道...
"Hey，小伙伴们！今天带你们走进一个隐藏版的江南水乡――绍兴安昌古镇??。这里没有乌镇、西塘的喧嚣，却有着最地道的江南风情和浓浓的生活气息。	安昌古镇，位于绍兴市柯桥区，是一座有着千年历史的古镇。这里的古桥、古街、古民居，仿佛都在诉说着古老的故事。漫步在青石板铺就的小巷，两旁是保存完好的明清建筑，古色古香，仿佛穿越回了那个年代。	最让人心动的是，这里的居民依然保持着传统的生活方式。你可以看到老奶奶在河边洗衣服，老爷爷在门口晒太阳，生活节奏慢得让人羡慕。而且，这里的特色小吃也是一绝！安昌腊肠、酱鸭、臭豆腐……每一样都让人垂涎三尺??。	如果你厌倦了城市的喧嚣，想要寻找一份宁静，那么安昌古镇绝对是你的不二之选。来这里，放慢脚步，感受江南水乡的独特魅力吧！	↑以上文案由deepseek自主生成，但实际上和我想要撰写的大部分一致。	古镇的停车场很大，比较好停车。天气好的时候去那里逛逛挺好。	沿街售卖的大多是小吃，且价格都很实惠，味道不大踩雷，可以放心购入。	这次没有进入需要收费的景点（展览馆那些），只逛古镇就已经相当舒适了。不过中老年人可能还是会觉得有点商业化浓厚？我个人体感是还好。	?"
鲁迅IP形象好可爱哈哈哈，在三味书屋看到了“早”字安昌古镇也去转了一圈比绍兴市人少多啦扬州何园个园还有瘦西湖也好美[哇R]
"最后一天喽！今天行程比较简单 下午就回上海了	上午去的大禹陵~羸弱的人不想爬九百多阶台阶于是随便拍拍和好朋友们写了许愿牌在许愿池里投了硬币	下午去了好远好远的安昌古镇看不懂 全是猪头肉和鹌鹑肉…就这古镇我竟然还是第二次来了…好吧 买了根见了无数遍的黄酒棒冰 也算来过了	貌似回去就要高三了…"
安昌民间灌腊肠的传统，始于明朝。明嘉靖年间，当时镇上一位大户人家的老爷好食肉类，久而久之，雇佣的厨子因变化不出新的烹制方法而被屡屡辞退。新来的王丫环情急之中将日常做菜留下的猪下水和肉末做成的，本留给自己食用的肉肠拿出，不料老爷食后大喜，厨师得以留用。一传十，十传百，王丫环用猪肉灌肠的事，很快传遍安昌的街头巷尾，老百姓纷纷效制，作为过年招待亲友的必备菜。因腊肠又香又长又圆，也取意岁岁团圆。?
它就是――「酱油」-天气渐冷?又到了绍兴人开始做酱货的时候！尤其是走在安昌古镇????到处都飘满了酱香味~而这些美味??就来源于仁昌酱园里独特的制作技艺！-??仁昌酱园始建于清朝光绪18年距今已经有一百多年的历史如今被列为浙江省非遗传承基地??-酱园里排列着上百支硕大的酱缸可以零距离参观晒酱、制酱过程运气好的话还能见到工人开盖搅拌??-参观完酱园还可以逛逛古镇老街、品尝酱货感受安昌特有的水乡风情?-?仁昌酱园???地址：环镇南路安昌镇7号（安昌古镇内）??开放时间：07:30-17:30??门票：免费-?安昌古镇???地址：绍兴市柯桥区安华北路安昌古镇??开放时间：全天??门票：古镇大门票免费，古镇内景点联票40r/人??出行：绍兴地铁1号线中国轻纺城站，直接打车15分钟抵达或乘坐公交816/805路-
"公交地铁，花费120分钟，从市中心到上海最边缘的古镇老街逛逛。	位于奉贤的青溪老街，被许多游客吐槽最多的老街古镇。诸如根本不能和青浦朱家角、金山枫泾古镇、南汇新场古镇同日而语，是一个彻头彻尾的新建假古镇……	作为一个古镇爱好者，已去过上海大部分古镇，苏州的木渎、周庄、锦溪、黎里、绍兴的安昌古镇、桐乡乌镇，相比之下青溪老街的确显得体量小，甚至商业氛围也一般，距离市中心交通不便。	西街区有知名书法家张弼的功德牌坊。张弼的一首《陶溪八景总咏》流传至今，让后人心向往之。这处牌坊如今是非移动文物，矗立在一隅似乎默默地述说着当年青溪文化的辉煌。	青溪体量虽小，但一步一景。整个老街依然有当地原住民居住在此，傍河依水。喧嚣中夹杂着宁静。	老街上的“屋里厢汤圆店”生意最好、味道最好，奉贤阿姨说他们是水磨粉制作，五元一只。选了黑芝麻口味，果然香糯。	一尺花园是一定要光顾的，因为园中景是一大特点，曲径通幽。	非周末，来青溪老街享慢生活的游客络绎不绝。"
来安昌古镇提前过年啦！满街都是腊肠、酱鸭年味氛围浓厚到没话说??不愧上过央视 被国家地理推荐！-尤其推荐坐乌篷船逛古镇能把两岸人家的烟火气尽收眼底??原汁原味的绍兴民俗风情??都在这里具象化了！-?游玩攻略?-?美食印糕 扯白糖 师爷馄饨黄酒 臭豆腐 酒酿馒头……都实惠又好吃 很值得一试~还有满街的酱鸭腊肠特别适合买回家当年货??-?景点在古镇还可以逛逛特色景点比如仁昌酱园、绍兴师爷博物馆石雕馆、城隍殿、中国银行旧址……沉浸式体验绍兴古镇的水乡风情?仁昌酱园免费，部分景点需要买联票哦~-??地址：绍兴市柯桥区安华北路安昌古镇??开放时间：全天??门票：古镇大门票免费，古镇内景点联票40r/人??乌篷船：40r/船，可以坐3人??出行：绍兴地铁1号线中国轻纺城站，直接打车15分钟抵达或乘坐公交816/805路-
我更爱这些被遗忘的江南古镇.”
春天旅行到江南温婉的到苏州文雅的到绍兴??・一条视频告诉你绍兴要怎么玩！?????怎么去绍兴1??坐高铁，绍兴北站??Tips：绍兴北站目前还没通地铁哦坐地铁需要坐1号线大庆寺站的接驳车?6：30－22：1015分钟一班2??杭州的小伙伴可以坐地铁直达绍兴哦！・??住宿选择绍兴老城区的地铁1号线沿线??景点多??选择多??交通方便・??路线Day1??鲁迅纪念馆－百草园－三味书屋－沈园－东湖Day2??府山直街－八 字桥－书圣故里－安昌古镇?Day1????鲁迅故里??游览路线：鲁迅纪念馆-鲁迅故居－三味书屋－鲁迅祖居就像走进课本里真的很奇妙?8：30－21：00??免费，但要预约哦！??沈园?8：00－17：00??40??东湖??水杉林码头??秦桥??仙桃洞??喇叭洞??霞川桥??陶公洞??二号码头乘船??40，包船??200?8：00－17：00??50??仓桥直街绍兴的南锣鼓巷满满的商业气息・Day2????府山直街此起彼伏的叫卖声是热气腾腾的生活??八 字桥小桥流水乌篷船这里才是真实的绍兴??书圣故里小桥流水，粉墙黛瓦可以拍汉服和簪花哦??路线：老爷爷的书店－墨池－书圣故里－躲婆巷－咏梅诗廊－蕺坊桥－题扇桥??安昌古镇??乌篷船?8:00-16:30??40??古戏台旁和民俗风情馆旁??不回头游览路线正大门??清风第1廊??城隍殿??穗康钱庄??石雕馆??天官第米厂旧址??绍兴宣卷馆??师爷馆??安昌民俗风情馆??安康寺??中国银 行旧址??仁昌酱园??507个景点，米厂旧址、仁昌酱园免费参观???还有好多好吃的1??臭豆腐??王老汉臭豆腐2??面饽饽??朝秀早餐店3??糯叽叽??香又脆芝麻糖4??绍兴本地面??杭州佬面馆5??鱼圆水饺??老绍兴水饺6??绍兴本地菜??河埠头??丰乐饭店
小桥流水乌篷船，熏鸭腊肉晒鱼干。今天给宝子们整理了一下浙江闭环旅行攻略。宝子们喜欢就赶紧点赞收藏加关注啊免得用的时候找不到了！！！大环线：上海→嘉兴→杭州→绍兴→宁波→舟山→宁波→台州→温州→丽水→金华→杭州→上海城市路线及推荐景点：上海：豫园（上海老城隍庙）→外滩→和平饭店→南京路步行街→黄河路→武康路→陆家嘴→外滩夜景→酒店嘉兴：乌镇、西塘古镇杭州： 西湖→断桥残雪→曲院风荷→苏提春晓→雷锋塔。景点推荐：西湖、三潭印月、雷峰塔、灵隐寺、宋城、千岛湖绍兴：会稽山（王羲之的兰亭序）、鲁迅故里、周恩来故居、安昌古镇、崇仁古镇、沈园、东湖、西施故居宁波：天一阁、南塘老街、月湖公园舟山：东极岛、普陀山、普济禅寺台州：天台山风景区、国清寺、神仙居温州：雁荡山、南鹿岛、义乌小商品市场、丽水：云和梯田、岩宕书屋、古堰画乡、应星楼金华：横店影视城、大红岩风景区小提示：舟山如果觉得远可以忽略掉，横店影视城和义乌小商品市场还是值得去体验一下的，雁荡山可以根据跟人体力选择
"-??关于路线：DAY[一R]：鲁迅故里―沈园―八字桥―书圣故里―迎恩门DAY[二R]：兰亭景区―昂桑湖―安昌古镇DAY[三R]：柯岩风景区	-具体介绍：DAY1：①鲁迅故里（免费，但一定要提前预约）??1.5h可以打卡迅哥大头、三味书屋、百草园等（不推荐在鲁迅故里坐乌篷船！！时间很短，也没什么景色！！）②沈园（门票：40/人）??1h宋代园林、古色古香，可以打卡钗头凤词壁、诗境园、琴台、双桂园等（沈园里面不大，适合喜欢宋代文化的慢慢逛慢慢品味~）③八字桥（免费）??0.5h原汁原味的绍兴本地人生活街区，可以在桥上打卡绍兴江南韵味满满的水路和两岸年代感居民区。④书圣故里（免费）??1.5h拍照出片地！可打卡网红书法墙、水边长廊、墨池、老爷爷书店、题扇桥等。适合爱拍照的姐妹去打卡拍摄！！⑤迎恩门（免费）??1h最好晚上去！城楼会亮灯，碰到节日还会有花灯等等活动，可以跟朋友一起沿着水边慢慢逛！	DAY2：①兰亭景区（门票：70/人）??2-3h本人心中最爱的绍兴景区！！既有文人墨客的文化底蕴、又有中式与现代的融合建筑，拍战国袍和新中式真的嘎嘎出片！！②昂桑湖（免费）??0.5h是400年前古代船工们拉纤的道路，每块石板都充满了历史感，适合晴天去！！蓝天印在湖水上会很美~③安昌古镇（免费  如果要看展馆需购票）??半天是绍兴四大古镇之一，过年的时候会挂上满满的腊肠和鱼干等，景区内有很多小店，可以边逛边吃	DAY3：①柯岩风景区（门票联票：130/人）??大半天鲁镇景区：民国风满满，青石板、白墙黑瓦，还有鲁迅笔下的阿Q和祥林嫂铜像。鉴湖景区：坐乌篷船游鉴湖超惬意~船桨的水声一声声荡漾，是梦里的江南！柯岩景区：鬼斧神工的石景，柯岩大佛矗立其中，还有姿态各异的石洞和石壁。	-??关于住宿：这次跟朋友一起做了很多攻略，最后选了一座隐秘于市的酒店第一次坐船入住酒店，真的是非常新奇的体验。开船的叔叔是很健谈的绍兴本地人，下船就有专门的服务人员接应，办理入住，整个过程很快态度也很好，而且酒店房间都很宽敞！！跟闺蜜一起住真的很爽，去市区打车大概二十分钟路程到，为了舒适的住宿条件我觉得还是可以接受的	总的来说，绍兴这几天的游玩让我回味无穷，很多景点真的很值得逛，是一座我来了会想再来的江南小城～	"
青石板、乌篷船、腊味飘香……这里才是江南最慵懒的模样??? 坐一次乌篷船，摇摇晃晃穿过水乡的晨雾?? 尝一根安昌腊肠，咸香里藏着老绍兴的味道?? 走一走三里长街，看老手艺人在廊棚下扯白糖没有过度商业化的喧嚣，只有晒酱鸭的竹竿、吱呀的木门和晒太阳的猫???? 绍兴 ・ 安昌古镇?? 免费（部分景点需门票）?? 最佳拍摄点：清风桥、仁昌酱园、沿河长廊
江浙沪团建｜冬季团建｜滑雪团建?这12个景点，各有千秋，总有一个能打动你的心！赶紧计划团建出行吧！・??千岛湖时间：1-3日景区：天屿山、骑龙巷、网红灯塔、燃擎卡丁车、沪马探险乐园.??安吉时间：2-3日景区：云上草原滑雪场、江南天池滑雪场、中南百草园、大竹海、竹博园.??莫干山时间：1-3日景区：莫干山风景区、天际森谷、庾村、田美树心、义远有机农场、下渚湖湿地.??临安时间：1-2天景区：青山湖、大明山滑雪、湍口温泉、风之谷、吴越古道.??桐庐时间：1-3日景区：OMG心跳乐园、马岭古道、大奇山、瑶琳仙境、生仙里雪场、严子陵钓台.??乌镇时间：1-3天景点：草木本色染坊、水上集市、乌镇大剧院、月老庙.??上海崇明岛时间：1-3天景区：东平森林公园、东滩湿地、西沙湿地、明珠湖公园.??西山岛时间：2-3天景区：石公山、牛仔度假村、林屋洞、天王坞、石公山、明月湾古村.??绍兴时间：2-3天景区：鲁迅故里、安昌古镇、刻石山、月亮谷、穿岩十九峰、东湖.??金华时间：1-3天景区：诸葛八卦村、梦幻谷、横店、大红岩、双龙洞、仙华山.??朱家尖时间：1-3日景区：南沙、东沙、观音法界、大青山、白山景区、乌石塘.??南京时间：2-3日景区：夫子庙、玄武湖、栖霞山、灵谷寺、鸡鸣寺、中山陵、美龄宫・??团建10人起接！??吃喝玩乐一站式安排，HR省心省力??做年轻人喜欢的江浙沪团建方案
虽然元旦的安昌古镇人满为患，但是我还是被这浓烈的“年味”给震撼到了，这里或许就是你找寻已久的烟火气。-?喜爱的理由：1??这个古镇内还是原住民居住的状态，整个古镇不似常见的旅游景点，期间充斥着满满都生活气息。除了能看到店铺里腌制的腊肠、酱鸭、酱鹌鹑、腌鱼之外，还能见到居民们自家腌制的各色腌货。-2??它并没有被古镇景点同质化，这里也没有千篇一律的产品，这里依旧保留着自己的特色（酱鸭、腊肠等）。我甚至在街上都没有看到连锁奶茶，至多就看到了一家星爸爸。-3??这里没有旅拍????不像其他一些古镇景点，旅拍能占满整个大街。还我一片宁静。-?景点介绍：整个古镇沿着河边两岸形成一个长条回字形；整个景点或者说你能作为游客体验的区域就只是在岸边；并没有向里面渗透开，只要离开主干道，就会马上变成生活区；-??实用信息：??不收门票????；??推荐早上10:00抵达，人还不多，先逛一圈拍拍照；??中午选一家心仪的餐厅用餐；??下午找个店铺喝个下午茶，临走买点腊鸭、腊肠~-??我是Jiang酱讲疆不定期分享各种高性价比国内外出行故事关注我，为你的旅行提前避雷???
"-??【交通指南】高铁/火车??：绍兴站（近市区）或绍兴北站（打车需30分钟到市区）地铁/城际列车??：适合宁波和杭州周边，可直达绍兴市区	【8大必去景区】1、鲁迅故里??免费 | 来了绍兴肯定要打卡鲁迅故里，百草园、三味书屋，小时候语文课本里的场景历经好多年又真真切切地映在我们眼前。	2、书圣故里??免费 | 王羲之与蔡元培的故里，有大量的历史遗迹，是很好的打卡出片地	3、八字桥??免费 | 是我国现存古老的桥梁之一，两岸都是江南水乡的生活场景，没有过度商业化	4、昂桑湖??免费 | 建立明代避风石塘古纤道，是人少景美的小众打卡点，晴天来整个湖面都是蓝色	5、仓桥直街??免费 | 民居多为清末民初建筑，众多富有地方特色的台门保存完好，具有浓郁的水乡风情	6、西小路??免费 | 沿途河道清秀，人少安静，更富有水乡情韵，适合慢慢逛慢慢欣赏	7、兰亭??门票70/人 | 将中式美学运用到极致，王羲之笔下绝美仙境，配上杰伦的兰亭序意境拉满	8、安昌古镇??免费游览，小景点联票50元/人 | 是央视推荐的古镇，烟火气满满，随手拍都是水墨画，建议留半天时间好好逛一下	??【住宿推荐】这是我近期住过觉得品质很高的一个酒店。酒店房间面积都很大，这次订的房间还带一个小庭院，大空间给人的感觉就是舒适加透气（小空间真的让人很压抑谁懂??）距离市区大概三十分钟车程，边上就是鉴湖和柯岩风景区，在柯桥逛真的蛮方便。	"
许银炜：国家地理推荐的免费古镇，绍兴安昌古镇，市井烟火气浓，用“枕水人家，桨声灯影”形容它最贴切不过了。?
??我本无意入江南，奈何江南入我心.绍兴，没有杭州、苏州名气没那么大但保留着安静又慢条斯理的日常生活青砖绿瓦，小桥流水，乌蓬慢慢真心觉得这里更适合游玩放松??.??路线推荐??一日游特种兵全路线：??地铁站【城市广场】→蔡元培故居→书圣故里→周恩来故居→八字桥→沈园→鲁迅故里→三味书屋→绍兴师爷馆→青藤书屋→徐渭艺术馆→绍兴博物馆→府山公园→仓桥直街→西小路历史街区→阳明故里→迎恩门.??此路线景点除了沈园门票40，其他都免费，闭合路线起始点不绕路，可自行删减，部分景点需提前预约.??两天一晚休闲游路线：Day1：东湖―书圣故里―八字桥―沈园Day2：鲁迅故里―绍兴博物馆―仓桥直街―西小路??如果想游船，可以去东湖，门票50，乌蓬船35.时间充足的话建议去安昌古镇、东湖、兰亭、大禹陵、沈园、?犭茶湖古纤道、柯桥古镇等逛逛.??分享几个打卡点，建议收藏①鲁迅故里：从百草园到三味书屋，鲁迅笔下场景从书中来到你的面前②书圣故里：人文气息非常浓厚，墙壁上随处可见书法元素，沿河而行，处处皆风景③东湖：最近很火的一个点，强烈建议坐船沿着山绕一圈，阴天更有感觉④安昌古镇：烟火气十足的免费古镇，满街的酱鸭、腊肠、印糕有一种过年的感觉⑤迎恩门：老城西北方向的一座城门，节假日这里会有传统水上迎亲仪式⑥?犭茶湖：走在这纤细的古道上，吹吹风，聊聊天，很安逸.??Tips：??拍照时间：出门前一定看天气预报！江南雨天有韵味，但是不太好走??住宿推荐：老城区景点很集中，住宿可以选择在鲁迅故里附近，交通吃饭都很方便??美食：吃绍兴菜可以去寻宝记、孔乙己、小绍兴饭馆等，特色有绍三鲜、梅干菜焖肉、醉鸡、卤鸭.
"第1??天??鲁迅故里：是鲁迅先生诞生和青少年时期生活过的故土，成为来绍兴的必游之地。开放时间：8:30~20:45（周一17:00停止入园）门票：免费??沈园：内有陆游纪念馆，因陆游的《钗头凤》闻名于世，沈园也因这段爱情故事而载入典籍。开放时间：8:00－16:40门票：40元/张??仓桥直街：全长1.5公里，由河道、民居、街坊三部分组成，民居多为清末民初建筑，众多富有地方特色的台门保存完好，具有浓郁的水乡风貌。??府山公园：主要景点有越王殿与越王台、清白泉、文种墓、唐宋名人摩崖题刻、飞翼楼、风雨亭、革命烈士纪念碑等。飞翼楼是绍兴城区内的最高点，登上楼顶可以俯瞰整个绍兴城区。开放时间：全天门票：免费	第2??天??西小路｜谢公桥｜阳明纪念馆?? 西小路：以纵贯街区的西小河而得名，其周围分布着成片的沿河传统水乡民居， 街区内保存的众多古迹，是绍兴水乡风貌的集中体现。?? 谢公桥：始建于后晋，属绍兴古桥群之一。开放时间：全天门票：免费??阳明纪念馆：吕府为浙江省现存两处明代住宅建筑群之一，现改为阳明纪念馆。开放时间：9:00~16:30。门票：免费??兰亭：因书圣王羲之写下“天下第一行书”《兰亭集序》而名闻。开放时间：8:00－16:50门票：70元/张	第3??天??书圣故里：是绍兴市区历史风貌保存最完整的区域，以书圣王羲之舍宅为寺而闻名。开放时间：全天门票：免费??长桥直街｜广宁桥｜八字桥：此行主要目的是八字桥，从长桥直街进去，经过广宁桥再到八字桥，这两座桥都属绍兴古桥群。开放时间：全天门票：免费	第4??天??柯岩风景区：包含柯岩、鉴湖、鲁镇三部分，柯岩是整个风景区的核心，较为特别的是“天工大佛”和“奇云石骨”。开放时间：8:00－16:30门票：95元/张	第5??天??安昌古镇：绍兴有名的四大古镇之一，其建筑风格传承了典型的江南水乡特色，一衣带水，古朴典雅。开放时间：全天门票：免费	"
在繁忙的都市生活中抽离，踏上一场说走就走的旅行，目的地是浙江绍兴那座低调却韵味十足的安昌古镇。这里，没有过度的商业喧嚣，只有那份沉淀了千年的宁静与烟火气。??景点交通：想要抵达这片人间仙境，其实并不复杂。如果你是从杭州出发，高铁只需半小时便能抵达绍兴，随后转乘公交或打车，沿着蜿蜒的道路，穿过一片片稻田与竹林，安昌古镇便悄然出现在你的眼前。自驾游的小伙伴更是方便，导航直达，沿途还能欣赏到江南水乡特有的田园风光，让人心情大好。???必去景点：走进安昌古镇，仿佛穿越了时空隧道，回到了那个诗意盎然的年代。首当其冲的，便是那“小桥流水石皮弄”。踏上青石板路，两旁是白墙黛瓦的老宅，偶尔一两声船夫摇橹的号子，乌篷船悠悠划过水面，留下一道道涟漪。别忘了探访那些隐藏在弄堂深处的老茶馆，点一壶绍兴黄酒，配几碟小菜，感受那份属于老绍兴的悠闲与惬意。腊月里的安昌，更是别有一番风味。家家户户门前挂满了腊肠、酱鸭，空气中弥漫着诱人的香气，那是年的味道，也是安昌独有的烟火气。走在这样的街道上，你会不由自主地放慢脚步，沉浸在这份淳朴与热闹之中。???门票相关：安昌古镇的门票政策相当亲民，成人票仅需几十元，而且许多小景点如师爷馆、民俗风情馆等都是包含在门票内的。对于学生和老人，还有相应的优惠政策，记得带上有效证件哦。此外，古镇内部分体验活动如制作扯白糖、尝试传统手工艺等，可能需要额外付费，但价格合理，绝对物超所值。??其他tips：最佳游览时间：正如前文所述，腊月和春节期间是安昌古镇最美的时刻，但如果你喜欢安静，避开这些高峰时段，平日里的古镇也别有一番静谧之美。美食探索：来到安昌，怎能不尝尝当地的特色小吃？酱鸭、臭豆腐、扯白糖、印糕、梅干菜小酥饼，每一样都是味蕾的盛宴。记得留点肚子，因为你会发现，每走几步就有一家诱人的小吃摊在向你招手。手工艺品：古镇内还有许多手工艺人，他们的作品从竹编到刺绣，无一不透露着匠人的匠心独运。不妨挑选一两件带回家，作为这次旅行的纪念。穿着建议：考虑到古镇的石板路较多，穿一双舒适的平底鞋尤为重要。同时，夏季防晒，冬季保暖，毕竟享受美景的同时，也要照顾好自己。随着夕阳西下，古镇被染上了一层金色的光辉，河面上泛起了金色的波纹，安昌古镇的一天缓缓落下帷幕。在这里，时间仿佛变得缓慢，让人忘却尘世的烦恼，只想沉浸在这份宁静与美好之中。
"??安昌古镇是绍兴有名的四大古镇之一，其建筑风格传承了典型的江南水乡特色，一衣带水，古朴典雅，被称为“活着的古镇”。	始建于北宋时期，是绍兴师爷的故乡。最有特色的是安昌的小桥，其中最著名的是名为福禄、万安、如意这三座桥，古镇人家嫁女儿时，都要走全三桥。	古镇中有17座古桥，有着“碧水贯街千万居，彩虹跨河十七桥”的美誉。	??这里的市井烟火气让人着迷，沿河的三里街市还保留着质朴的生活气息。	错落有致的翻轩骑楼，古老的台门弄堂，形态各异的拱桥石梁，历经漫长的岁月，风貌古朴依旧。	???开放时间：全年全天??门票：免费，内部部分景点购票参观??地址：绍兴市安昌镇	??交通：??公交：可在绍兴城区乘118路公交车到柯桥区安昌古镇，在安昌大酒店站下车过条马路就是古镇，每8-10分钟一班，票价2元。 也可以在柯桥城区乘805、806、816等路车直达，每10-15分钟一班，票价1元。	??自驾：从沪杭甬高速公路柯桥出口下，约5公里到柯桥区安昌街道。	??动车：绍兴北站（原绍兴柯桥站）离安昌古镇的距离是5.7公里，从杭州东站出发到绍兴北站大概10分钟左右。	?"
江浙沪团建大合集??1-3天团建必打卡！！?江浙沪春夏团建，去哪玩？怎么玩？[吐舌头H][吐舌头H]?精选了40+超受欢迎的江浙沪团建好去处~~?不管是公司团建还是朋友聚会都适合??满满干货，快快收藏????.??【团建地点】??苏州市内团建??团建地点：平江路、同里古镇、周庄古镇、金鸡湖、阳澄湖??团建玩法：古镇寻宝、实景剧本杀、摇橹船??杭州市内团建??团建地点：西湖、武林夜市、 龙井村、九溪十八涧、满觉陇??团建玩法：露营烧烤、围炉煮茶??、实景剧本杀、摇橹船.??南京市内团建??团建地点：玄武湖公园、夫子庙??团建玩法：露营烧烤、围炉煮茶??、实景剧本杀、趣味草坪游戏.??湖州市内团建??团建地点：太湖古镇、龙之梦旅游度假区、酒吧街??团建玩法：古镇寻宝、徒步定向、骑行.??绍兴市内团建??团建地点：乔波冰雪世界、会稽山、鉴湖、安昌古镇??团建玩法：古镇寻宝、徒步定向、真人CS、篝火晚会.??无锡市内团建??团建地点：鼋头渚景区、拈花湾小镇、三国城、水浒城??团建玩法：实景剧本杀、古镇寻宝、徒步定向、徒步穿越.??常州市内团建??团建地点：南山竹海、嬉戏谷、淹城春秋乐园、天目湖??团建玩法：皮划艇、篝火晚会、定向、防攻箭.??扬州市内团建??团建地点：瘦西湖、个园、何园、邵伯古镇??团建玩法：古镇寻宝、城市定向、换装剧本杀、篝火晚会.??【团建项目】舞龙嘉年华｜疯狂原始人｜飞盘大作战旱地冰壶｜团队攻防箭｜山地越野车趣味运动会｜真人大富翁｜草坪音乐节真人CS｜疯狂F1｜扎筏泅渡｜皮划艇玩霸江湖｜花海定向｜定向寻宝｜换装剧本杀篝火晚会｜非洲鼓｜露营烧烤｜烤全羊徒步定向｜徒步穿越｜棒球大战｜环岛骑行??【团建信息】????团建人数:20-500人??团建地点:江浙沪各城市?团建天数:1-3天均??
三天就能用黄酒香腌入味的小众古城！绍兴的松弛感是揉进巷子里的――青石板会说话 乌篷船会写诗连空气都飘着醉蟹的鲜甜??（附独家机位+本地人带路版美食地图）??交通TIPS：杭州地铁直达绍兴「鲁迅故里站」景点集中打车不超15r 共享单车更方便！??住宿指南：??鲁迅故里附近：沉浸式体验课本里的江南??书圣故里民宿：推开窗就是王羲之练字的水塘??三天神仙动线（附出片秘籍）：??Day1 鲁迅浓度超标日→ 迅哥儿家（课本里的百草园真有小松鼠！）→ 三味书屋（刻早字书桌已围栏 但能拍同款窗景）→ 沈园夜游（宋韵水幕秀美到窒息）??必拍机位：1??鲁迅故里出口黄酒墙（建议穿浅色系）2??三味书屋临河长廊（等乌篷船划过时抓拍）??本帮菜指北：??咸亨酒店：茴香豆+太雕奶茶（酒香冰淇淋口感）??仓桥直街72号：臭豆腐配甜面酱原地封神！??Day2 书法浓度拉满日→ 书圣故里（王羲之洗笔的墨池还在冒泡泡）→ 八字桥直街（原住民晾的腊肠是天然背景板）→ 西小路历史街区（《觉醒年代》取景地）??必拍机位：1??墨池边的白墙（书法投影下午三点最绝）2??蕺坊桥洞（网红书法墙要侧身拍剪影）??巷弄美食：??河埠头饭店：霉千张蒸肉饼配米饭香哭??绘Z轩：黄酒棒冰要买断桥残雪款（拍照神器）??Day3 水乡浓度MAX日→ 安昌古镇（比乌镇少90%游客的宝藏地）→ 坐乌篷船吃酒酿馒头（船夫会唱越剧彩蛋！）??必拍机位：1??仁昌酱园晒场（百口酱缸当背景）2??清风第一桥（等夕阳把灯笼染成琥珀色）??古镇限定：??孝店王酒酿馒头（夹梅干菜肉香到舔手指）??师爷馄饨（柴火烧的皮薄如蝉翼）??血泪经验：①所有名人故居提前在「绍兴市文旅集团」预约②黄酒奶茶/棒冰含酒精！孕妇小孩慎选③穿软底鞋！青石板路走到怀疑人生④最佳拍摄时间：早晨7-9点/傍晚4-6点现在正是梅子熟透的季节坐在临河茶馆看摇橹船推开涟漪才懂什么叫「醉是江南」???
"??解锁安昌古镇夏夜清凉秘籍??乌蓬夜游，凉风习习入梦来???当夕阳洒落青石板路，是时候跳上那艘悠悠乌篷船，穿梭在古镇的柔波里。船桨轻摇，涟漪泛起，带走白日所有的闷热与烦躁。???场馆游园，灯火阑珊避暑忙???夜幕下，安昌的古建筑被温暖的灯光勾勒，更显古朴韵味。走进场馆，仿佛踏入历史的长廊，每一处展览都是自然的空调房。在城隍殿和师爷馆内，聆听那些古老的故事，让心灵在历史的长河中遨游，忘却外界的酷暑。???商户联动，淘份夏日小确幸???古镇的商户们纷纷亮出绝活，邀你共享一场避暑美食之旅。??冰镇饮品、解暑凉茶，每一口都是对味蕾的极致宠溺；???走在古镇的巷弄间，悠扬的箫声足以让夏日的燥热烟消云散；再在灯火通明的市集淘宝，淘一份夏日小确幸???，感受到那份久违的热闹与烟火气。?? 逃离40°C的酷热，天黑就出发，安昌古镇的夜，等你来解锁更多避暑新玩法！???♀??	"
??碧水映红船，才子遇佳人??新妇凤冠霞帔，青碧婚服。??河畔玉立，鬓发如云，不屑不屑也。??良人拱手而立，u兮u兮，其之翟也。??聘汝为妇，永结同心。――――――??地址：绍兴越城区迎恩门风情水街??时间：5月1日―5月3日每天14:00-15:00和19:00-20:00每日两场婚礼，5月1日是宋韵传统婚礼，5月2日是近代怀旧婚礼，5月3日是现代新中式婚礼??小tips：五一期间除了迎恩门??婚礼秀之外，5月1日和5月3日黄酒小镇和5月4日安昌古镇都有宋韵婚礼秀，大家有空可以前去打卡呦
"?? “烟雨入江南，山水如墨染”来绍兴，真的会恍惚走进鲁迅的旧梦！青石板路湿漉漉的，白墙黑瓦倒映着乌篷船的影，连空气都带着黄酒香～	?? 住宿推荐 | 绍兴饭店优点：地理位置绝佳！步行可达鲁迅故里，白墙黑瓦的江南庭院风，拍照超有感觉～缺点：设施偏老旧，隔音一般，浅眠姐妹建议带耳塞！（但为了这地理位置和氛围，我忍了！）	?? 3天行程安排Day 1：上午：兰亭景区??曲水流觞，文墨留香。竹林清溪，拍照出片率超高～下午：鲁迅故里（含景区景墙-鲁迅祖居（周家老台门）-三味书屋-鲁迅故居（周家新台门）-百草园-风情园-鲁迅纪念馆）--秋瑾故居--青藤书屋--府山直街--仓桥直街--王阳明纪念馆（? Tips：这些景点超集中，步行就能逛完！）晚上：去沈园听越剧《钗头凤》，夜色超有韵味！	Day 2：?? 柯岩景区--柯桥古镇--安昌古镇?? 随便找家临河咖啡馆发呆，这才是江南的正确打开方式～	Day 3：?? 八字桥--八字直街--周恩来故居--书圣故里--蔡元培故居八字桥是活着的“水乡博物馆”，本地人仍在这里生活，烟火气十足！书圣故里的墨池、题扇桥，文艺感拉满～	?? 美食打卡：黄酒棒冰、绍兴臭豆腐！	??总要看一次真江南吧，绍兴的春，连风都是温柔的。	"
朋友说我镜头里的绍兴不仅有江南，也有江湖Hello！这里是爱旅游的
"古镇的小桥流水人家青石板路蜿蜒曲折每一处都是绝佳打卡点?	最绝的是傍晚时分夕阳洒在河面上整个古镇都被染成了金色随手一拍就是大片感??"
姐妹们！秋高气爽，是不是也想要逃离城市的喧嚣？??来点乡村古镇的宁静时光简直太完美了！???在这里，时间仿佛慢了下来，只有那静谧的街道、清新的空气和田园间的欢声笑语。??我可是个古镇资深迷，十多年的旅行和拍摄经验让我有了满满的心得。今天，我要给姐妹们安利5??个国内小众又美到爆的古镇，关键是大多免费开放哦！跟着我的镜头一起出发吧～???绍兴 安昌古镇??图1图2看那合欢花盛开，河道上乌篷船摇曳，水面上云彩荡漾。??每次拍的照片都能让读者直呼这就是梦中的江南！没错，这就是绍兴，这就是江南的韵味！?葛仙村 ??图3图4江西深山里的这个小村落，简直就是度假天堂！???白天云雾缭绕，晚上灯光璀璨，仿佛穿越到了陶渊明的世外桃源，或者是梦回大唐长安。不想工作？来这里，享受几天神仙日子吧！?兴坪古镇??图5图6来广西阳朔，兴坪古镇绝不能错过！??桂林山水甲天下，这里的渔火和夕阳构成的美景，就像一幅流动的画卷，让人流连忘返。?呈坎古镇 ??图7图8徽州古镇的魅力，呈坎绝对值得一探！??八卦风水的布局，夏天的荷花更是美得让人心醉。穿上汉服，坐上竹筏，这画面想想都美爆了！宁静与悠闲，历史的厚重与现代的轻松完美融合。这五个古镇，都是我的心头好，姐妹们赶紧收藏起来，准备下一次的古镇之旅吧！???????
这个五月总要来一趟绍兴吧??青砖黛瓦、小桥流水，满满人间烟火气街头巷尾、一船一桥，都充满诗情画意・?2天1晚・行程路线??D1：书圣故里―八字桥―鲁迅故居―百草园―三味书屋―沈园―仓桥直街??D2：安昌古镇―古纤道―返程・?必打卡景点??书圣故里绍兴八大街区中历史风貌保存z完整的！街巷里藏着很多文物古迹，还能感受有趣的市井生活??必打卡：蕺坊桥、题扇桥、墨池、老爷爷书店、蕺山街??门票：免费??营业：全天?时长：1-2h-??鲁迅故里跟着语文课本打卡从百草园到三味书屋，建议从东门口开始游玩，别错过这里的小桥流水美景??门票：免费??营业：08:30-21:00?时长：2-3h??Tips：现场预约??公主号「绍兴文旅集团」-??八字桥正所谓不到绍兴不识古桥，这是本地人爱逛的老街，几乎没有游客，如果想坐乌篷船的推荐来这里体验，不贵不堵船～??门票：免费??营业：全天?时长：0.5-1h-??安昌古镇比起商业化成熟的古镇，我更爱这里的人间烟火气！河边挂满酱鸭腊肠熏鱼，街道两边摆满小摊价格实惠，别错过王老汉臭豆腐！??门票：免费??营业：08:00-21:00?时长：2-3h-??古纤道长达800多年历史的石板纤道，连接着狭?(ang)犭茶?(sang)湖的南北岸！傍晚来这里走走看日落很舒服??门票：免费??营业：全天?时长：0.5-1h・?交通??高铁：直达「绍兴北站」距离绍兴市区15公里??飞机：抵达「杭州萧山机场」 ??自驾或者地铁前往绍兴??自驾：杭州出发1h??Tips??绍兴市区景点都很近，打车只用起步价8r??安昌古镇距离市区25公里，建议开车自驾・?住宿推荐住在书圣故里或者鲁迅故居附近，交通吃喝便利・?美食推荐王老汉臭豆腐、黄酒棒冰、黄酒奶茶酒酿馒头、糯唧唧糕点、安昌古镇松糕避雷奶油小攀（有点腥）、师爷馄饨味道一般・
"??绍兴・安昌古镇 ，有风有骨的江南旧梦	江南水乡，百镇争辉，却独爱安昌这一抹古旧的风与骨。	踏入古镇，风里似夹杂着千年的呢喃。	依河而建的廊棚，蜿蜒着岁月的幽长；青石板路，每一块都镌刻着往昔的繁华与沧桑。腊肠与酱货在风中散发着浓郁的年味，那是安昌独有的烟火交响。乌篷船悠悠划过，船桨轻摇，搅碎了水面的天光云影，仿佛摇醒了沉睡的江南旧梦。冬日的暖阳洒在斑驳的白墙黑瓦上，光影交错间，尽显江南风骨。老人坐在门口，守着一份宁静与安详，手中的针线编织着时光的细密。孩童在巷子里嬉笑奔跑，他们是古镇的新生与希望。在这里，风是信使，传颂着历史的诗章；骨是脊梁，支撑起江南的温婉与刚强。	安昌古镇，于尘世喧嚣中静静伫立，任岁月变迁，风骨依然，让每一个到访者都沉醉在这有风有骨的真江南韵致里，不舍归航。"
"我很少用震撼来形容一座古镇！直到来到了这里。这里被誉为成都版的清明上河图，如果你来成都，强烈建议留一天时间给这个千年古镇吧。坐落在雪山下的千年古城，不用去丽江，就在成都。??地点：成都市崇州元通古镇??交通：成都市区出发自驾50分钟??拍照机位攻略1??汇江桥：横跨河流的吊桥，这里可以拍到古塔和雪山的合影2??广东会馆：岭南风格的古建筑，位于主街3??天主堂：修建于1903年，很出片，留下的尽是岁月斑驳的痕迹4??罗家大院：来元通古镇不容错过的经典机位，著名的天井就是这里。5??黄家大院	tips：元通古镇附近还有街子古镇和怀远古镇，可以一起游玩。美食推荐花椒鸭和叶儿粑，很有地方特色。"
中国最适合一个人散心的12个古镇 孤独累了就去走走
"绍兴特种兵旅游一下午三古镇分别是柯桥古镇、鲁镇、安禅古镇??柯桥古镇 P1-2是比较新的地理位置、游线、业态、小博物馆是他的优势可以来看看里面的小博物馆??鲁镇 P3-4暂没找到他的优势纯新款，无沉淀商业也不适合闲逛??安昌古镇 P5-8这是真的古镇还有居民临水而居河道很窄很有水乡感觉还有一个酱园文化比较独特里面的一口味餐厅不错是绍兴内值得一去的古镇	"
??【吃货防坑指南】???警惕“网红火锅店”排队陷阱！部分新晋网红店被曝食材不新鲜、服务差，建议优先选择本地人扎堆的老字号（如鲁迅故里附近的老面馆）。??景区臭豆腐慎买！推荐书圣故里王老汉的祖传摊子，外脆里嫩配秘制酱汁才地道。??黄酒奶茶别在景点买！沈园门口卖25元/杯，八字桥茶馆18元还能坐乌篷船边喝边拍。??次坞打面认准街边小店！景区“改良版”加价30%，推荐西小路的老蔡打面，手擀面配三鲜浇头人均20元管饱。??【景点防坑指南】????鲁迅故里必看提醒！免费但需提前3天预约（官方公众号）。三味书屋真迹在故居最深处，别被门口仿建误导。??安昌古镇免费但套路多！乌篷船报价120元/船可刀，腊肠认准“仁昌酱园”门口现灌的，景区包装的偏咸。??沈园夜游谨慎跟风！《钗头凤》灯光秀门票80元，实际演出仅20分钟，更推荐白天40元门票看陆游真迹石碑。??【终极省心攻略】????交通秘籍：地铁1号线直达鲁迅故里站，出站步行5分钟到景区。绍兴北站有免费接驳车到镜水路地铁站，别坐黑车！用“绍兴行”APP查实时公交。??住宿性价比之王：选仓桥直街/书圣故里民宿，200+住进明清老宅！旺季提前1周订房，周末价格翻倍。??季节限定彩蛋：3月吼山赏桃花（免费）、11月东湖看红枫，梅雨季节备好透明伞，拍烟雨江南氛围感拉满。??【拍照冷门机位】????赛博古风：徐渭艺术馆几何白墙+玻璃光影，下午3点斜阳穿透时拍剪影，秒出高级片。??水乡电影感：八字桥第三个台阶俯拍，用长焦压缩两岸老宅，乌篷船经过时按下快门。??夜景天花板：仓桥直街南段灯笼亮起时，蹲在石拱桥底仰拍，捕捉灯笼倒映河面的瞬间。??文艺彩蛋：阳明故里碧霞池的白墙竹影，穿汉服撑油纸伞，仿佛穿越王阳明讲学现场。??【3天2夜路线】??DAY1：鲁迅故里→沈园→仓桥直街夜景DAY2：安昌古镇→柯岩风景区→书圣故里茶馆听评弹DAY3：阳明故里→徐渭艺术馆→八字桥扫街??避坑总结：1?? 吃地道去菜市场（如大江市场），拍美照赶早/赶晚2?? 免费景点藏着真江南，收费项目先查口碑3?? 所有“绍兴特产”都能在农贸市场找到半价同款4?? 一壶黄酒配茴香豆，才是水乡的正确打开方式??收藏这篇，
"两岸人家安且昌，乌篷俨在画中航。腊肠鱼鲞梅干熟，黄酒白糖蚕豆香。	腊月的安昌古镇年味浓厚，街巷里弥漫着浓郁的酱香。冬日暖阳下，家家户户门前晾晒着腊肠腊肉、鱼鲞酱鸭、酱排骨酱鹌鹑，色泽红亮，与古镇的青砖黛瓦、小桥流水相映成趣，构成江南水乡冬日里的的独特风景。	??【交通指南】绍兴北站-安昌古镇，打车20分钟到达景区门口，方便快捷。若自驾前往，古镇门口有大型停车场。	??【门票信息】??免费参观??，景区入口处扫码，填写个人信息，获得“入镇码”即可免费预约进入景区。“全价票50元/人，半价票30元/人”是六景点联票（城隍殿、中国银行、穗康钱庄、石雕馆、绍兴民俗风情馆、绍兴师爷馆），单个场馆票可进入景区后至城隍殿或绍兴师爷博物馆购买。	??【乌篷船】平日价65元/船，节假日80元/船，可坐三人。单程，约20分钟。乘坐乌篷船穿梭在古镇的水道中，感受两岸热闹的节日氛围。	??【拍照打卡】老街悠长，古桥静卧，水道蜿蜒，游船轻摇。戏台上演着社戏，腊味飘香四溢。漫步其中，用镜头记录这江南水乡的浓郁年味。	??【美食推荐】安昌的腊味，是过年的味道。腊肠10元/串，炸臭豆腐10元/碗，孝店王酒酿馒头2元/个……都是当地特色，价格不贵，值得一尝。快来安昌古镇，体验最地道的江南水乡年味吧！??	"
"“青砖灰瓦，市井弄堂，小桥流水，烟笼人家，画船听雨，行尽江南，这是绍兴。”	??定位：绍兴安昌古镇??：1??路途遥远记得开车前往2??记得提前在安昌古镇公众号预约，搜索“古镇安昌”预约，预约码在照片最后一张（p9）3??进古镇不用钱，但有些展馆需要钱，可以买联票50元，公众号可以买。4??乌篷船价格为80元，单趟，限坐三人。	??：索尼A7M3建议用长焦压缩空间，有时间可以等五点亮灯，蓝调拍摄效果更佳！	"
"周末两天时间不知道去哪儿玩？不允许还有人不知道江浙沪这15个免费景点，必须收藏起来！各个都是小众宝藏地，趁还没大火赶紧冲！??――??浙江篇? 南浔古镇・湖州古镇遗珠?，免门票就能漫步明清建筑。石板路、悠悠河，岁月静好不过如此！??小贴士：古镇里藏着很多美食，别错过哦！	? 莫干山庾村・湖州文艺青年的天堂??！复古建筑+文艺小店，随手一拍都是大片。?建议：找个咖啡店晒太阳发呆，惬意！	? 南湖景区・嘉兴历史与美景并存??，红船停靠地，带娃感受红色文化，还能赏湖光山色。	? 鲁迅故里・绍兴绍兴的文化名片??，百草园、三味书屋都在这儿。??文学爱好者必打卡，仿佛穿越到鲁迅笔下的世界！	? 安昌古镇・绍兴酱文化古镇??，老街酱坊古色古香。??冬天来，腊肠挂满街头，烟火气满满！	? 九溪十八涧・杭州天然氧吧??，溪水潺潺、绿树成荫。??周末散步、野餐，身心放松，解压！――??江苏篇? 东坡阁・宜兴宜兴文化地标??，清幽环境，感受苏东坡遗迹。登山赏景，文人墨客的雅致，等你来体验！	? 玄武湖・南京南京城市绿洲??，划船、散步，眺望紫金山。??悠闲周末，就在这里度过吧！	? 夫子庙・南京南京标志性景点，古建筑与美食齐聚??。秦淮河畔，一碗鸭血粉丝汤，古都韵味全在这儿！	? 黎里古镇・苏州小众宝藏古镇，游客少，保留原始江南水乡风貌。??拍照超美，宁静又美好！	? 大觉寺・宜兴禅意十足的地方??，清幽环境，寺庙与山水相融。来这儿，让心灵瞬间平静。――??上海篇? 徐家汇书院上海文化新地标，超多书籍??，绝美建筑。??找个角落沉浸书海，超幸福！	? 马勒别墅欧式建筑代表，风格独特，拍照超好看??。一秒穿越欧洲，出片率超高！	? 泰晤士小镇英伦风情小镇，欧式建筑+小桥流水。?一杯咖啡，享受惬意时光，仿佛置身欧洲！	? 广富林遗址公园历史文化公园，自然风光与古遗址结合。??感受历史厚重，探索古迹奥秘。――??宝子们，江浙沪的免费宝藏景点真的太多啦，这15个只是冰山一角！快找个周末出发，去探索这些宝藏景点吧！??评论区告诉我，你pick哪一个景点?"
"??绍兴木心先生言“有骨的江南当看绍兴”大多数人爱绍兴最爱的便是那股天然的生活姿态从生着青苔的粉墙黛瓦到水面上晃晃悠悠的乌篷船被时光浸润的绍兴是江南最好的模样总要下一趟江南总要去一次绍兴??景点推荐	??安昌古镇两岸人家安且昌，乌篷俨在画中航腊肠鱼鲞梅干熟，黄酒白糖蚕豆香建筑传承了典型的江南水乡风格千百年来，任时间如白云苍狗它依旧坚守着如初见时的形态	??书圣故里这里是绍兴风貌保存最完整的区域白墙黛瓦、河灯乌篷这里有原汁原味的家常有浸润在时光里的恬淡有小桥流水冬日暖阳般的柔情	??鲁迅故里绍兴遗留了很多鲁迅当年生活的气息从百草园到三味书屋一草一木，一砖一瓦都在叙述着鲁迅的童年和少年故事	??八字桥历史街区绍兴最能代表江南水乡风貌的目的地之一当属八字桥历史街区距今已有1200多年历史的八字桥有着「中国最古老立交桥」的美名	??仓桥直街典型的青石板、湿苔藓、乌篷船一派“人家尽枕河”的水乡风光	来绍兴这座千年古城看一看感受一下江南水乡的慢生活仿佛感受到了时光在这里缓缓流淌	"
在繁华都市和静谧的山野之间，更爱古城的典雅--《活着的古城》[红书R]绍兴，一座在湖光山色中，藏着诗和远方的古城。[红薯R]Day1：绍兴市区内建议一天半的时间可以将以下精华景点进行逛完，仅限于逛，如果想深度游，可以自行筛选，下面将精华景点根据距离分布分为三组：[向右R]Tour1：鲁迅故居（推）―沈园（推）―徐渭美术馆--仓桥直街（推）[向右R]Tour2：书圣故里（推）―孑民图书馆―八字桥（推）[向右R]Tour3：阳明故里―西小路街区（推）―府山公园大家可以根据时间进行主次划分；[红薯R]Day2：[向右R]东湖景区：一定要体验一下乌篷船，市区内的乌篷船可能因为河道有点窄，体验感个人感觉没有苏州的好，因此可以来东湖景区体验一下，乘着船穿梭在石壁之间，很是特别的体验；[向右R]兰亭景区：因为王羲之的兰亭集序我个人很喜欢，所以每年都会来兰亭景区，[樱花R]整个景区不小，可能要游玩半天，以观赏为主，有曲水流觞遗址以及书法碑林。最重要的是兰亭有灵性的大白鹅[太阳R]真的是太值得每年去看看它们了！因为以上两个景区都不在市区内，因此大家可以选择一天进行专门的游玩，这样不会很累；[红薯R]Day3：安昌古镇：冬天去！建议一定要冬天去！感受一下鲁迅笔下的“年”味儿，这个古镇还没有被完全商业化，出摊开店的大部分还是本地居民，香肠、腊货串起来能绕地球两圈，一点也不夸张，绍兴无论是市区内还是古镇里，大家的腊货都摆放的整整齐齐，可能是商量好的，强迫症极其友好。[清单R]其实个人感觉探索一个城市，稍微看一下攻略就好，最有趣[气球R]的还是在探索的过程当中能够碰到一些有趣的人或者事情。比如，绍兴的黄酒咖啡是真的不太好喝，but，误打误撞进去一家黄酒奶茶真的超级棒，好像在仓桥直街，叫[红薯R]一间陈年，跟老板还聊了会天，连续两天都去喝他们家的黄酒奶茶，超级棒！再比如，你会在绍兴的街上碰到挑着担子卖兰花的阿婆，他们真的在卖兰花，而且本地人真的会买哦，真的浪漫到骨子里。[满月R]再或者，你可以碰到在阳光下，古道边看书的叔叔。我还发现，绍兴人很是不喜欢打印机，他们能手写的门牌或者门匾，绝对不打印，在老街走，墙上随便一看都是书法，这真的是一个古城还在活着的最生动的佐证。
"上海 & 绍兴 五天四晚（三）―――――――――- 5天4晚行程安排 - ―――――――――DAY1??    大连-- 上海DAY2??    上海DAY3??    上海--绍兴DAY4??    绍兴DAY5??    绍兴--上海--大连――――――――― -  具体行程安排  - ―――――――――DAY 4??出发地：绍兴（仓桥直街）出发时间：8:00出行交通：自驾??目的地：东湖/ 昂桑湖/安昌古镇酒店：花筑-绍兴五十七号院民宿	DAY 5??出发地：绍兴仓桥直街出发时间：15:00出行交通：自驾目的地：上海浦东机场到达时间17:00	游玩景点：DAY4?? 1. 东湖风景区2. 昂桑湖3. 安昌古镇DAY5?? 1. 兰亭景区	打卡景点：1?? 东湖风景区门票：50  游船40（四个人一艘船）开放时间：提前咨询游玩时间：1.5小时“壁立千尺，路隘难通。大舟人洞，坐井观空。勿谓湖小，天在其中。”绍兴东湖位于绍兴古城东南6公里处，以峭壁、岩洞、石桥、湖面奇景而闻名，是浙江省三大名湖之一。东湖虽然规模不大，但因其奇石、奇洞所构成的奇景使其成为旅游胜地。湖内有陶公洞、仙桃洞等景点，碧潭岩影，空谷传声，景色奇绝，号称“天下第一水石盆景”。东湖还富有历史意义，陶成章、鲁迅等文化名人都曾到过东湖。	2??  昂桑湖门票：免费开放时间：全天游玩时间：1h绍兴・犭央犭茶湖上古纤道错过了柯桥区古纤道，就来越城区的犭央犭茶湖。奇奇怪怪的名字，这两个字念作ang sang，也有替代表达「昂桑」湖，源于绍兴的方言发音，是一种大伙儿熟知的鱼类――黄辣丁。这个湖是绍兴最大的淡水湖，因盛产犭央犭茶鱼而得名，是沟通南北两岸交通和船只躲避风浪的通道――犭央犭茶湖避塘。	3?? 安昌古镇门票：1免费开放时间：全天游玩时间：2小时漫步在古镇的石板路上，河道两旁的建筑古朴典雅，人头攒动，烟火气十足。与那些充满商业气息的古镇不同，安昌古镇更多地保留了原生态的韵味。	DAY 5??1?? 兰亭景区门票：70开发时间：8:00-17:00游玩时间：2小时兰亭景区是一个充满文化底蕴和自然美景的地方，无论是书法爱好者还是普通游客，都能在这里找到属于自己的乐趣。"
去了绍兴走了走去了一下安昌古镇，也算风格明显，还不
"2日安排（6月15日―6月16日）:上海?盐帮十八渡?度假庄园?安昌古镇???上海??盐帮十八渡由来:在绍兴新昌，有一条充满故事的古道，当年私盐贩子为躲避官府追查，在冷山僻壤踩出的便道，称盐帮古道，一路上沿溪江而行，大大小小的溪流纵横交错，有渡口十八个，所以这里还有一个名称叫盐帮十八飞渡。全程5N:里家溪村?赤岩村	第1??天:我们从里家溪村出发，开始穿越十八个渡口，全程平坦石板路，没有爬升，沿着溪流来回穿越十八个渡口，每个渡口都有一个好听的名字，或浅滩，或汀步，或石桥，菩提渡、桃花渡、飞石渡等等（P4-P7），人在渡上走，水在脚下流，清澈的溪流与两岸苍翠的山林相映衬，仿佛一幅江南水墨画卷。在17渡有家小卖部和餐饮住宿(P 9），还能看到鹅鹅们在溪上惬意的洗澡。??酒店:走完十八个渡口，抵达赤岩村，大巴车会在这里等我们，带我们回酒店，吃晚餐，看电影(P11)，我们包下了酒店VIP影院，带上狗狗一起观看精彩的电影。第2??天睡到自然醒，享用早餐，带着狗狗在庄园里漫步，呼吸新鲜空气，享受富氧的味道。乘车前往「安昌古镇」（P12）在这里寻找古镇各种特色美食，摄影师在古镇拍美美的照片，有兴趣的可以换上汉服乘坐乌篷船游览拍照。返程，回上海喽！"
?? 江浙沪清明小长假｜这5个绝美古镇，人少景美超好拍！??清明假期不想人挤人？江浙沪宝藏古镇清单来啦！青石板路、小桥流水、糯叽叽美食…一键解锁江南春日限定浪漫～?? 推荐古镇TOP51?? 绍兴・安昌古镇?? 特色：原生态水乡，几乎没有商业化！腊肠、酱鸭挂满廊棚，烟火气十足。?? 打卡点：仁昌酱园（《舌尖上的中国》取景地）、乌篷船摇曳水巷。?? 必吃：安昌印糕、酒酿馒头、扯白糖。2?? 湖州・南浔古镇?? 特色：中西合璧的豪门古宅，人少清静，夜游超有氛围！?? 打卡点：百间楼、张石铭旧宅（玻璃雕花绝美）、小莲庄。?? 必吃：双浇面（爆鱼+酥肉）、浔蹄、定胜糕。3?? 嘉兴・西塘古镇?? 特色：清明正逢“汉服文化周”，穿汉服免门票！夜景酒吧街超热闹～?? 打卡点：烟雨长廊、送子来凤桥、樱花庭院（春季限定）。?? 必吃：管老太臭豆腐、芡实糕、油墩子。4?? 苏州・黎里古镇?? 特色：冷门到哭！吴江小众古镇，保留明清原貌，适合发呆放空。?? 打卡点：柳亚子故居、廊棚下喝阿婆茶。?? 必吃：油墩子、辣鸡脚、套肠。5?? 宁波・前童古镇?? 特色：“活着的古镇”，村民依旧浣衣做饭，八卦水系超独特！?? 打卡点：鹿山俯瞰全景、童氏宗祠、手工豆腐坊。?? 必吃：前童三宝（老豆腐、空心腐、香干）。?? 旅行小贴士?? 建议早起（8点前）或傍晚游玩，避开人流高峰。?? 部分古镇需门票，提前某团/高德购票更便宜。?? 穿搭推荐：新中式、汉服、浅色系连衣裙，搭配油纸伞更出片！这个清明，一起躲进江南古镇的温柔里吧～ ??**?? 评论区提问秒回，关注我解锁更多小众玩法！**
"对！就是节假日人爆满的安昌古镇??… 但后段蕞淳朴的小街巷???商业化段【没??人??拍】因后半段相对集中“景点”没那么多，须自己发掘体会。但于我而言却更少商业化和故意营造，反而还原了古镇本身不加修饰的面貌。	??位置：浙江省绍兴市柯桥区安昌古镇	??交通：带小宝宝建议绍兴市内自驾约半小时??程；若不想考虑节假日停车，打车即可	???停车：免费；节假日建议反向西街停车场进入，避开正门人流高峰???取景点（参考机位）：后街段机位请参考图和图，错开人群在蕞原貌的古镇还是能安静出片的。（前面人头窜动也能抓拍部分近身???	??美食：古镇沿街小吃都挺不错，可以边吃边买边逛；值得一提的是孝店王酒酿馒头，虽然排队真的很长很长…但到手胡乱买了一通都是很好吃的、很有自己的特色	特色：酱油（上过舌尖拍摄的仁昌园酱油）可以??参观他们的工坊	??注??：里面收费景点门票收费都不便宜且人巨多，感觉略有做作，非深度游可以只挑选部分特别感兴趣的入即可。	"
"每年都会来古镇走走，感受一下这深深的烟火气息~	"
在绍兴南部山区有一处世外桃源一王坛镇。这里是一个充满自然美景和文化底蕴的地方，地处小舜江源头保护区域，被誉为"清水摇篮养生福地"。.王坛的美，可以用山水画卷来形容～这里的水资源丰富，是生态之魂，也是王坛"美"出圈的法宝。.王坛镇以其独特的自然风光和深厚的舜文化著称。.
"元旦放假一天从杭州开车1小时来这玩满街都是腊肠、酱鸭年味氛围浓厚到没话说不愧是被国家地理推荐 上过央视的尤其坐乌篷船逛古镇能把两岸人家的烟火气尽收眼底在岸上看着乌篷船穿梭在河里的风景也别有一番风味	??定位：绍兴安昌古镇??导航：安昌古镇停车场??门票：免费，里面的几个展馆需要另买门票	"
【江浙沪古镇团建】【古镇定向】-吃吃喝喝的团建已经OUT了！??来点不一样的，体验真人NPC互动+综艺同款寻宝！江浙沪古镇?全员穿越到古代江湖，沉浸式团建体验hr姐妹们快快收藏～――――??苏州【同里古镇】：我本无意入江南，奈何江南入我心??苏州【周庄古镇】：被《国家地理》评为江南第yi水乡有多绝～??苏州【木渎古镇】：皇上下江南必打卡！融合江南园林的柔美与北方园林的豪迈??嘉兴【乌镇古镇】：垂满蓝染布的染坊，随风而动的染布拍照??嘉兴【濮院古镇】：有唐宋风貌的、西式教堂的，还有民国风的剧院??嘉兴【西塘古镇】：以其保存完好的明清建筑、烟雨长廊和宁静的水乡风情闻名??湖州【南浔古镇】：白墙黑瓦，碧水潺潺，十足的烟火气??上海【朱家角古镇】：青浦小威尼斯，青浦古镇团建好去处??绍兴【安昌古镇】：这里的乌篷船和静谧的水乡景致，简直是心灵的最佳慰籍――――??【团建方案流程】09：00 | 出发目的地10：00 | 破冰分组+规则讲解11：00 | 古风换装+小镇游览12：00 | 特色午餐13：00 | 古镇美食打卡16：00 | 多线任务+趣味挑战17：00 | 活动复盘＋颁奖合影??17：30 | 返程――――??更多
绍兴安昌古镇|藏在江南的烟火诗篇如果说江南是一首诗，那安昌古镇便是诗中最动人的篇章。这里，是岁月沉淀的温柔乡，是人间烟火的真实写照。
江南水乡――安昌古镇
"江浙沪9??城路线攻略合集来喽～车费??126南京??扬州??镇江??常州??苏州??上海??嘉兴??杭州??绍兴	??南京：古鸡鸣寺?夫子庙?鼓楼公园?玄武湖?紫金山天文台?江宁织造博物馆?南京博物馆?长江大桥?南京眼?侵华日军南京大屠杀遇难同胞纪念馆?云锦博物馆??扬州：大明寺?瘦西湖?观音山?扬州八怪纪念馆?文昌阁?扬州双博?大运河博物馆?荷花池?江主席故居?朱自清故居?何园?皮市街?彩衣街??镇江：西津渡?金山?金山文化博览园?天下第一泉?北固山?镇江博物馆?焦山?茅山?醋文化博物馆??常州：新龙生态林?迪诺水镇?中华恐龙园?常州博物馆?紫荆公园?青果巷?半山书局?明城墙?瞿秋白纪念馆?运河五号 三堡街?环球港龙眼摩天轮?宝塔禅寺?常州古运河??苏州：拙政园?狮子林?寒山寺?苏州博物馆?平江路?耦园?金鸡湖?东方之门?双塔市集?七里山塘?沙溪古镇?盘门景区?周庄??上海：豫园?徐家汇天主教堂?朱家角古镇?外滩?东方明珠?上海博物馆?迪士尼乐园?南京路步行街?新天地?陆家嘴?思南公馆?城隍庙?M50创意园??嘉兴：乌镇?月河老街?梅湾街?西塘古镇?南浔古镇?嘉兴南湖?乌村?子城遗址公园?南湖革命纪念馆?嘉兴博物馆??杭州：西湖?灵隐寺?法喜寺?京杭大运河博物馆?浙江美术馆?中国丝绸博物馆?江南水乡博物馆?中国茶叶博物馆?跨湖桥遗址博物馆?桥西四街四大博物馆?拱宸桥?湖滨银泰?净慈寺?杭州植物园?象山艺术公社?河坊街?南宋御街?五柳巷?城隍阁??绍兴：鲁迅故里?和桥古镇?黄酒博物馆?绍兴越国文化博物馆?沈园?周恩来纪念馆?蔡元培故居?绍兴博物馆?仓桥直街?徐渭艺术馆?青藤书屋?秋瑾故居?香炉峰?八字桥?书圣故里?安昌古镇?兰亭景区	??景点很多，任君挑选"
"市井中，繁华处，最人间。今年，Bryan走过了许多街巷，感受到了不同地域的风土人情，万人空巷的盛会、车水马龙的集市、大山深处的古村…每处都令人万分难忘。也许生活就是这样，一半人间烟火，一半诗和远方??	Bryan精选了18个宝藏地点，在这里分享给你??	照片说明??图1.??泉州・通淮关岳庙正月初五迎财神，寺庙香火不断图2.??泉州・西街开元寺海上丝路起点，红砖古厝的世遗之城图3.??黄山・汪满田鱼灯元宵民俗文化，令人热泪盈眶的盛会图4.??福州・长乐游神闽东地区民俗活动，热闹非凡图5.??西安・古城中轴线长安车水马龙，跨越千年的历史回响	图6.??武汉・粮道街得胜桥黄鹤楼经典打卡机位，宝藏小巷图7??嘉兴・西塘古镇红尘客栈风似刀，骤雨落宿命敲图8.??绍兴・安昌古镇师爷故里，跨越千年的人间烟火气图9.??甘孜・色达五明佛学院天上佛国，万家灯火化作渺渺星河图10.??阳朔・兴坪古镇渔舟唱晚，桂林山水的巅峰时刻	图11.??黔东南・肇兴侗寨大山深处的避世侗寨，原生态古村图12.??威海・海源公园合庆码头海边的海鲜市场，海岸上的烟火气图13.??婺源・李坑诗中小桥流水人家的具象化图14.??婺源・篁岭江南西道，田园丰收的烟火气图15.??重庆・朝东路来福士古今同辉，赛博朋克式的街道	图16.??长沙・文运街街头感十足的市井小巷图17.??厦门・八市霓虹绚烂，海滨城市的老街图18.??苏州山塘街夜未央，江南水乡的烟火人间	"
标题党了，绍兴安昌古镇，年味越来越近了。春节的气息悄悄来临。绍兴安昌古镇。?
它就是――「酱油」-天气渐冷?又到了绍兴人开始做酱货的时候！尤其是走在安昌古镇????到处都飘满了酱香味~而这些美味??就来源于仁昌酱园里独特的制作技艺！-??仁昌酱园始建于清朝光绪18年距今已经有一百多年的历史如今被列为浙江省非遗传承基地??-酱园里排列着上百支硕大的酱缸可以零距离参观晒酱、制酱过程运气好的话还能见到工人开盖搅拌??-参观完酱园还可以逛逛古镇老街、品尝酱货感受安昌特有的水乡风情?-?仁昌酱园???地址：环镇南路安昌镇7号（安昌古镇内）??开放时间：07:30-17:30??门票：免费-?安昌古镇???地址：绍兴市柯桥区安华北路安昌古镇??开放时间：全天??门票：古镇大门票免费，古镇内景点联票40r/人??出行：绍兴地铁1号线中国轻纺城站，直接打车15分钟抵达或乘坐公交816/805路-
"DAY1??：??上海虹桥―绍兴北站―安昌古镇―去酒店放行李―??咸亨酒店―鲁迅故里―沈园―??寻味绍兴―仓桥直街?安昌古镇：绍兴北站可以直接打车去安昌古镇，6公里左右，早晨去人不多，可以逛一逛酱园买一些腊肉（司机说他们当地人也会去那里买）?咸亨酒店：最推荐蚕豆！！?鲁迅故里：需要提前公众号去预约，建议有条件的可以请一个解说，人很多，走马观花看的话没啥感觉。?沈园：陆游与唐婉邂逅的地方，走过去很近，园子里有很多诗词碑刻，适合拍照。?寻味绍兴：吃饭很多人排队，建议提前拍下取号二维码，线上取号。?仓桥直街：晚上有很多的小吃，可以散步逛一逛，看看小桥流水，吃吃黄酒棒冰。	DAY2??周恩来祖居―书圣故里―阳明故里―蔡元培故居―黄酒博物馆―兰亭景区??黄酒博物馆：感觉没什么必要看，看了看黄酒的制作以及精美的黄酒瓶子，可能因为不感兴趣所以就走马观花，对酒文化感兴趣的可以去！?兰亭景区：王羲之在此写下兰亭集序，可以感受他笔下的“曲水流觞”，人不多，吹吹风划划船，怡然自得。	DAY3??东湖―回上海东湖：早晨9点去东湖坐了乌篷船，崖壁、石桥、岩洞与湖面组合成一副和谐的画面。	总的来说绍兴是一个充满文化底蕴且适合悠闲居住地方，数不完的小桥流水，青砖黛瓦，漫步其中，感受江南的诗情画意和人间烟火气。"
"安昌古镇，你太低调了！人少景美、烟火气十足，关键还免费！浙江旅行，一定不要错过位于绍兴市的安昌古镇。这座建于北宋时期，具有千年历史的古镇依河而建，北岸为商市，南岸是民居，水上众多石桥连接两岸，有着典型的江南水乡风光和地道的烟火气。	??具体地址：浙江省绍兴市柯桥区安华北路与环镇南路交叉口西北角	??门票：免费	??景美打卡点：1??三里街市： 沿着河边漫步，感受质朴生活气息，欣赏古街、石桥、流水构成的水乡画卷.2??腊肠晾晒区：冬季前往，可看到河岸边竹架子上挂满腊肠，构成独特风景，还能品尝购买地道安昌腊肠.3??仁昌酱园：作为景点免费开放，可参观酱油酿造过程，了解传统酱文化，感受空气中弥漫的酱香.4??古戏台：古镇入口不远有古戏台，可免费观看节目，感受当地文化特色.	??美食推荐：安昌糕点、扯白糖、腊肠、黄酒棒冰、梅干菜烧肉、笋干、酒酿馒头等。	安昌古镇，一处宛如遗世明珠的江南水乡。漫步其间，千年古桥横卧河上，腊肠在街边晾晒成独特风景，三里街市尽显古朴韵味，仁昌酱园飘出岁月的酱香，每一处角落都美得让人心醉。不论你是逃离城市周末游，还是高铁游，亦或是路过，总之，有机会别错过！	??魔都深度挖掘蛉国旅行宝藏蚋髦止ヂ苑窒??多平台签约作者，欢迎关注?	"
4.5跟朋友绍兴一日游记录??
"??上海出发自驾2.5小时，带狗子来打卡绍兴??[星R]带着父母和狗，所以这次选了整套的民宿，3??天的行程安排放在图[二R]-图[四R]了[看R]	??Day.1（图[二R]）：我们是上午11点左右到的，直接先去了羊山古城再入住酒店，休息片刻去的昂桑湖??瓜渚湖??安昌古镇（如果时间来不及，可以两个湖选一个或是直接去安昌古镇）	??Day.2（图[三R]）：上午「柯岩风景区」，下午「书圣故里??鲁迅故里??仓桥直街」。??柯岩景区全程宠物友好，客船也能直接带上船不需要额外收费[满月R]??书圣故里和鲁迅故里室内景点宠物不能入内，我们就留一个人在外面看狗轮流去参观??	??Day.3（图[四R]）：府山直街??石井水库??梅坞古道??皂李湖??梅坞古道的时间不够可以不去，个人觉得春夏徒步更合适（主要也担心狗狗体力??）全程景点只有柯岩收费，其他都是??的！绍兴zf！不宣传你糊涂啊[集美R]景美、古韵，绍兴游性价比也太高了??	"
"Hey，小伙伴们！今天带你们走进一个隐藏版的江南水乡――绍兴安昌古镇??。这里没有乌镇、西塘的喧嚣，却有着最地道的江南风情和浓浓的生活气息。	安昌古镇，位于绍兴市柯桥区，是一座有着千年历史的古镇。这里的古桥、古街、古民居，仿佛都在诉说着古老的故事。漫步在青石板铺就的小巷，两旁是保存完好的明清建筑，古色古香，仿佛穿越回了那个年代。	最让人心动的是，这里的居民依然保持着传统的生活方式。你可以看到老奶奶在河边洗衣服，老爷爷在门口晒太阳，生活节奏慢得让人羡慕。而且，这里的特色小吃也是一绝！安昌腊肠、酱鸭、臭豆腐……每一样都让人垂涎三尺??。	如果你厌倦了城市的喧嚣，想要寻找一份宁静，那么安昌古镇绝对是你的不二之选。来这里，放慢脚步，感受江南水乡的独特魅力吧！	↑以上文案由deepseek自主生成，但实际上和我想要撰写的大部分一致。	古镇的停车场很大，比较好停车。天气好的时候去那里逛逛挺好。	沿街售卖的大多是小吃，且价格都很实惠，味道不大踩雷，可以放心购入。	这次没有进入需要收费的景点（展览馆那些），只逛古镇就已经相当舒适了。不过中老年人可能还是会觉得有点商业化浓厚？我个人体感是还好。	?"
江浙沪周边团建|上海周边团建|公司团建.1?? 安吉??必去：云上草原、江南天池、中南百草园??团建活动：竹海徒步+野餐，感受大自然的清新～??.2?? 绍兴??必去：鲁迅故里、安昌古镇、东湖??团建活动：古镇漫步+黄酒品鉴，感受江南的慢生活～???♀?.3?? 台州??必去：神仙居、七彩小箬村、天台山??团建活动：山地探险+海岛露营，挑战与放松并存～?????.4?? 溧阳??必去：天目湖、南山竹海、御水温泉??团建活动：竹海骑行+温泉派对，享受慢生活～???♂?.5?? 千岛湖??必去：天屿山、龙川湾、啤酒小镇??团建活动：皮划艇比赛+湖边露营，玩水玩到爽～???.6?? 象山??必去：象山影视城，南田山、中国渔村、黄金沙滩??团建活动：山地探险+海岛露营.7?? 莫干山??必去：裸心堡、剑池、碧坞龙潭??团建活动：竹林瑜伽+山间烧烤，放松身心两不误～???♀?.8?? 桐庐??必去：富春江、瑶琳仙境、大奇山??团建活动：山水摄影+篝火晚会，拍美照、嗨到爆～??.??团建活动―――??关于我们―――?专注公司团建策划?吃喝玩乐住行门票一站式服务?团建活动我们是专业的，好玩不踩雷?全国州团建均可一键安排.私?留下【团建加人数】可得定制团建方案
"哎呀，华南小众宝藏地图居然被你找到了！我是荨野，一个喜欢酷酷事物的女生，跟着我带你寻找不一样的城市路线图鉴???・坐标成都，我在这里找到了神之围楼同款现实版“大鱼海棠”椿的家??就藏在洛带古镇里的博客楼-世界的洛带，永远的客家洛带古镇坐落于成都东郊是中国西部zui大、保存zui完好的客家古镇有着“西部客家第一镇”的美誉！如果你要来成都，那么这个客家土楼一定不要错过！・???游玩路线：洛带古镇?五凤楼?博客楼・??拍照地：??洛带古镇：这里被誉为""西部客家第一镇""，里面有很多小吃，景区很大，可以逛一天，还可以租汉服穿??博客楼：这里可以拍到大鱼海棠的同款土楼，共有四层楼，一楼纪念品店等，二楼客家文化展馆，三楼客家家风馆，四楼西部文献修复中心，暂不对外开放??五凤楼：又名凤仪阁，高约23.8米，共三层，是典型的宫廷式门楼，是洛带古镇的标志性建筑・??门票：免费??地铁：2号线「龙泉驿」站，再坐公交车到「洛带客运中心站」下??自驾：导航「洛带古镇」，有停车场	"
一直都没有好好写一写去年一年在路上的故事手机相册和电脑都被照片和视频塞满，拖拖拉拉断断续续写了一些现在决定打败拖延症！把这一年的旅行日记都写出来！趁我还没忘记以后回头来看也一定很有意思吧去年觉得工作很没有意义，每天都很痛苦，所以就勇敢裸辞啦在江南转了一圈，和朋友一起从杭州出发，去了河西走廊感受西北风光，去拉萨，第一次踏上雪域高原，又南下去了重庆贵阳，后面我一个人又去了云南、北方、又进藏……??所以严格来说，从兰州到贵阳这一段?尼泊尔是和朋友两个人一起的，其他都是一个人的旅行啦.??按照顺序：12-1月-无锡 济南 南浔古镇 绍兴 安昌古镇 扬州2月-亳州 徐州 兰州3月-西宁 张掖 嘉峪关 敦煌 拉萨 林芝 重庆 贵阳4月-昆明 建水 丽江 德钦 梅里雨崩 香格里拉 石屏 大理 通海 绍兴5月-定州 保定 石家庄 正定 沈阳 大连 南京6月-湖州摆摊7月-临海 温岭 新市古镇 绍兴 安昌古镇 天台 新昌 苏州8月-杭州 建德 宁海 萍乡 常熟 安吉10月-上海 登封 南昌 合肥 歙县11-12月-拉萨 尼泊尔・加德满都 EBC 博卡拉1月-拉萨 大理 曲靖 南宁.应该说是60个地方才对，而且有几个是重复去的其实相比于【城市】，我更喜欢去那些没什么游客、不是旅游地的县城和小镇反而有时候更有意思，慢悠悠的自由自在以前不喜欢出门后面突然有一天冒出了一个人出门旅行的想法，就一发不可收拾啦（正如我对徒步的喜爱一样??.出行基本靠火车动车，住宿也多是青旅，当地出行也多是地铁公交和走路但吃上面绝不亏待自己??.希望在年轻漂亮又活力充沛的日子里，尽可能多地感受到各地的大好河山与风土人情永远会为不同地方的特色美食跃跃欲试，永远会为看到不一样的美丽风景感到惊喜幸福2024年虽然为了面包重新成为打工人，但周末还是会出去感受世界的！第一步目标就是填满祖国????地图！！！.
我更爱这些被遗忘的江南古镇.”
?江苏??苏州：拙政园；平江路；周庄；寒山寺；七里山塘??南京：音乐台；南京博物馆；牛首山；秦淮河；鸡鸣寺?浙江??杭州：九溪十八涧；西湖；灵隐寺；法喜寺；小河直街??金华：诸葛八卦村；牛头山；双龙洞；横店影视城；义乌国际商贸城??台州：神仙居；大陈岛；七彩小箬村；国清寺；括苍山??绍兴：鲁迅故里；书圣故里；柯桥古镇；安昌古镇；仓桥直街??舟山：普陀山；东极岛；观音法界??嘉兴：西塘，乌镇，南湖景区，月河历史街区?上海??外滩；南京路步行街；豫园；城隍庙；七宝古镇；广富林遗址
越接近过年就越想去一次充满浓浓年味的地方。这下被我找到了！??安昌古镇，一个年味儿在这里得到了具象化的地方！??一走进古镇，那些年味的气息就开始飘散出来了。哦不，那是腊味！??河两岸都挂着一串串红彤彤的腊肠??，酱鸭鱼干的腊味年货，看起来就很有食欲??。古街两边是一家家传统的老店，卖着各种各样的年货和小吃??。屯了绍兴黄酒??和印糕??准备带回去，听说这是安昌古镇蕞受欢迎的美食??！在街边还吃了扯白糖和酒酿馒头。非常好吃，值得一品??。到了晚上，古镇的红灯笼??都亮了起来。整个古镇都照得红彤彤??的，非常好看！年味十足啊！??提着灯笼和我朋友走在街上，感觉我们也融入到了这浓浓年味里??。如果你还没感受到这股浓浓的年味??，那就赶紧来古镇逛逛吧，会让你不虚此行的！?? 
"Hey小伙伴们～?? 是不是已经在计划新年的第一场旅行啦？??	今天介绍的安昌古镇（绍兴），不仅有历史的沉淀，更有浓浓的年味儿，保证让你的新年旅行与众不同！??	??现在可以说是安昌古镇一年中年味最浓的时间！腊月里，整个古镇被红灯笼高高挂起，家家户户忙着晒酱鸭、挂腊肉，空气中弥漫着食物的香气和幸福的味道。	???? 古镇的市集，是年货的天堂！手工制品、地道小吃，还有那些儿时记忆中的小玩意儿，保证让你满载而归。?? 记得尝尝那刚出炉的糯米糕，软糯香甜，一口下去，年味儿直抵心间！??	安昌的水上婚礼别具水乡风情，所以这里的乌篷船也都保留了婚礼的装饰，红红火火的更有喜庆氛围???♀乘坐一艘乌篷船，悠悠穿梭于古镇的水道间，两岸是热闹的市井生活，穿行至中段，河道变得狭窄，更有水上市场的热闹感了。这份宁静与喧嚣交织的美，只有在安昌才能体会得到。??注意，一船限坐3人哦。	黄酒奶茶、黄酒咖啡、黄酒棒冰、绍兴农家菜！一定要饱腹一顿再离开。安昌古镇绝对值得你踏上这场寻味之旅！??	景区交通：??飞机：萧山机场乘坐专线大巴到绍兴柯桥，然后在柯桥换乘805/816路等，或者直接打车前往古镇?（30km）??高铁：绍兴北站乘坐818路公交车至“华舍小学”站，再转乘816路至“安华路环镇南路口”站下车，或者直接打车前往古镇?（6km）??自驾：直接导航至安昌古镇1号停车场，半小时内免费停车，10元可停4小时，每日最高收费40元?	?? "
5月12日上海出发??（新手友好体验攀岩体验线，安昌古镇吃吃喝喝）?第一集合点：12日 7点30分?东方体育中心（6、8、11号线）6号口外?第二集合点：12日 7点50分 南方商城中庚漫游城门口飞拉达是意大利文（Via Ferrata，意为岩壁探险或铁道式攀登）的音译，指的是在山面上建设，由铁扶手横梯、固定缆索、岩石塞、踏脚垫等构成的爬山径道，让爬山者不会攀岩也能攀上陡峭的岩壁???♀。绍兴首条飞拉达建在刻石山峭壁，两条线路长度为430-670m，用时2-3小时。这里保留了野外攀岩的惊险刺激，在安全有充分保障的前提下，让普通人也能驰骋悬崖，获得极大的精神享受安昌古镇是绍兴四大镇之一，目前没有很商业化。小镇依河而建，白墙黑瓦，有各式古老的店铺，腊味、熏鱼、酱油、黄酒是这里的特色。还有松软的酒酿馒头、糯叽叽的安昌印糕都值得一尝。Day1 5月12日?周日上海出发??浙江绍兴?11:30左右先到张成鸡煲整顿好的，大家懂的哦~~~，直接发本地人有名的餐厅大吃一顿（美食永远是治愈的良药！）午饭后集合上车出发，前往刻石山景区。?12:30左右 到达刻石山景区，我们简单修整，进入景区，经历一段山路来到飞拉达基地，换好装备，认真聆听教练的指导教学，之后便可踏上征服岩壁的旅途了。刻石山飞拉达分为AB两线，两条线路长度为430-670m，需要2-3小时左右完成，中途会有安全点可以下撤。这次我们的路线是A线（有攀岩基础也可以选B线），飞拉达结束后，也可以在山间咖啡厅稍适休息。飞拉达体验结束，上车直发安昌古镇，看看落日的安昌古镇，解决晚饭后上车返程。?20:30――21:00左右返回集合点。开开心心结束整个行程。??费用：?180元/人（包含来回车费和宾馆住宿保险等）不包含飞拉达门票?每周都有户外活动分享，关系加入?上海喜欢徒步的可以关注?主动和我打招呼
相机：奥林巴斯om1胶卷：52071月中旬去的，天气特别好的一天
"安昌古镇是浙江省第一批公布的历史文化名镇。始建于北宋时期，后因战乱，多次焚毁，又于明清时期重建，其建筑风格传承了典型的江南水乡特色，一衣带水，古朴典雅，其特产安昌腊肠、扯白糖远近闻名，具有水乡风情的水上婚礼也是别具特色，是绍兴师爷的故乡。古镇拥有杭甬运河、古桥、古纤道等历史遗存景观，素有“碧水贯街千万居，彩虹跨河十七桥”之美誉。	不过现在的江南古镇吧，都差不多，没啥特别可逛的。路过的话可以进去沿着河边走走。"
"[一R]绍兴绍兴，这座被称作“江南水乡”的城市，凭借其古色古香的江南景致和深厚的文化底蕴而备受瞩目。踏入 ◎沈园的幽静小径，仿佛能听到古人的轻声吟诵，让人沉浸于江南水乡的温柔与细腻之中。推荐打卡地:鲁迅故居、东湖、◎安昌古镇。	[二R]漳州漳州是一座充满热带风情的城市，以迷人的海滩和丰富的水果闻名遐迩。在这里，你可以在金色沙滩上漫步，尽情享受那份宁静与自由。推荐打卡地:漳州古城，这里以“老街情怀、悠闲生活、闽南韵味、台侨情缘”为特色，融合了历史建筑、传统文化和地道美食小吃，是体验慢生活的绝佳去处。[三R]大理大理以其宁静而浪漫的氛围吸引着无数游客。秋季的大理，洱海在阳光下波光粼粼，湖边的格桑花竞相绽放。骑上单车环游洱海，感受清风拂面，仿佛被大自然温柔拥抱。推荐打卡地:洱海、喜洲古镇。	[四R]扬州扬州因秋季的绝美风光而声名远扬。瘦西湖畔，枫叶渐红，银杏金黄。漫步苏堤，微风轻拂，让人心境平和。◎大明寺的钟声悠扬，仿佛能拂去心灵的尘埃。推荐打卡地:瘦西湖、◎个园何园。"
小桥流水乌篷船，熏鸭腊肉晒鱼干。今天给宝子们整理了一下浙江闭环旅行攻略。宝子们喜欢就赶紧点赞收藏加关注啊免得用的时候找不到了！！！大环线：上海→嘉兴→杭州→绍兴→宁波→舟山→宁波→台州→温州→丽水→金华→杭州→上海城市路线及推荐景点：上海：豫园（上海老城隍庙）→外滩→和平饭店→南京路步行街→黄河路→武康路→陆家嘴→外滩夜景→酒店嘉兴：乌镇、西塘古镇杭州： 西湖→断桥残雪→曲院风荷→苏提春晓→雷锋塔。景点推荐：西湖、三潭印月、雷峰塔、灵隐寺、宋城、千岛湖绍兴：会稽山（王羲之的兰亭序）、鲁迅故里、周恩来故居、安昌古镇、崇仁古镇、沈园、东湖、西施故居宁波：天一阁、南塘老街、月湖公园舟山：东极岛、普陀山、普济禅寺台州：天台山风景区、国清寺、神仙居温州：雁荡山、南鹿岛、义乌小商品市场、丽水：云和梯田、岩宕书屋、古堰画乡、应星楼金华：横店影视城、大红岩风景区小提示：舟山如果觉得远可以忽略掉，横店影视城和义乌小商品市场还是值得去体验一下的，雁荡山可以根据跟人体力选择
杭州团建｜上海团建｜江浙沪团建春季江浙沪团建??究竟旅游该去哪里游玩呢?如果还没确定??那么赶紧收藏码住歌者熬夜整理的江浙沪游玩攻略??很适合春天公司团建/亲子遛娃/朋友旅游露营漂流、民宿轰趴、避暑度假 江浙沪团建速??～ ～~?无锡：尚田?小镇、拈花湾??、龙寺生态园、常州龙凤谷??・?上海：瀛东度假村、淀山湖?、车墩影视城、海湾国家森林公园・?崇明岛：东平国家森林公园、瀛东度假村、海上??花岛度假村、明珠湖公园.?湖州：莫干山、云上?草原、天际森谷、十八道湾漂流.?嘉兴：乌镇、梅花??洲、南湖景区、云澜湾温泉?景区・?杭州：田美树心、三清园、灵山户外乐园、风??之谷・?绍兴：安昌古镇、五泄风景区、平水??相逢生态园、月龙湾营地・?舟山：朱家尖、普陀山、嵊泗岛、东极岛・?宁波：东钱湖、达人谷、大应营地、浙东大竹海??・?台州：神仙??居景区、温岭石塘半岛度假区、天台山大瀑布、漩门湾湿地公园・?丽水：仙都风景区、云和梯田、古堰和??画乡、南尖岩风景区、松阳老街.?温州：雁??荡山、百丈T、洞头东岙沙滩、三湿地`?宜兴：宜兴竹海、龙背??山森林公园、善卷洞、紫砂村.想了解更多苏州团建好去处??关于歌者定期分享江浙沪周边团建方案留下“人数?日期”??获得定制团建方案?休闲旅行团建?特色主题团建吃住行一站式游玩，舒适无忧??15人起接
"绍兴首先所有景点都记得在小程序预约(阿Q旅行+)记得要人脸录像，但是部分场馆阳光直射不好扫码，可以zfb或打开电子版 sfz!D1，鲁迅故里-八字桥1-书圣故里-仓桥直街。D2，安昌古镇-回家	1.必打卡景点推荐-鲁迅故里:走进鲁迅笔下的百草园和三味书屋，感受文学巨匠的童年记忆。免费开放，记得提前预约哦。-仓桥直街:仓桥直街是绍兴最具代表性的历史文化街区之一，被誉为“中国遗产活生生的展示地”。这里不仅有青石板路、小桥流水、乌篷船，还有保存完好的清末民初建筑，充满了江南水乡的诗情画意。无论是白天漫步，还是夜晚亮灯后，仓桥直街都能让你感受到最纯粹的绍兴风情。2、推荐做乌篷船地点:八字桥(千万别在鲁迅故里做，河道狭小。关键还是单程。2.美食推荐黄酒棒冰:绍兴特色小吃，黄酒与冰棒的完美结合，口感独特，一定要试试。黄酒奶茶:只喝了沪上阿姨的，还不错!奶油小攀:到底谁推荐!这么难吃!!!!避雷避雷绍兴臭豆腐:给个中肯评价，不难吃!但是有人没有很推荐。那这评价个给跟望江楼包子差不多，反正没浪费。生活。3.实用信息- 开放时间：全年开放，部分展馆开放时间为8:00-16:30。- 门票：安昌古镇免费开放旅行小贴士-交通:从黄山出发，途径杭州中转地铁或高铁都很方便，绍兴市内建议骑单车或步行，景点集中。-住宿:鲁迅故里附近性价比高，推荐三娅民宿，方便又实惠。- 最佳拍摄时间:清晨或傍晚，光线柔和，适合拍出江南水乡的韵味。快来绍兴。来先生的家看看。"
"安昌古镇，你太低调了！人少景美、烟火气十足，关键还免费！浙江旅行，一定不要错过位于绍兴市的安昌古镇。这座建于北宋时期，具有千年历史的古镇依河而建，北岸为商市，南岸是民居，水上众多石桥连接两岸，有着典型的江南水乡风光和地道的烟火气。	??具体地址：浙江省绍兴市柯桥区安华北路与环镇南路交叉口西北角	??门票：免费	??景美打卡点：1??三里街市： 沿着河边漫步，感受质朴生活气息，欣赏古街、石桥、流水构成的水乡画卷.2??腊肠晾晒区：冬季前往，可看到河岸边竹架子上挂满腊肠，构成独特风景，还能品尝购买地道安昌腊肠.3??仁昌酱园：作为景点免费开放，可参观酱油酿造过程，了解传统酱文化，感受空气中弥漫的酱香.4??古戏台：古镇入口不远有古戏台，可免费观看节目，感受当地文化特色.	??美食推荐：安昌糕点、扯白糖、腊肠、黄酒棒冰、梅干菜烧肉、笋干、酒酿馒头等。	安昌古镇，一处宛如遗世明珠的江南水乡。漫步其间，千年古桥横卧河上，腊肠在街边晾晒成独特风景，三里街市尽显古朴韵味，仁昌酱园飘出岁月的酱香，每一处角落都美得让人心醉。不论你是逃离城市周末游，还是高铁游，亦或是路过，总之，有机会别错过！	??魔都深度挖掘蛉国旅行宝藏蚋髦止ヂ苑窒??多平台签约作者，欢迎关注?	"
比起人挤人的苏州和杭州低调的绍兴才是我心中的真江南随处可见的历史建筑、人文古迹和旅游景点都让我对这座城市深爱不已在绍兴，开始一场充满人文和江南韵味的旅行吧.绍兴游玩推荐：?东湖风景区 (图1)如同水墨画一般的峭壁深渊、碧潭岩影.?昂桑湖古纤道 (图2)蜿蜒曲折的水上古纤道，尽显江南水乡的魅力.?安昌古镇 (图3)充满人间烟火气的免费江南水乡古镇.?西小路历史街区 (图4-6)被遗忘的江南水乡，俯瞰仿佛一幅真实的“江南百景图”.?书圣故里 (图7-9)“书圣”王羲之的故乡，免费开放.?八字桥 (图10)古代版的水上立交桥，历史悠久.?广宁桥直街 (图11)巷道深深，满是老绍兴的生活气息.?仓桥直街 (图12)绍兴特色小吃一条街，前街后河，很具有江南水乡气息.
鲁迅IP形象好可爱哈哈哈，在三味书屋看到了“早”字安昌古镇也去转了一圈比绍兴市人少多啦扬州何园个园还有瘦西湖也好美[哇R]
"谁还没去过鲁迅笔下的江南啊??清明来绍兴才是真・穿越进语文课本乌篷船摇过三千年历史长河黄酒奶茶配臭豆腐的神仙吃法人均400+解锁最地道的东方威尼斯????【课本照进现实の打卡清单】	??鲁迅故里「从百草园到三味书屋」??免费（提前预约）?8:30-17:00??摸鲁迅刻""早""字的课桌+打卡巨型课本墙??必吃：高老太奶油小攀+越香王老汉臭豆腐	??书圣故里「王羲之的墨池秘境」??免费?全天开放??出片王炸点：??题扇桥拍乌篷船与白墙黛瓦同框??老爷爷书店门前的竹椅报纸墙??躲婆弄买把书法团扇当道具	??安昌古镇「腊味飘香的活态博物馆」??免费（小景点联票40）?8:00-17:00??舌尖暴击：??仁昌酱园的酱油冰淇淋??安昌印糕现蒸梅花造型??孝店王酒酿馒头夹梅干菜肉	??沈园「陆游唐琬的钗头凤绝唱」??白天40/夜游80?8:00-17:00（夜游18:30入园）??晚上看实景越剧体验宋韵美学??隐藏彩蛋：葫芦池边找陆游手植古藤	??【独家玩法指南】?八字桥坐乌篷船（比鲁迅故里人少！）?黄酒博物馆DIY酒坛手绘?仓桥直街喝杯黄酒奶茶+黄酒棒冰	??【住宿交通Tips】??推荐住书圣故里临水民宿（推开窗见摇橹船）??景点集中建议骑共享电动车清明的绍兴像打翻青瓷色的调色盘绵绵春雨反而让古镇更有氛围感快收好这篇保姆级攻略做朋友圈第一个发现宝藏的人！"
三四月的江南是一万次的春和景明，春暖花开??，比起其他喧嚣的古镇，我更喜欢这个人少景美安静的濮院古镇，这里有很多唐宋明清时期风格的建筑，也有伞巷、听雨屋这样有江南诗意的打卡地，来这里感受静谧美好的江南水乡-??：浙江嘉兴桐乡市濮院时尚古镇??：高铁到嘉兴、嘉兴南、桐乡站都可以，出站打车约半小时??：自驾导航到濮院时尚古镇景区-??濮院春天赏花打卡地点：海棠花、紫藤：百丈连廊（3月底-4月）樱花：北更楼、福善寺（3月底-4月）蔷薇：鹤西街、蜡烛街（3月底-4月初）木香：瓦舍说书（4月）-【北廊桥】晚上可以拍到倒影“水中月”与月亮??同框，看起来就像“四个月亮”【听雨屋】真的满足了我对江南古镇雨天的幻想，淅淅沥沥的“雨声”很好听！【福善塔】可以登高望远，有电梯，俯拍古镇全貌【北更楼】这里有紫藤花瀑布，晚上的紫藤花更香，拍照很好看?建议游玩路线：游客中心-寺湾街-芳禅园-福善寺-濮府(珍宝馆)-关帝庙-云想衣裳(时尚主题展馆)-《盒子里的猫》限时体验-濮商会馆(濮库)-岳氏三进士第(提线木偶戏)-毛线工坊-楼下街(小吃街)-北更楼-
"安昌古镇的年味令人向往，走进古镇，首先映入眼帘的是那一串串红灯笼，它们高悬在青石板路的两旁，随风轻轻摇曳，像是古老的时光信使，传递着新年的喜悦与期盼。红灯笼的光影洒在斑驳的墙壁上，为这历史悠久的街道增添了几分温馨与祥和。	沿着河岸漫步，只见乌篷船悠悠划过水面，船夫戴着斗笠，哼着小调，那份悠然自得，仿佛是与世隔绝的宁静。河岸边，家家户户忙着晾晒酱鸭、酱肉，那浓郁的酱香与年味交织在一起，让人忍不住驻足，深吸一口这独特的香气，心中便生出一种难以言喻的幸福感。	在安昌古镇，年味不仅仅是一种味道，更是一种情怀，一种传承。它让人们在忙碌与喧嚣的现代生活中，是时间的低语，是岁月的回响，更是每个人心中那份永恒的乡愁与温暖。"
中国最适合一个人散心的12个古镇 孤独累了就去走走
